participant_id,trial_index,pair_id,model_left,model_right,selected_model,response_time_ms,choice_probability_left
SIM_001,1,PAIR_00001,BM-216,BM-221,BM-221,,0.47930386809454184
SIM_001,2,PAIR_00002,BM-239,BM-228,BM-228,,0.4065123944074379
SIM_001,3,PAIR_00003,BF-007,BM-229,BM-229,,0.620007354928767
SIM_001,4,PAIR_00004,BM-212,BM-227,BM-227,,0.055751477219154306
SIM_001,5,PAIR_00005,BM-223,BM-222,BM-222,,0.34079984699266824
SIM_001,6,PAIR_00006,BF-242,BM-237,BF-242,,0.2920487232935015
SIM_001,7,PAIR_00007,BM-213,BM-231,BM-231,,0.3494972203862205
SIM_001,8,PAIR_00008,BM-225,BM-236,BM-236,,0.2986383072115851
SIM_001,9,PAIR_00009,BM-226,BM-215,BM-215,,0.3446500059286485
SIM_001,10,PAIR_00010,BM-218,BM-211,BM-211,,0.48471308048957706
SIM_001,11,PAIR_00011,BM-219,BM-217,BM-219,,0.836284111455051
SIM_001,12,PAIR_00012,BM-214,BM-224,BM-214,,0.7285212378857929
SIM_001,13,PAIR_00013,BF-255,BM-215,BF-255,,0.7439676574531842
SIM_001,14,PAIR_00014,BM-222,BM-236,BM-236,,0.47619298251945674
SIM_001,15,PAIR_00015,BM-224,BF-007,BF-007,,0.2379394939340924
SIM_001,16,PAIR_00016,BM-228,BM-223,BM-223,,0.37345215256477066
SIM_001,17,PAIR_00017,BM-221,BM-231,BM-221,,0.6785159906769078
SIM_001,18,PAIR_00018,BM-212,BF-255,BF-255,,0.06288570486356526
SIM_001,19,PAIR_00019,BM-213,BM-229,BM-229,,0.24650926495140532
SIM_001,20,PAIR_00020,BF-242,BM-214,BM-214,,0.23724843950996033
SIM_001,21,PAIR_00021,BM-218,BM-227,BM-227,,0.5002369183711579
SIM_001,22,PAIR_00022,BM-219,BM-211,BM-219,,0.459396414456364
SIM_001,23,PAIR_00023,BM-216,BM-239,BM-239,,0.6014538878382059
SIM_001,24,PAIR_00024,BM-225,BM-226,BM-226,,0.7904488994507026
SIM_001,25,PAIR_00025,BM-217,BM-237,BM-217,,0.3321416766402924
SIM_001,26,PAIR_00026,BM-228,BF-242,BM-228,,0.7290994168484117
SIM_001,27,PAIR_00027,BM-226,BF-007,BM-226,,0.22035484969150645
SIM_001,28,PAIR_00028,BM-218,BM-216,BM-218,,0.7101677973349876
SIM_001,29,PAIR_00029,BM-237,BM-213,BM-237,,0.7590814226534237
SIM_001,30,PAIR_00030,BM-231,BM-236,BM-236,,0.12971614300494108
SIM_001,31,PAIR_00031,BM-211,BM-225,BM-211,,0.6391816251210418
SIM_001,32,PAIR_00032,BM-224,BM-229,BM-229,,0.3375055782864029
SIM_001,33,PAIR_00033,BM-221,BM-219,BM-219,,0.3292097878666537
SIM_001,34,PAIR_00034,BM-215,BM-214,BM-214,,0.3907685043566045
SIM_001,35,PAIR_00035,BM-239,BM-223,BM-223,,0.2899067120138933
SIM_001,36,PAIR_00036,BM-217,BF-255,BF-255,,0.16749368987613308
SIM_001,37,PAIR_00037,BM-222,BM-212,BM-222,,0.9559877205776918
SIM_001,38,PAIR_00038,BM-236,BM-227,BM-236,,0.5851839412783998
SIM_001,39,PAIR_00039,BM-217,BM-214,BM-214,,0.27271634835576414
SIM_001,40,PAIR_00040,BF-255,BM-226,BF-255,,0.8467498546318379
SIM_001,41,PAIR_00041,BM-229,BM-216,BM-229,,0.458083311976373
SIM_001,42,PAIR_00042,BM-211,BM-224,BM-211,,0.8581315487375101
SIM_001,43,PAIR_00043,BM-219,BM-231,BM-219,,0.8113370505696746
SIM_001,44,PAIR_00044,BM-218,BM-215,BM-218,,0.7677483569731899
SIM_001,45,PAIR_00045,BM-228,BM-237,BM-228,,0.5261270737795799
SIM_001,46,PAIR_00046,BM-221,BM-223,BM-223,,0.4009571315095831
SIM_001,47,PAIR_00047,BM-227,BM-213,BM-227,,0.898496525351987
SIM_001,48,PAIR_00048,BM-225,BM-212,BM-212,,0.9105025016100444
SIM_001,49,PAIR_00049,BF-007,BM-222,BM-222,,0.3052281205908015
SIM_001,50,PAIR_00050,BM-239,BF-242,BM-239,,0.6483185302283063
SIM_001,51,PAIR_00051,BM-214,BF-007,BF-007,,0.4558957557008482
SIM_001,52,PAIR_00052,BM-216,BM-212,BM-212,,0.8737173229181733
SIM_001,53,PAIR_00053,BM-223,BM-227,BM-227,,0.3986865182977619
SIM_001,54,PAIR_00054,BM-217,BM-231,BM-231,,0.45707731145428465
SIM_001,55,PAIR_00055,BF-242,BM-226,BF-242,,0.4797357297054694
SIM_001,56,PAIR_00056,BM-221,BM-239,BM-221,,0.6211326493727066
SIM_001,57,PAIR_00057,BM-228,BM-218,BM-218,,0.2830619035400725
SIM_001,58,PAIR_00058,BM-222,BM-225,BM-222,,0.6810258985706044
SIM_001,59,PAIR_00059,BM-229,BM-215,BM-229,,0.5327978943713936
SIM_001,60,PAIR_00060,BM-236,BM-211,BM-236,,0.5700307524616257
SIM_001,61,PAIR_00061,BF-255,BM-237,BM-237,,0.7119719570816829
SIM_001,62,PAIR_00062,BM-219,BM-213,BM-219,,0.8889412139677642
SIM_001,63,PAIR_00063,BF-242,BM-224,BF-242,,0.45494959516696887
SIM_001,64,PAIR_00064,BM-229,BM-237,BM-237,,0.49241736101051403
SIM_001,65,PAIR_00065,BM-226,BM-227,BM-227,,0.13736703098829836
SIM_001,66,PAIR_00066,BM-215,BM-216,BM-216,,0.42569403475889667
SIM_001,67,PAIR_00067,BM-213,BM-214,BM-214,,0.19309558203895444
SIM_001,68,PAIR_00068,BM-222,BM-217,BM-222,,0.8787115543332452
SIM_001,69,PAIR_00069,BM-225,BM-218,BM-218,,0.3750418211636877
SIM_001,70,PAIR_00070,BM-223,BF-007,BF-007,,0.54060842380539
SIM_001,71,PAIR_00071,BM-239,BM-211,BM-211,,0.20279883241704552
SIM_001,72,PAIR_00072,BM-236,BF-255,BF-255,,0.6158783457170887
SIM_001,73,PAIR_00073,BM-212,BM-219,BM-219,,0.061293611521879086
SIM_001,74,PAIR_00074,BM-231,BM-228,BM-231,,0.3472830018189138
SIM_001,75,PAIR_00075,BM-224,BM-221,BM-221,,0.28387450638342465
SIM_001,76,PAIR_00076,BM-221,BF-242,BM-221,,0.7513854013975068
SIM_001,77,PAIR_00077,BM-222,BM-219,BM-219,,0.5864840223325505
SIM_001,78,PAIR_00078,BM-224,BM-226,BM-226,,0.5248769766578227
SIM_001,79,PAIR_00079,BM-212,BM-214,BM-214,,0.11116701969697171
SIM_001,80,PAIR_00080,BF-007,BM-237,BM-237,,0.6128354244491387
SIM_001,81,PAIR_00081,BM-211,BM-217,BM-211,,0.8573691371982063
SIM_001,82,PAIR_00082,BM-228,BM-225,BM-228,,0.39683344870518444
SIM_001,83,PAIR_00083,BM-213,BM-216,BM-216,,0.21663610038712067
SIM_001,84,PAIR_00084,BM-223,BM-215,BM-223,,0.6864881778517896
SIM_001,85,PAIR_00085,BM-231,BM-227,BM-227,,0.17373565313266423
SIM_001,86,PAIR_00086,BM-239,BF-255,BF-255,,0.23527180306944467
SIM_001,87,PAIR_00087,BM-229,BM-236,BM-229,,0.19664388366947144
SIM_001,88,PAIR_00088,BM-219,BM-218,BM-218,,0.4746203209194756
SIM_001,89,PAIR_00089,BM-229,BM-214,BM-214,,0.4224551616355219
SIM_001,90,PAIR_00090,BM-213,BM-221,BM-221,,0.20290916874714177
SIM_001,91,PAIR_00091,BM-224,BM-215,BM-224,,0.36747839029831664
SIM_001,92,PAIR_00092,BM-212,BM-226,BM-212,,0.27048711097929706
SIM_001,93,PAIR_00093,BM-237,BM-227,BM-237,,0.2625068189721848
SIM_001,94,PAIR_00094,BM-217,BF-242,BM-217,,0.5465994159293619
SIM_001,95,PAIR_00095,BM-223,BM-218,BM-218,,0.3984593490577611
SIM_001,96,PAIR_00096,BF-255,BM-216,BF-255,,0.682926223091502
SIM_001,97,PAIR_00097,BM-222,BM-211,BM-211,,0.5465340657043668
SIM_001,98,PAIR_00098,BM-231,BF-007,BF-007,,0.271772807943265
SIM_001,99,PAIR_00099,BM-239,BM-225,BM-225,,0.31065077989289125
SIM_001,100,PAIR_00100,BM-228,BM-236,BM-236,,0.2188351921913676
SIM_001,101,PAIR_00101,BM-211,BM-226,BM-211,,0.8698289600678419
SIM_001,102,PAIR_00102,BF-007,BM-219,BF-007,,0.38388872519658374
SIM_001,103,PAIR_00103,BM-236,BM-214,BM-236,,0.7492659043913402
SIM_001,104,PAIR_00104,BF-242,BM-213,BM-213,,0.5651758931159829
SIM_001,105,PAIR_00105,BF-255,BM-222,BM-222,,0.40690134004113265
SIM_001,106,PAIR_00106,BM-212,BM-218,BM-218,,0.05570160960137181
SIM_001,107,PAIR_00107,BM-231,BM-215,BM-231,,0.4098254623839697
SIM_001,108,PAIR_00108,BM-228,BM-227,BM-228,,0.2832542619174882
SIM_001,109,PAIR_00109,BM-223,BM-216,BM-223,,0.6187652185868557
SIM_001,110,PAIR_00110,BM-237,BM-239,BM-237,,0.5680251532244893
SIM_001,111,PAIR_00111,BM-229,BM-225,BM-225,,0.36502653811052327
SIM_001,112,PAIR_00112,BM-224,BM-217,BM-217,,0.4984378712552536
SIM_001,113,PAIR_00113,BM-225,BM-221,BM-225,,0.5751073295424118
SIM_001,114,PAIR_00114,BM-214,BM-231,BM-214,,0.6918473256643518
SIM_001,115,PAIR_00115,BM-229,BM-223,BM-223,,0.34245527804465553
SIM_001,116,PAIR_00116,BF-242,BM-215,BM-215,,0.32656960876884994
SIM_001,117,PAIR_00117,BM-213,BM-226,BM-226,,0.4150088421278394
SIM_001,118,PAIR_00118,BM-216,BM-219,BM-216,,0.3111832951396571
SIM_001,119,PAIR_00119,BM-237,BM-222,BM-222,,0.217248963876395
SIM_001,120,PAIR_00120,BM-211,BM-221,BM-221,,0.7056882563938565
SIM_001,121,PAIR_00121,BM-217,BM-228,BM-217,,0.30935894027404387
SIM_001,122,PAIR_00122,BM-212,BM-224,BM-224,,0.2512902538392436
SIM_001,123,PAIR_00123,BM-239,BM-218,BM-218,,0.21286764940304412
SIM_001,124,PAIR_00124,BM-227,BF-255,BM-227,,0.53195615808631
SIM_001,125,PAIR_00125,BM-236,BF-007,BF-007,,0.7145985761171072
SIM_001,126,PAIR_00126,BM-223,BM-211,BM-211,,0.3838933329441322
SIM_001,127,PAIR_00127,BM-231,BM-212,BM-231,,0.7807608319292152
SIM_001,128,PAIR_00128,BM-219,BM-214,BM-219,,0.6569995404963171
SIM_001,129,PAIR_00129,BM-236,BF-242,BM-236,,0.9057254918377985
SIM_001,130,PAIR_00130,BM-213,BM-222,BM-222,,0.08095655714746094
SIM_001,131,PAIR_00131,BM-226,BM-221,BM-226,,0.2640714551215016
SIM_001,132,PAIR_00132,BF-007,BF-255,BF-255,,0.3903754955686164
SIM_001,133,PAIR_00133,BM-216,BM-237,BM-237,,0.5343777554152823
SIM_001,134,PAIR_00134,BM-239,BM-217,BM-239,,0.6046112198850913
SIM_001,135,PAIR_00135,BM-215,BM-225,BM-225,,0.3351477454818891
SIM_001,136,PAIR_00136,BM-229,BM-218,BM-218,,0.25649614064364357
SIM_001,137,PAIR_00137,BM-224,BM-227,BM-227,,0.14959987243631057
SIM_001,138,PAIR_00138,BM-228,BF-007,BM-228,,0.41225696256436
SIM_001,139,PAIR_00139,BM-216,BM-236,BM-236,,0.2245504545236615
SIM_001,140,PAIR_00140,BM-218,BM-217,BM-218,,0.8497244999092971
SIM_001,141,PAIR_00141,BM-231,BM-229,BM-231,,0.37846534003523
SIM_001,142,PAIR_00142,BM-237,BM-214,BM-214,,0.42987286313774875
SIM_001,143,PAIR_00143,BF-242,BM-227,BM-227,,0.12803625194772436
SIM_001,144,PAIR_00144,BM-219,BM-224,BM-219,,0.8371378204852085
SIM_001,145,PAIR_00145,BM-211,BF-255,BM-211,,0.5473857435404343
SIM_001,146,PAIR_00146,BM-225,BM-223,BM-223,,0.4753304079297246
SIM_001,147,PAIR_00147,BM-222,BM-221,BM-222,,0.7429218072548591
SIM_001,148,PAIR_00148,BM-212,BM-213,BM-212,,0.343247453131141
SIM_001,149,PAIR_00149,BM-239,BM-226,BM-226,,0.6296124959858393
SIM_001,150,PAIR_00150,BM-228,BM-215,BM-215,,0.5661884331139478
SIM_001,151,PAIR_00151,BM-226,BM-231,BM-231,,0.43095568282384794
SIM_001,152,PAIR_00152,BM-217,BM-227,BM-227,,0.15039655126629822
SIM_001,153,PAIR_00153,BM-239,BM-236,BM-236,,0.1609915146051335
SIM_001,154,PAIR_00154,BF-255,BM-229,BF-255,,0.7181520469739519
SIM_001,155,PAIR_00155,BM-237,BM-223,BM-237,,0.3493178947989133
SIM_001,156,PAIR_00156,BM-224,BM-225,BM-225,,0.22652408676368152
SIM_001,157,PAIR_00157,BM-222,BF-242,BM-222,,0.8972674817394369
SIM_001,158,PAIR_00158,BM-211,BM-215,BM-211,,0.778476014177606
SIM_001,159,PAIR_00159,BM-214,BM-228,BM-214,,0.5443249145087194
SIM_001,160,PAIR_00160,BF-007,BM-212,BF-007,,0.9051455603350077
SIM_001,161,PAIR_00161,BM-221,BM-218,BM-218,,0.3071734138642074
SIM_001,162,PAIR_00162,BM-213,BM-215,BM-215,,0.27171535970268296
SIM_001,163,PAIR_00163,BM-222,BM-216,BM-222,,0.7584210486984893
SIM_001,164,PAIR_00164,BM-226,BM-219,BM-219,,0.14973582300182697
SIM_001,165,PAIR_00165,BF-242,BM-219,BM-219,,0.1397009443711754
SIM_001,166,PAIR_00166,BM-239,BM-212,BM-212,,0.8209368081505211
SIM_001,167,PAIR_00167,BM-224,BM-231,BM-231,,0.455527110474699
SIM_001,168,PAIR_00168,BF-255,BM-221,BM-221,,0.664724591609599
SIM_001,169,PAIR_00169,BM-214,BM-211,BM-211,,0.3073102650961119
SIM_001,170,PAIR_00170,BM-225,BM-237,BM-237,,0.6279144817815363
SIM_001,171,PAIR_00171,BM-236,BM-223,BM-223,,0.6802741559998849
SIM_001,172,PAIR_00172,BM-217,BM-229,BM-229,,0.33890413853700446
SIM_001,173,PAIR_00173,BM-227,BM-216,BM-227,,0.7099726993206014
SIM_001,174,PAIR_00174,BM-213,BM-228,BM-228,,0.22231027439100884
SIM_001,175,PAIR_00175,BM-218,BF-007,BM-218,,0.6398425641938011
SIM_001,176,PAIR_00176,BM-216,BF-007,BF-007,,0.4203057864236588
SIM_001,177,PAIR_00177,BM-226,BM-217,BM-217,,0.47356500376324917
SIM_001,178,PAIR_00178,BF-255,BM-219,BF-255,,0.4931652408467495
SIM_001,179,PAIR_00179,BM-223,BM-231,BM-223,,0.7592256577132775
SIM_001,180,PAIR_00180,BM-213,BM-239,BM-239,,0.2944534790660408
SIM_001,181,PAIR_00181,BM-214,BM-227,BM-214,,0.3206884215984604
SIM_001,182,PAIR_00182,BM-212,BM-237,BM-237,,0.1422769554917922
SIM_001,183,PAIR_00183,BM-218,BM-224,BM-218,,0.8505206503266772
SIM_001,184,PAIR_00184,BM-228,BM-222,BM-222,,0.23556193822118957
SIM_001,185,PAIR_00185,BF-242,BM-225,BM-225,,0.19643367405875783
SIM_001,186,PAIR_00186,BM-215,BM-221,BM-215,,0.40557872439933085
SIM_001,187,PAIR_00187,BM-229,BM-211,BM-211,,0.2450060041102735
SIM_001,188,PAIR_00188,BM-236,BM-215,BM-236,,0.8232878750346994
SIM_001,189,PAIR_00189,BM-217,BM-236,BM-236,,0.11149254937650074
SIM_001,190,PAIR_00190,BM-213,BF-007,BF-007,,0.1670199276460357
SIM_001,191,PAIR_00191,BF-242,BM-223,BM-223,,0.181310561075186
SIM_001,192,PAIR_00192,BM-212,BM-211,BM-211,,0.05257037532846488
SIM_001,193,PAIR_00193,BM-224,BM-216,BM-216,,0.30101034586316194
SIM_001,194,PAIR_00194,BM-228,BM-229,BM-228,,0.5336830207039965
SIM_001,195,PAIR_00195,BM-237,BM-226,BM-237,,0.6909048845448961
SIM_001,196,PAIR_00196,BM-218,BF-255,BM-218,,0.5321921015517458
SIM_001,197,PAIR_00197,BM-221,BM-227,BM-221,,0.3073751326137769
SIM_001,198,PAIR_00198,BM-219,BM-225,BM-225,,0.6008579426588972
SIM_001,199,PAIR_00199,BM-239,BM-214,BM-214,,0.36443452115951475
SIM_001,200,PAIR_00200,BM-231,BM-222,BM-222,,0.14085935233764144
SIM_001,201,PAIR_00201,BM-215,BM-217,BM-217,,0.6310680135639577
SIM_001,202,PAIR_00202,BM-222,BM-224,BM-222,,0.8793759336275948
SIM_001,203,PAIR_00203,BF-255,BM-214,BF-255,,0.6508120994774664
SIM_001,204,PAIR_00204,BM-228,BM-219,BM-219,,0.3041278356745797
SIM_001,205,PAIR_00205,BM-229,BM-221,BM-221,,0.437603698557496
SIM_001,206,PAIR_00206,BM-226,BM-218,BM-218,,0.13725477278924952
SIM_001,207,PAIR_00207,BM-225,BM-216,BM-216,,0.5952114627748064
SIM_001,208,PAIR_00208,BM-211,BM-237,BM-211,,0.7493397780868819
SIM_001,209,PAIR_00209,BM-239,BM-231,BM-239,,0.5628167694682431
SIM_001,210,PAIR_00210,BM-213,BM-236,BM-236,,0.07414322575223149
SIM_001,211,PAIR_00211,BF-007,BF-242,BF-242,,0.793261986734821
SIM_001,212,PAIR_00212,BM-212,BM-223,BM-223,,0.08176947027292372
SIM_001,213,PAIR_00213,BM-227,BM-211,BM-211,,0.48447638700912915
SIM_001,214,PAIR_00214,BM-216,BM-217,BM-217,,0.6976733103767735
SIM_001,215,PAIR_00215,BM-219,BM-227,BM-227,,0.4748566345512353
SIM_001,216,PAIR_00216,BM-214,BM-218,BM-214,,0.3204820085092622
SIM_001,217,PAIR_00217,BM-237,BM-215,BM-237,,0.5403404035999196
SIM_001,218,PAIR_00218,BM-236,BM-226,BM-236,,0.8985689276258495
SIM_001,219,PAIR_00219,BM-224,BM-228,BM-228,,0.30802549607309854
SIM_001,220,PAIR_00220,BM-231,BF-242,BM-231,,0.5888115508887632
SIM_001,221,PAIR_00221,BM-225,BF-255,BM-225,,0.4057168439867916
SIM_001,222,PAIR_00222,BM-221,BF-007,BF-007,,0.44061009653969924
SIM_001,223,PAIR_00223,BM-212,BM-229,BM-229,,0.1460189214358076
SIM_001,224,PAIR_00224,BM-222,BM-239,BM-222,,0.8257166177944669
SIM_001,225,PAIR_00225,BM-223,BM-213,BM-223,,0.8544189721459678
SIM_001,226,PAIR_00226,BM-221,BM-228,BM-221,,0.5289567135647587
SIM_001,227,PAIR_00227,BM-215,BF-007,BF-007,,0.34956322046724636
SIM_001,228,PAIR_00228,BF-255,BM-231,BF-255,,0.8071163599244839
SIM_001,229,PAIR_00229,BM-219,BM-223,BM-223,,0.5769542374218426
SIM_001,230,PAIR_00230,BM-218,BM-213,BM-218,,0.8985829210390318
SIM_001,231,PAIR_00231,BM-226,BM-216,BM-216,,0.2804800925353363
SIM_001,232,PAIR_00232,BM-225,BM-214,BM-214,,0.5599379861217109
SIM_001,233,PAIR_00233,BM-227,BM-229,BM-227,,0.7433230907449867
SIM_001,234,PAIR_00234,BM-224,BM-239,BM-239,,0.3938960078122809
SIM_001,235,PAIR_00235,BM-212,BM-217,BM-217,,0.2501164607503142
SIM_001,236,PAIR_00236,BM-236,BM-237,BM-236,,0.7985201491919167
SIM_001,237,PAIR_00237,BM-211,BF-242,BM-211,,0.8787396547598036
SIM_001,238,PAIR_00238,BM-218,BM-222,BM-222,,0.43835442419306125
SIM_001,239,PAIR_00239,BM-227,BM-222,BM-227,,0.4381211207784558
SIM_001,240,PAIR_00240,BM-229,BF-242,BM-229,,0.7016404399947652
SIM_001,241,PAIR_00241,BM-211,BM-231,BM-211,,0.8350011035534172
SIM_001,242,PAIR_00242,BM-213,BM-225,BM-225,,0.15830018632255818
SIM_001,243,PAIR_00243,BM-228,BF-255,BF-255,,0.3099448578523684
SIM_001,244,PAIR_00244,BM-223,BM-226,BM-226,,0.8063385161216202
SIM_001,245,PAIR_00245,BM-212,BM-215,BM-215,,0.1631748808952223
SIM_001,246,PAIR_00246,BM-221,BM-237,BM-221,,0.5549175947981636
SIM_001,247,PAIR_00247,BM-219,BM-239,BM-219,,0.7696116648813172
SIM_001,248,PAIR_00248,BM-216,BM-214,BM-214,,0.46390252138950805
SIM_001,249,PAIR_00249,BM-236,BM-224,BM-236,,0.8891249417513256
SIM_001,250,PAIR_00250,BM-217,BF-007,BF-007,,0.23907435981385444
SIM_001,251,PAIR_00251,BM-212,BM-228,BM-228,,0.1299829775347618
SIM_001,252,PAIR_00252,BM-217,BM-225,BM-225,,0.22762076888279198
SIM_001,253,PAIR_00253,BM-236,BM-219,BM-236,,0.6093901347663366
SIM_001,254,PAIR_00254,BM-218,BF-242,BM-218,,0.872069511853059
SIM_001,255,PAIR_00255,BM-226,BM-214,BM-214,,0.2522358602332104
SIM_001,256,PAIR_00256,BF-255,BM-213,BF-255,,0.886213166818921
SIM_001,257,PAIR_00257,BM-227,BM-239,BM-227,,0.7869735199346419
SIM_001,258,PAIR_00258,BM-229,BM-222,BM-222,,0.21213505355168763
SIM_001,259,PAIR_00259,BM-224,BM-223,BM-223,,0.20968887622430654
SIM_001,260,PAIR_00260,BM-216,BM-231,BM-216,,0.6601871626425073
SIM_001,261,PAIR_00261,BM-211,BF-007,BF-007,,0.6538142109888488
SIM_001,262,PAIR_00262,BM-215,BM-222,BM-222,,0.19100644193377725
SIM_001,263,PAIR_00263,BM-237,BM-218,BM-218,,0.2623233935218685
SIM_001,264,PAIR_00264,BM-221,BM-217,BM-221,,0.7148535166790715
SIM_001,265,PAIR_00265,BM-231,BM-237,BM-231,,0.3713569069910973
SIM_001,266,PAIR_00266,BM-228,BM-226,BM-228,,0.7127866217890074
SIM_001,267,PAIR_00267,BM-236,BM-221,BM-236,,0.7606981020969623
SIM_001,268,PAIR_00268,BM-239,BM-215,BM-239,,0.4720079919409225
SIM_001,269,PAIR_00269,BM-216,BM-211,BM-211,,0.27740590065037546
SIM_001,270,PAIR_00270,BF-255,BF-242,BF-255,,0.8569806375300371
SIM_001,271,PAIR_00271,BM-223,BM-214,BM-214,,0.5841101020402096
SIM_001,272,PAIR_00272,BM-225,BF-007,BF-007,,0.5160029583577592
SIM_001,273,PAIR_00273,BM-229,BM-219,BM-219,,0.2763470748582293
SIM_001,274,PAIR_00274,BM-213,BM-224,BM-213,,0.3910532598856224
SIM_001,275,PAIR_00275,BF-007,BM-227,BF-007,,0.3603758504743594
SIM_001,276,PAIR_00276,BM-236,BM-212,BM-236,,0.959827717024812
SIM_001,277,PAIR_00277,BM-237,BM-224,BM-237,,0.6692429390672207
SIM_001,278,PAIR_00278,BF-242,BM-216,BM-216,,0.2644078645825088
SIM_001,279,PAIR_00279,BM-215,BM-227,BM-227,,0.23242066634806705
SIM_001,280,PAIR_00280,BM-212,BM-221,BM-221,,0.11742272550174405
SIM_001,281,PAIR_00281,BM-231,BM-225,BM-225,,0.25928649124739844
SIM_001,282,PAIR_00282,BM-226,BM-222,BM-226,,0.11045284726338489
SIM_001,283,PAIR_00283,BM-217,BM-213,BM-217,,0.6104336905348509
SIM_001,284,PAIR_00284,BM-239,BM-229,BM-229,,0.4394325204751498
SIM_001,285,PAIR_00285,BF-255,BM-223,BF-255,,0.5702673104810158
SIM_001,286,PAIR_00286,BM-228,BM-211,BM-228,,0.27081518045009806
SIM_001,287,PAIR_00287,BM-222,BM-214,BM-214,,0.7309407531975411
SIM_001,288,PAIR_00288,BM-219,BM-215,BM-219,,0.7491406879013857
SIM_001,289,PAIR_00289,BM-218,BM-231,BM-218,,0.8264003448400584
SIM_001,290,PAIR_00290,BM-223,BM-217,BM-223,,0.7892737414758372
SIM_001,291,PAIR_00291,BM-216,BM-228,BM-216,,0.5082804312428928
SIM_001,292,PAIR_00292,BM-224,BF-255,BM-224,,0.16662420623664836
SIM_001,293,PAIR_00293,BM-226,BM-229,BM-229,,0.3156100905346744
SIM_001,294,PAIR_00294,BM-237,BM-219,BM-219,,0.28245398664576415
SIM_001,295,PAIR_00295,BF-242,BM-212,BF-242,,0.7132151985625615
SIM_001,296,PAIR_00296,BM-225,BM-227,BM-227,,0.37526396834976317
SIM_001,297,PAIR_00297,BM-214,BM-221,BM-214,,0.5154475086916739
SIM_001,298,PAIR_00298,BM-218,BM-236,BM-236,,0.4150461190579815
SIM_001,299,PAIR_00299,BM-211,BM-213,BM-211,,0.9040228264809127
SIM_001,300,PAIR_00300,BF-007,BM-239,BF-007,,0.6754730993723337
SIM_002,1,PAIR_00001,BM-216,BM-221,BM-216,,0.47930386809454184
SIM_002,2,PAIR_00002,BM-239,BM-228,BM-228,,0.4065123944074379
SIM_002,3,PAIR_00003,BF-007,BM-229,BM-229,,0.620007354928767
SIM_002,4,PAIR_00004,BM-212,BM-227,BM-227,,0.055751477219154306
SIM_002,5,PAIR_00005,BM-223,BM-222,BM-222,,0.34079984699266824
SIM_002,6,PAIR_00006,BF-242,BM-237,BF-242,,0.2920487232935015
SIM_002,7,PAIR_00007,BM-213,BM-231,BM-231,,0.3494972203862205
SIM_002,8,PAIR_00008,BM-225,BM-236,BM-225,,0.2986383072115851
SIM_002,9,PAIR_00009,BM-226,BM-215,BM-226,,0.3446500059286485
SIM_002,10,PAIR_00010,BM-218,BM-211,BM-218,,0.48471308048957706
SIM_002,11,PAIR_00011,BM-219,BM-217,BM-219,,0.836284111455051
SIM_002,12,PAIR_00012,BM-214,BM-224,BM-224,,0.7285212378857929
SIM_002,13,PAIR_00013,BF-255,BM-215,BM-215,,0.7439676574531842
SIM_002,14,PAIR_00014,BM-222,BM-236,BM-222,,0.47619298251945674
SIM_002,15,PAIR_00015,BM-224,BF-007,BF-007,,0.2379394939340924
SIM_002,16,PAIR_00016,BM-228,BM-223,BM-228,,0.37345215256477066
SIM_002,17,PAIR_00017,BM-221,BM-231,BM-221,,0.6785159906769078
SIM_002,18,PAIR_00018,BM-212,BF-255,BF-255,,0.06288570486356526
SIM_002,19,PAIR_00019,BM-213,BM-229,BM-229,,0.24650926495140532
SIM_002,20,PAIR_00020,BF-242,BM-214,BM-214,,0.23724843950996033
SIM_002,21,PAIR_00021,BM-218,BM-227,BM-218,,0.5002369183711579
SIM_002,22,PAIR_00022,BM-219,BM-211,BM-211,,0.459396414456364
SIM_002,23,PAIR_00023,BM-216,BM-239,BM-239,,0.6014538878382059
SIM_002,24,PAIR_00024,BM-225,BM-226,BM-225,,0.7904488994507026
SIM_002,25,PAIR_00025,BM-217,BM-237,BM-217,,0.3321416766402924
SIM_002,26,PAIR_00026,BM-228,BF-242,BM-228,,0.7290994168484117
SIM_002,27,PAIR_00027,BM-226,BF-007,BF-007,,0.22035484969150645
SIM_002,28,PAIR_00028,BM-218,BM-216,BM-218,,0.7101677973349876
SIM_002,29,PAIR_00029,BM-237,BM-213,BM-237,,0.7590814226534237
SIM_002,30,PAIR_00030,BM-231,BM-236,BM-236,,0.12971614300494108
SIM_002,31,PAIR_00031,BM-211,BM-225,BM-225,,0.6391816251210418
SIM_002,32,PAIR_00032,BM-224,BM-229,BM-229,,0.3375055782864029
SIM_002,33,PAIR_00033,BM-221,BM-219,BM-219,,0.3292097878666537
SIM_002,34,PAIR_00034,BM-215,BM-214,BM-215,,0.3907685043566045
SIM_002,35,PAIR_00035,BM-239,BM-223,BM-223,,0.2899067120138933
SIM_002,36,PAIR_00036,BM-217,BF-255,BF-255,,0.16749368987613308
SIM_002,37,PAIR_00037,BM-222,BM-212,BM-222,,0.9559877205776918
SIM_002,38,PAIR_00038,BM-236,BM-227,BM-236,,0.5851839412783998
SIM_002,39,PAIR_00039,BM-217,BM-214,BM-214,,0.27271634835576414
SIM_002,40,PAIR_00040,BF-255,BM-226,BF-255,,0.8467498546318379
SIM_002,41,PAIR_00041,BM-229,BM-216,BM-216,,0.458083311976373
SIM_002,42,PAIR_00042,BM-211,BM-224,BM-211,,0.8581315487375101
SIM_002,43,PAIR_00043,BM-219,BM-231,BM-219,,0.8113370505696746
SIM_002,44,PAIR_00044,BM-218,BM-215,BM-218,,0.7677483569731899
SIM_002,45,PAIR_00045,BM-228,BM-237,BM-228,,0.5261270737795799
SIM_002,46,PAIR_00046,BM-221,BM-223,BM-221,,0.4009571315095831
SIM_002,47,PAIR_00047,BM-227,BM-213,BM-227,,0.898496525351987
SIM_002,48,PAIR_00048,BM-225,BM-212,BM-225,,0.9105025016100444
SIM_002,49,PAIR_00049,BF-007,BM-222,BM-222,,0.3052281205908015
SIM_002,50,PAIR_00050,BM-239,BF-242,BM-239,,0.6483185302283063
SIM_002,51,PAIR_00051,BM-214,BF-007,BF-007,,0.4558957557008482
SIM_002,52,PAIR_00052,BM-216,BM-212,BM-216,,0.8737173229181733
SIM_002,53,PAIR_00053,BM-223,BM-227,BM-223,,0.3986865182977619
SIM_002,54,PAIR_00054,BM-217,BM-231,BM-217,,0.45707731145428465
SIM_002,55,PAIR_00055,BF-242,BM-226,BF-242,,0.4797357297054694
SIM_002,56,PAIR_00056,BM-221,BM-239,BM-239,,0.6211326493727066
SIM_002,57,PAIR_00057,BM-228,BM-218,BM-228,,0.2830619035400725
SIM_002,58,PAIR_00058,BM-222,BM-225,BM-225,,0.6810258985706044
SIM_002,59,PAIR_00059,BM-229,BM-215,BM-229,,0.5327978943713936
SIM_002,60,PAIR_00060,BM-236,BM-211,BM-211,,0.5700307524616257
SIM_002,61,PAIR_00061,BF-255,BM-237,BM-237,,0.7119719570816829
SIM_002,62,PAIR_00062,BM-219,BM-213,BM-219,,0.8889412139677642
SIM_002,63,PAIR_00063,BF-242,BM-224,BM-224,,0.45494959516696887
SIM_002,64,PAIR_00064,BM-229,BM-237,BM-229,,0.49241736101051403
SIM_002,65,PAIR_00065,BM-226,BM-227,BM-227,,0.13736703098829836
SIM_002,66,PAIR_00066,BM-215,BM-216,BM-216,,0.42569403475889667
SIM_002,67,PAIR_00067,BM-213,BM-214,BM-214,,0.19309558203895444
SIM_002,68,PAIR_00068,BM-222,BM-217,BM-222,,0.8787115543332452
SIM_002,69,PAIR_00069,BM-225,BM-218,BM-218,,0.3750418211636877
SIM_002,70,PAIR_00070,BM-223,BF-007,BF-007,,0.54060842380539
SIM_002,71,PAIR_00071,BM-239,BM-211,BM-211,,0.20279883241704552
SIM_002,72,PAIR_00072,BM-236,BF-255,BM-236,,0.6158783457170887
SIM_002,73,PAIR_00073,BM-212,BM-219,BM-219,,0.061293611521879086
SIM_002,74,PAIR_00074,BM-231,BM-228,BM-228,,0.3472830018189138
SIM_002,75,PAIR_00075,BM-224,BM-221,BM-221,,0.28387450638342465
SIM_002,76,PAIR_00076,BM-221,BF-242,BM-221,,0.7513854013975068
SIM_002,77,PAIR_00077,BM-222,BM-219,BM-222,,0.5864840223325505
SIM_002,78,PAIR_00078,BM-224,BM-226,BM-224,,0.5248769766578227
SIM_002,79,PAIR_00079,BM-212,BM-214,BM-214,,0.11116701969697171
SIM_002,80,PAIR_00080,BF-007,BM-237,BF-007,,0.6128354244491387
SIM_002,81,PAIR_00081,BM-211,BM-217,BM-211,,0.8573691371982063
SIM_002,82,PAIR_00082,BM-228,BM-225,BM-228,,0.39683344870518444
SIM_002,83,PAIR_00083,BM-213,BM-216,BM-213,,0.21663610038712067
SIM_002,84,PAIR_00084,BM-223,BM-215,BM-223,,0.6864881778517896
SIM_002,85,PAIR_00085,BM-231,BM-227,BM-227,,0.17373565313266423
SIM_002,86,PAIR_00086,BM-239,BF-255,BM-239,,0.23527180306944467
SIM_002,87,PAIR_00087,BM-229,BM-236,BM-236,,0.19664388366947144
SIM_002,88,PAIR_00088,BM-219,BM-218,BM-218,,0.4746203209194756
SIM_002,89,PAIR_00089,BM-229,BM-214,BM-214,,0.4224551616355219
SIM_002,90,PAIR_00090,BM-213,BM-221,BM-221,,0.20290916874714177
SIM_002,91,PAIR_00091,BM-224,BM-215,BM-215,,0.36747839029831664
SIM_002,92,PAIR_00092,BM-212,BM-226,BM-226,,0.27048711097929706
SIM_002,93,PAIR_00093,BM-237,BM-227,BM-237,,0.2625068189721848
SIM_002,94,PAIR_00094,BM-217,BF-242,BM-217,,0.5465994159293619
SIM_002,95,PAIR_00095,BM-223,BM-218,BM-218,,0.3984593490577611
SIM_002,96,PAIR_00096,BF-255,BM-216,BM-216,,0.682926223091502
SIM_002,97,PAIR_00097,BM-222,BM-211,BM-211,,0.5465340657043668
SIM_002,98,PAIR_00098,BM-231,BF-007,BM-231,,0.271772807943265
SIM_002,99,PAIR_00099,BM-239,BM-225,BM-225,,0.31065077989289125
SIM_002,100,PAIR_00100,BM-228,BM-236,BM-228,,0.2188351921913676
SIM_002,101,PAIR_00101,BM-211,BM-226,BM-211,,0.8698289600678419
SIM_002,102,PAIR_00102,BF-007,BM-219,BF-007,,0.38388872519658374
SIM_002,103,PAIR_00103,BM-236,BM-214,BM-236,,0.7492659043913402
SIM_002,104,PAIR_00104,BF-242,BM-213,BM-213,,0.5651758931159829
SIM_002,105,PAIR_00105,BF-255,BM-222,BM-222,,0.40690134004113265
SIM_002,106,PAIR_00106,BM-212,BM-218,BM-218,,0.05570160960137181
SIM_002,107,PAIR_00107,BM-231,BM-215,BM-215,,0.4098254623839697
SIM_002,108,PAIR_00108,BM-228,BM-227,BM-227,,0.2832542619174882
SIM_002,109,PAIR_00109,BM-223,BM-216,BM-216,,0.6187652185868557
SIM_002,110,PAIR_00110,BM-237,BM-239,BM-239,,0.5680251532244893
SIM_002,111,PAIR_00111,BM-229,BM-225,BM-225,,0.36502653811052327
SIM_002,112,PAIR_00112,BM-224,BM-217,BM-217,,0.4984378712552536
SIM_002,113,PAIR_00113,BM-225,BM-221,BM-225,,0.5751073295424118
SIM_002,114,PAIR_00114,BM-214,BM-231,BM-231,,0.6918473256643518
SIM_002,115,PAIR_00115,BM-229,BM-223,BM-223,,0.34245527804465553
SIM_002,116,PAIR_00116,BF-242,BM-215,BM-215,,0.32656960876884994
SIM_002,117,PAIR_00117,BM-213,BM-226,BM-226,,0.4150088421278394
SIM_002,118,PAIR_00118,BM-216,BM-219,BM-219,,0.3111832951396571
SIM_002,119,PAIR_00119,BM-237,BM-222,BM-222,,0.217248963876395
SIM_002,120,PAIR_00120,BM-211,BM-221,BM-211,,0.7056882563938565
SIM_002,121,PAIR_00121,BM-217,BM-228,BM-217,,0.30935894027404387
SIM_002,122,PAIR_00122,BM-212,BM-224,BM-212,,0.2512902538392436
SIM_002,123,PAIR_00123,BM-239,BM-218,BM-218,,0.21286764940304412
SIM_002,124,PAIR_00124,BM-227,BF-255,BM-227,,0.53195615808631
SIM_002,125,PAIR_00125,BM-236,BF-007,BM-236,,0.7145985761171072
SIM_002,126,PAIR_00126,BM-223,BM-211,BM-211,,0.3838933329441322
SIM_002,127,PAIR_00127,BM-231,BM-212,BM-231,,0.7807608319292152
SIM_002,128,PAIR_00128,BM-219,BM-214,BM-219,,0.6569995404963171
SIM_002,129,PAIR_00129,BM-236,BF-242,BM-236,,0.9057254918377985
SIM_002,130,PAIR_00130,BM-213,BM-222,BM-222,,0.08095655714746094
SIM_002,131,PAIR_00131,BM-226,BM-221,BM-221,,0.2640714551215016
SIM_002,132,PAIR_00132,BF-007,BF-255,BF-007,,0.3903754955686164
SIM_002,133,PAIR_00133,BM-216,BM-237,BM-237,,0.5343777554152823
SIM_002,134,PAIR_00134,BM-239,BM-217,BM-239,,0.6046112198850913
SIM_002,135,PAIR_00135,BM-215,BM-225,BM-215,,0.3351477454818891
SIM_002,136,PAIR_00136,BM-229,BM-218,BM-218,,0.25649614064364357
SIM_002,137,PAIR_00137,BM-224,BM-227,BM-227,,0.14959987243631057
SIM_002,138,PAIR_00138,BM-228,BF-007,BF-007,,0.41225696256436
SIM_002,139,PAIR_00139,BM-216,BM-236,BM-236,,0.2245504545236615
SIM_002,140,PAIR_00140,BM-218,BM-217,BM-217,,0.8497244999092971
SIM_002,141,PAIR_00141,BM-231,BM-229,BM-229,,0.37846534003523
SIM_002,142,PAIR_00142,BM-237,BM-214,BM-214,,0.42987286313774875
SIM_002,143,PAIR_00143,BF-242,BM-227,BF-242,,0.12803625194772436
SIM_002,144,PAIR_00144,BM-219,BM-224,BM-224,,0.8371378204852085
SIM_002,145,PAIR_00145,BM-211,BF-255,BF-255,,0.5473857435404343
SIM_002,146,PAIR_00146,BM-225,BM-223,BM-223,,0.4753304079297246
SIM_002,147,PAIR_00147,BM-222,BM-221,BM-222,,0.7429218072548591
SIM_002,148,PAIR_00148,BM-212,BM-213,BM-213,,0.343247453131141
SIM_002,149,PAIR_00149,BM-239,BM-226,BM-239,,0.6296124959858393
SIM_002,150,PAIR_00150,BM-228,BM-215,BM-228,,0.5661884331139478
SIM_002,151,PAIR_00151,BM-226,BM-231,BM-231,,0.43095568282384794
SIM_002,152,PAIR_00152,BM-217,BM-227,BM-227,,0.15039655126629822
SIM_002,153,PAIR_00153,BM-239,BM-236,BM-236,,0.1609915146051335
SIM_002,154,PAIR_00154,BF-255,BM-229,BF-255,,0.7181520469739519
SIM_002,155,PAIR_00155,BM-237,BM-223,BM-223,,0.3493178947989133
SIM_002,156,PAIR_00156,BM-224,BM-225,BM-225,,0.22652408676368152
SIM_002,157,PAIR_00157,BM-222,BF-242,BM-222,,0.8972674817394369
SIM_002,158,PAIR_00158,BM-211,BM-215,BM-215,,0.778476014177606
SIM_002,159,PAIR_00159,BM-214,BM-228,BM-214,,0.5443249145087194
SIM_002,160,PAIR_00160,BF-007,BM-212,BF-007,,0.9051455603350077
SIM_002,161,PAIR_00161,BM-221,BM-218,BM-218,,0.3071734138642074
SIM_002,162,PAIR_00162,BM-213,BM-215,BM-213,,0.27171535970268296
SIM_002,163,PAIR_00163,BM-222,BM-216,BM-222,,0.7584210486984893
SIM_002,164,PAIR_00164,BM-226,BM-219,BM-219,,0.14973582300182697
SIM_002,165,PAIR_00165,BF-242,BM-219,BM-219,,0.1397009443711754
SIM_002,166,PAIR_00166,BM-239,BM-212,BM-239,,0.8209368081505211
SIM_002,167,PAIR_00167,BM-224,BM-231,BM-231,,0.455527110474699
SIM_002,168,PAIR_00168,BF-255,BM-221,BM-221,,0.664724591609599
SIM_002,169,PAIR_00169,BM-214,BM-211,BM-211,,0.3073102650961119
SIM_002,170,PAIR_00170,BM-225,BM-237,BM-237,,0.6279144817815363
SIM_002,171,PAIR_00171,BM-236,BM-223,BM-223,,0.6802741559998849
SIM_002,172,PAIR_00172,BM-217,BM-229,BM-229,,0.33890413853700446
SIM_002,173,PAIR_00173,BM-227,BM-216,BM-227,,0.7099726993206014
SIM_002,174,PAIR_00174,BM-213,BM-228,BM-228,,0.22231027439100884
SIM_002,175,PAIR_00175,BM-218,BF-007,BF-007,,0.6398425641938011
SIM_002,176,PAIR_00176,BM-216,BF-007,BF-007,,0.4203057864236588
SIM_002,177,PAIR_00177,BM-226,BM-217,BM-217,,0.47356500376324917
SIM_002,178,PAIR_00178,BF-255,BM-219,BF-255,,0.4931652408467495
SIM_002,179,PAIR_00179,BM-223,BM-231,BM-223,,0.7592256577132775
SIM_002,180,PAIR_00180,BM-213,BM-239,BM-239,,0.2944534790660408
SIM_002,181,PAIR_00181,BM-214,BM-227,BM-227,,0.3206884215984604
SIM_002,182,PAIR_00182,BM-212,BM-237,BM-237,,0.1422769554917922
SIM_002,183,PAIR_00183,BM-218,BM-224,BM-218,,0.8505206503266772
SIM_002,184,PAIR_00184,BM-228,BM-222,BM-222,,0.23556193822118957
SIM_002,185,PAIR_00185,BF-242,BM-225,BM-225,,0.19643367405875783
SIM_002,186,PAIR_00186,BM-215,BM-221,BM-215,,0.40557872439933085
SIM_002,187,PAIR_00187,BM-229,BM-211,BM-211,,0.2450060041102735
SIM_002,188,PAIR_00188,BM-236,BM-215,BM-236,,0.8232878750346994
SIM_002,189,PAIR_00189,BM-217,BM-236,BM-236,,0.11149254937650074
SIM_002,190,PAIR_00190,BM-213,BF-007,BF-007,,0.1670199276460357
SIM_002,191,PAIR_00191,BF-242,BM-223,BM-223,,0.181310561075186
SIM_002,192,PAIR_00192,BM-212,BM-211,BM-211,,0.05257037532846488
SIM_002,193,PAIR_00193,BM-224,BM-216,BM-216,,0.30101034586316194
SIM_002,194,PAIR_00194,BM-228,BM-229,BM-228,,0.5336830207039965
SIM_002,195,PAIR_00195,BM-237,BM-226,BM-226,,0.6909048845448961
SIM_002,196,PAIR_00196,BM-218,BF-255,BF-255,,0.5321921015517458
SIM_002,197,PAIR_00197,BM-221,BM-227,BM-221,,0.3073751326137769
SIM_002,198,PAIR_00198,BM-219,BM-225,BM-219,,0.6008579426588972
SIM_002,199,PAIR_00199,BM-239,BM-214,BM-239,,0.36443452115951475
SIM_002,200,PAIR_00200,BM-231,BM-222,BM-222,,0.14085935233764144
SIM_002,201,PAIR_00201,BM-215,BM-217,BM-215,,0.6310680135639577
SIM_002,202,PAIR_00202,BM-222,BM-224,BM-222,,0.8793759336275948
SIM_002,203,PAIR_00203,BF-255,BM-214,BF-255,,0.6508120994774664
SIM_002,204,PAIR_00204,BM-228,BM-219,BM-219,,0.3041278356745797
SIM_002,205,PAIR_00205,BM-229,BM-221,BM-229,,0.437603698557496
SIM_002,206,PAIR_00206,BM-226,BM-218,BM-218,,0.13725477278924952
SIM_002,207,PAIR_00207,BM-225,BM-216,BM-216,,0.5952114627748064
SIM_002,208,PAIR_00208,BM-211,BM-237,BM-211,,0.7493397780868819
SIM_002,209,PAIR_00209,BM-239,BM-231,BM-239,,0.5628167694682431
SIM_002,210,PAIR_00210,BM-213,BM-236,BM-236,,0.07414322575223149
SIM_002,211,PAIR_00211,BF-007,BF-242,BF-242,,0.793261986734821
SIM_002,212,PAIR_00212,BM-212,BM-223,BM-223,,0.08176947027292372
SIM_002,213,PAIR_00213,BM-227,BM-211,BM-211,,0.48447638700912915
SIM_002,214,PAIR_00214,BM-216,BM-217,BM-216,,0.6976733103767735
SIM_002,215,PAIR_00215,BM-219,BM-227,BM-227,,0.4748566345512353
SIM_002,216,PAIR_00216,BM-214,BM-218,BM-218,,0.3204820085092622
SIM_002,217,PAIR_00217,BM-237,BM-215,BM-215,,0.5403404035999196
SIM_002,218,PAIR_00218,BM-236,BM-226,BM-236,,0.8985689276258495
SIM_002,219,PAIR_00219,BM-224,BM-228,BM-228,,0.30802549607309854
SIM_002,220,PAIR_00220,BM-231,BF-242,BF-242,,0.5888115508887632
SIM_002,221,PAIR_00221,BM-225,BF-255,BF-255,,0.4057168439867916
SIM_002,222,PAIR_00222,BM-221,BF-007,BM-221,,0.44061009653969924
SIM_002,223,PAIR_00223,BM-212,BM-229,BM-229,,0.1460189214358076
SIM_002,224,PAIR_00224,BM-222,BM-239,BM-222,,0.8257166177944669
SIM_002,225,PAIR_00225,BM-223,BM-213,BM-223,,0.8544189721459678
SIM_002,226,PAIR_00226,BM-221,BM-228,BM-221,,0.5289567135647587
SIM_002,227,PAIR_00227,BM-215,BF-007,BM-215,,0.34956322046724636
SIM_002,228,PAIR_00228,BF-255,BM-231,BM-231,,0.8071163599244839
SIM_002,229,PAIR_00229,BM-219,BM-223,BM-219,,0.5769542374218426
SIM_002,230,PAIR_00230,BM-218,BM-213,BM-218,,0.8985829210390318
SIM_002,231,PAIR_00231,BM-226,BM-216,BM-216,,0.2804800925353363
SIM_002,232,PAIR_00232,BM-225,BM-214,BM-225,,0.5599379861217109
SIM_002,233,PAIR_00233,BM-227,BM-229,BM-227,,0.7433230907449867
SIM_002,234,PAIR_00234,BM-224,BM-239,BM-239,,0.3938960078122809
SIM_002,235,PAIR_00235,BM-212,BM-217,BM-212,,0.2501164607503142
SIM_002,236,PAIR_00236,BM-236,BM-237,BM-236,,0.7985201491919167
SIM_002,237,PAIR_00237,BM-211,BF-242,BM-211,,0.8787396547598036
SIM_002,238,PAIR_00238,BM-218,BM-222,BM-222,,0.43835442419306125
SIM_002,239,PAIR_00239,BM-227,BM-222,BM-222,,0.4381211207784558
SIM_002,240,PAIR_00240,BM-229,BF-242,BM-229,,0.7016404399947652
SIM_002,241,PAIR_00241,BM-211,BM-231,BM-211,,0.8350011035534172
SIM_002,242,PAIR_00242,BM-213,BM-225,BM-225,,0.15830018632255818
SIM_002,243,PAIR_00243,BM-228,BF-255,BF-255,,0.3099448578523684
SIM_002,244,PAIR_00244,BM-223,BM-226,BM-223,,0.8063385161216202
SIM_002,245,PAIR_00245,BM-212,BM-215,BM-215,,0.1631748808952223
SIM_002,246,PAIR_00246,BM-221,BM-237,BM-237,,0.5549175947981636
SIM_002,247,PAIR_00247,BM-219,BM-239,BM-239,,0.7696116648813172
SIM_002,248,PAIR_00248,BM-216,BM-214,BM-214,,0.46390252138950805
SIM_002,249,PAIR_00249,BM-236,BM-224,BM-236,,0.8891249417513256
SIM_002,250,PAIR_00250,BM-217,BF-007,BM-217,,0.23907435981385444
SIM_002,251,PAIR_00251,BM-212,BM-228,BM-228,,0.1299829775347618
SIM_002,252,PAIR_00252,BM-217,BM-225,BM-225,,0.22762076888279198
SIM_002,253,PAIR_00253,BM-236,BM-219,BM-236,,0.6093901347663366
SIM_002,254,PAIR_00254,BM-218,BF-242,BF-242,,0.872069511853059
SIM_002,255,PAIR_00255,BM-226,BM-214,BM-226,,0.2522358602332104
SIM_002,256,PAIR_00256,BF-255,BM-213,BF-255,,0.886213166818921
SIM_002,257,PAIR_00257,BM-227,BM-239,BM-227,,0.7869735199346419
SIM_002,258,PAIR_00258,BM-229,BM-222,BM-222,,0.21213505355168763
SIM_002,259,PAIR_00259,BM-224,BM-223,BM-223,,0.20968887622430654
SIM_002,260,PAIR_00260,BM-216,BM-231,BM-216,,0.6601871626425073
SIM_002,261,PAIR_00261,BM-211,BF-007,BF-007,,0.6538142109888488
SIM_002,262,PAIR_00262,BM-215,BM-222,BM-222,,0.19100644193377725
SIM_002,263,PAIR_00263,BM-237,BM-218,BM-218,,0.2623233935218685
SIM_002,264,PAIR_00264,BM-221,BM-217,BM-221,,0.7148535166790715
SIM_002,265,PAIR_00265,BM-231,BM-237,BM-237,,0.3713569069910973
SIM_002,266,PAIR_00266,BM-228,BM-226,BM-228,,0.7127866217890074
SIM_002,267,PAIR_00267,BM-236,BM-221,BM-221,,0.7606981020969623
SIM_002,268,PAIR_00268,BM-239,BM-215,BM-239,,0.4720079919409225
SIM_002,269,PAIR_00269,BM-216,BM-211,BM-211,,0.27740590065037546
SIM_002,270,PAIR_00270,BF-255,BF-242,BF-255,,0.8569806375300371
SIM_002,271,PAIR_00271,BM-223,BM-214,BM-214,,0.5841101020402096
SIM_002,272,PAIR_00272,BM-225,BF-007,BF-007,,0.5160029583577592
SIM_002,273,PAIR_00273,BM-229,BM-219,BM-229,,0.2763470748582293
SIM_002,274,PAIR_00274,BM-213,BM-224,BM-224,,0.3910532598856224
SIM_002,275,PAIR_00275,BF-007,BM-227,BM-227,,0.3603758504743594
SIM_002,276,PAIR_00276,BM-236,BM-212,BM-236,,0.959827717024812
SIM_002,277,PAIR_00277,BM-237,BM-224,BM-237,,0.6692429390672207
SIM_002,278,PAIR_00278,BF-242,BM-216,BM-216,,0.2644078645825088
SIM_002,279,PAIR_00279,BM-215,BM-227,BM-227,,0.23242066634806705
SIM_002,280,PAIR_00280,BM-212,BM-221,BM-212,,0.11742272550174405
SIM_002,281,PAIR_00281,BM-231,BM-225,BM-225,,0.25928649124739844
SIM_002,282,PAIR_00282,BM-226,BM-222,BM-222,,0.11045284726338489
SIM_002,283,PAIR_00283,BM-217,BM-213,BM-213,,0.6104336905348509
SIM_002,284,PAIR_00284,BM-239,BM-229,BM-229,,0.4394325204751498
SIM_002,285,PAIR_00285,BF-255,BM-223,BF-255,,0.5702673104810158
SIM_002,286,PAIR_00286,BM-228,BM-211,BM-228,,0.27081518045009806
SIM_002,287,PAIR_00287,BM-222,BM-214,BM-222,,0.7309407531975411
SIM_002,288,PAIR_00288,BM-219,BM-215,BM-215,,0.7491406879013857
SIM_002,289,PAIR_00289,BM-218,BM-231,BM-218,,0.8264003448400584
SIM_002,290,PAIR_00290,BM-223,BM-217,BM-223,,0.7892737414758372
SIM_002,291,PAIR_00291,BM-216,BM-228,BM-228,,0.5082804312428928
SIM_002,292,PAIR_00292,BM-224,BF-255,BF-255,,0.16662420623664836
SIM_002,293,PAIR_00293,BM-226,BM-229,BM-229,,0.3156100905346744
SIM_002,294,PAIR_00294,BM-237,BM-219,BM-219,,0.28245398664576415
SIM_002,295,PAIR_00295,BF-242,BM-212,BF-242,,0.7132151985625615
SIM_002,296,PAIR_00296,BM-225,BM-227,BM-227,,0.37526396834976317
SIM_002,297,PAIR_00297,BM-214,BM-221,BM-221,,0.5154475086916739
SIM_002,298,PAIR_00298,BM-218,BM-236,BM-236,,0.4150461190579815
SIM_002,299,PAIR_00299,BM-211,BM-213,BM-211,,0.9040228264809127
SIM_002,300,PAIR_00300,BF-007,BM-239,BF-007,,0.6754730993723337
SIM_003,1,PAIR_00001,BM-216,BM-221,BM-216,,0.47930386809454184
SIM_003,2,PAIR_00002,BM-239,BM-228,BM-239,,0.4065123944074379
SIM_003,3,PAIR_00003,BF-007,BM-229,BF-007,,0.620007354928767
SIM_003,4,PAIR_00004,BM-212,BM-227,BM-227,,0.055751477219154306
SIM_003,5,PAIR_00005,BM-223,BM-222,BM-222,,0.34079984699266824
SIM_003,6,PAIR_00006,BF-242,BM-237,BM-237,,0.2920487232935015
SIM_003,7,PAIR_00007,BM-213,BM-231,BM-231,,0.3494972203862205
SIM_003,8,PAIR_00008,BM-225,BM-236,BM-236,,0.2986383072115851
SIM_003,9,PAIR_00009,BM-226,BM-215,BM-215,,0.3446500059286485
SIM_003,10,PAIR_00010,BM-218,BM-211,BM-218,,0.48471308048957706
SIM_003,11,PAIR_00011,BM-219,BM-217,BM-219,,0.836284111455051
SIM_003,12,PAIR_00012,BM-214,BM-224,BM-214,,0.7285212378857929
SIM_003,13,PAIR_00013,BF-255,BM-215,BF-255,,0.7439676574531842
SIM_003,14,PAIR_00014,BM-222,BM-236,BM-222,,0.47619298251945674
SIM_003,15,PAIR_00015,BM-224,BF-007,BF-007,,0.2379394939340924
SIM_003,16,PAIR_00016,BM-228,BM-223,BM-223,,0.37345215256477066
SIM_003,17,PAIR_00017,BM-221,BM-231,BM-221,,0.6785159906769078
SIM_003,18,PAIR_00018,BM-212,BF-255,BF-255,,0.06288570486356526
SIM_003,19,PAIR_00019,BM-213,BM-229,BM-229,,0.24650926495140532
SIM_003,20,PAIR_00020,BF-242,BM-214,BF-242,,0.23724843950996033
SIM_003,21,PAIR_00021,BM-218,BM-227,BM-218,,0.5002369183711579
SIM_003,22,PAIR_00022,BM-219,BM-211,BM-211,,0.459396414456364
SIM_003,23,PAIR_00023,BM-216,BM-239,BM-216,,0.6014538878382059
SIM_003,24,PAIR_00024,BM-225,BM-226,BM-225,,0.7904488994507026
SIM_003,25,PAIR_00025,BM-217,BM-237,BM-237,,0.3321416766402924
SIM_003,26,PAIR_00026,BM-228,BF-242,BM-228,,0.7290994168484117
SIM_003,27,PAIR_00027,BM-226,BF-007,BM-226,,0.22035484969150645
SIM_003,28,PAIR_00028,BM-218,BM-216,BM-218,,0.7101677973349876
SIM_003,29,PAIR_00029,BM-237,BM-213,BM-213,,0.7590814226534237
SIM_003,30,PAIR_00030,BM-231,BM-236,BM-236,,0.12971614300494108
SIM_003,31,PAIR_00031,BM-211,BM-225,BM-211,,0.6391816251210418
SIM_003,32,PAIR_00032,BM-224,BM-229,BM-229,,0.3375055782864029
SIM_003,33,PAIR_00033,BM-221,BM-219,BM-221,,0.3292097878666537
SIM_003,34,PAIR_00034,BM-215,BM-214,BM-214,,0.3907685043566045
SIM_003,35,PAIR_00035,BM-239,BM-223,BM-223,,0.2899067120138933
SIM_003,36,PAIR_00036,BM-217,BF-255,BF-255,,0.16749368987613308
SIM_003,37,PAIR_00037,BM-222,BM-212,BM-222,,0.9559877205776918
SIM_003,38,PAIR_00038,BM-236,BM-227,BM-236,,0.5851839412783998
SIM_003,39,PAIR_00039,BM-217,BM-214,BM-214,,0.27271634835576414
SIM_003,40,PAIR_00040,BF-255,BM-226,BF-255,,0.8467498546318379
SIM_003,41,PAIR_00041,BM-229,BM-216,BM-229,,0.458083311976373
SIM_003,42,PAIR_00042,BM-211,BM-224,BM-211,,0.8581315487375101
SIM_003,43,PAIR_00043,BM-219,BM-231,BM-231,,0.8113370505696746
SIM_003,44,PAIR_00044,BM-218,BM-215,BM-215,,0.7677483569731899
SIM_003,45,PAIR_00045,BM-228,BM-237,BM-228,,0.5261270737795799
SIM_003,46,PAIR_00046,BM-221,BM-223,BM-221,,0.4009571315095831
SIM_003,47,PAIR_00047,BM-227,BM-213,BM-227,,0.898496525351987
SIM_003,48,PAIR_00048,BM-225,BM-212,BM-225,,0.9105025016100444
SIM_003,49,PAIR_00049,BF-007,BM-222,BM-222,,0.3052281205908015
SIM_003,50,PAIR_00050,BM-239,BF-242,BM-239,,0.6483185302283063
SIM_003,51,PAIR_00051,BM-214,BF-007,BM-214,,0.4558957557008482
SIM_003,52,PAIR_00052,BM-216,BM-212,BM-216,,0.8737173229181733
SIM_003,53,PAIR_00053,BM-223,BM-227,BM-227,,0.3986865182977619
SIM_003,54,PAIR_00054,BM-217,BM-231,BM-231,,0.45707731145428465
SIM_003,55,PAIR_00055,BF-242,BM-226,BF-242,,0.4797357297054694
SIM_003,56,PAIR_00056,BM-221,BM-239,BM-221,,0.6211326493727066
SIM_003,57,PAIR_00057,BM-228,BM-218,BM-218,,0.2830619035400725
SIM_003,58,PAIR_00058,BM-222,BM-225,BM-225,,0.6810258985706044
SIM_003,59,PAIR_00059,BM-229,BM-215,BM-229,,0.5327978943713936
SIM_003,60,PAIR_00060,BM-236,BM-211,BM-236,,0.5700307524616257
SIM_003,61,PAIR_00061,BF-255,BM-237,BF-255,,0.7119719570816829
SIM_003,62,PAIR_00062,BM-219,BM-213,BM-213,,0.8889412139677642
SIM_003,63,PAIR_00063,BF-242,BM-224,BM-224,,0.45494959516696887
SIM_003,64,PAIR_00064,BM-229,BM-237,BM-229,,0.49241736101051403
SIM_003,65,PAIR_00065,BM-226,BM-227,BM-227,,0.13736703098829836
SIM_003,66,PAIR_00066,BM-215,BM-216,BM-215,,0.42569403475889667
SIM_003,67,PAIR_00067,BM-213,BM-214,BM-214,,0.19309558203895444
SIM_003,68,PAIR_00068,BM-222,BM-217,BM-217,,0.8787115543332452
SIM_003,69,PAIR_00069,BM-225,BM-218,BM-225,,0.3750418211636877
SIM_003,70,PAIR_00070,BM-223,BF-007,BF-007,,0.54060842380539
SIM_003,71,PAIR_00071,BM-239,BM-211,BM-239,,0.20279883241704552
SIM_003,72,PAIR_00072,BM-236,BF-255,BM-236,,0.6158783457170887
SIM_003,73,PAIR_00073,BM-212,BM-219,BM-219,,0.061293611521879086
SIM_003,74,PAIR_00074,BM-231,BM-228,BM-228,,0.3472830018189138
SIM_003,75,PAIR_00075,BM-224,BM-221,BM-221,,0.28387450638342465
SIM_003,76,PAIR_00076,BM-221,BF-242,BF-242,,0.7513854013975068
SIM_003,77,PAIR_00077,BM-222,BM-219,BM-222,,0.5864840223325505
SIM_003,78,PAIR_00078,BM-224,BM-226,BM-226,,0.5248769766578227
SIM_003,79,PAIR_00079,BM-212,BM-214,BM-214,,0.11116701969697171
SIM_003,80,PAIR_00080,BF-007,BM-237,BM-237,,0.6128354244491387
SIM_003,81,PAIR_00081,BM-211,BM-217,BM-211,,0.8573691371982063
SIM_003,82,PAIR_00082,BM-228,BM-225,BM-228,,0.39683344870518444
SIM_003,83,PAIR_00083,BM-213,BM-216,BM-213,,0.21663610038712067
SIM_003,84,PAIR_00084,BM-223,BM-215,BM-223,,0.6864881778517896
SIM_003,85,PAIR_00085,BM-231,BM-227,BM-227,,0.17373565313266423
SIM_003,86,PAIR_00086,BM-239,BF-255,BM-239,,0.23527180306944467
SIM_003,87,PAIR_00087,BM-229,BM-236,BM-236,,0.19664388366947144
SIM_003,88,PAIR_00088,BM-219,BM-218,BM-218,,0.4746203209194756
SIM_003,89,PAIR_00089,BM-229,BM-214,BM-229,,0.4224551616355219
SIM_003,90,PAIR_00090,BM-213,BM-221,BM-221,,0.20290916874714177
SIM_003,91,PAIR_00091,BM-224,BM-215,BM-224,,0.36747839029831664
SIM_003,92,PAIR_00092,BM-212,BM-226,BM-226,,0.27048711097929706
SIM_003,93,PAIR_00093,BM-237,BM-227,BM-227,,0.2625068189721848
SIM_003,94,PAIR_00094,BM-217,BF-242,BM-217,,0.5465994159293619
SIM_003,95,PAIR_00095,BM-223,BM-218,BM-218,,0.3984593490577611
SIM_003,96,PAIR_00096,BF-255,BM-216,BM-216,,0.682926223091502
SIM_003,97,PAIR_00097,BM-222,BM-211,BM-222,,0.5465340657043668
SIM_003,98,PAIR_00098,BM-231,BF-007,BF-007,,0.271772807943265
SIM_003,99,PAIR_00099,BM-239,BM-225,BM-225,,0.31065077989289125
SIM_003,100,PAIR_00100,BM-228,BM-236,BM-236,,0.2188351921913676
SIM_003,101,PAIR_00101,BM-211,BM-226,BM-211,,0.8698289600678419
SIM_003,102,PAIR_00102,BF-007,BM-219,BF-007,,0.38388872519658374
SIM_003,103,PAIR_00103,BM-236,BM-214,BM-236,,0.7492659043913402
SIM_003,104,PAIR_00104,BF-242,BM-213,BM-213,,0.5651758931159829
SIM_003,105,PAIR_00105,BF-255,BM-222,BF-255,,0.40690134004113265
SIM_003,106,PAIR_00106,BM-212,BM-218,BM-218,,0.05570160960137181
SIM_003,107,PAIR_00107,BM-231,BM-215,BM-215,,0.4098254623839697
SIM_003,108,PAIR_00108,BM-228,BM-227,BM-228,,0.2832542619174882
SIM_003,109,PAIR_00109,BM-223,BM-216,BM-223,,0.6187652185868557
SIM_003,110,PAIR_00110,BM-237,BM-239,BM-237,,0.5680251532244893
SIM_003,111,PAIR_00111,BM-229,BM-225,BM-225,,0.36502653811052327
SIM_003,112,PAIR_00112,BM-224,BM-217,BM-224,,0.4984378712552536
SIM_003,113,PAIR_00113,BM-225,BM-221,BM-225,,0.5751073295424118
SIM_003,114,PAIR_00114,BM-214,BM-231,BM-231,,0.6918473256643518
SIM_003,115,PAIR_00115,BM-229,BM-223,BM-223,,0.34245527804465553
SIM_003,116,PAIR_00116,BF-242,BM-215,BF-242,,0.32656960876884994
SIM_003,117,PAIR_00117,BM-213,BM-226,BM-226,,0.4150088421278394
SIM_003,118,PAIR_00118,BM-216,BM-219,BM-219,,0.3111832951396571
SIM_003,119,PAIR_00119,BM-237,BM-222,BM-222,,0.217248963876395
SIM_003,120,PAIR_00120,BM-211,BM-221,BM-211,,0.7056882563938565
SIM_003,121,PAIR_00121,BM-217,BM-228,BM-228,,0.30935894027404387
SIM_003,122,PAIR_00122,BM-212,BM-224,BM-224,,0.2512902538392436
SIM_003,123,PAIR_00123,BM-239,BM-218,BM-218,,0.21286764940304412
SIM_003,124,PAIR_00124,BM-227,BF-255,BM-227,,0.53195615808631
SIM_003,125,PAIR_00125,BM-236,BF-007,BF-007,,0.7145985761171072
SIM_003,126,PAIR_00126,BM-223,BM-211,BM-223,,0.3838933329441322
SIM_003,127,PAIR_00127,BM-231,BM-212,BM-231,,0.7807608319292152
SIM_003,128,PAIR_00128,BM-219,BM-214,BM-214,,0.6569995404963171
SIM_003,129,PAIR_00129,BM-236,BF-242,BM-236,,0.9057254918377985
SIM_003,130,PAIR_00130,BM-213,BM-222,BM-222,,0.08095655714746094
SIM_003,131,PAIR_00131,BM-226,BM-221,BM-221,,0.2640714551215016
SIM_003,132,PAIR_00132,BF-007,BF-255,BF-007,,0.3903754955686164
SIM_003,133,PAIR_00133,BM-216,BM-237,BM-216,,0.5343777554152823
SIM_003,134,PAIR_00134,BM-239,BM-217,BM-239,,0.6046112198850913
SIM_003,135,PAIR_00135,BM-215,BM-225,BM-225,,0.3351477454818891
SIM_003,136,PAIR_00136,BM-229,BM-218,BM-218,,0.25649614064364357
SIM_003,137,PAIR_00137,BM-224,BM-227,BM-224,,0.14959987243631057
SIM_003,138,PAIR_00138,BM-228,BF-007,BF-007,,0.41225696256436
SIM_003,139,PAIR_00139,BM-216,BM-236,BM-236,,0.2245504545236615
SIM_003,140,PAIR_00140,BM-218,BM-217,BM-218,,0.8497244999092971
SIM_003,141,PAIR_00141,BM-231,BM-229,BM-229,,0.37846534003523
SIM_003,142,PAIR_00142,BM-237,BM-214,BM-237,,0.42987286313774875
SIM_003,143,PAIR_00143,BF-242,BM-227,BF-242,,0.12803625194772436
SIM_003,144,PAIR_00144,BM-219,BM-224,BM-219,,0.8371378204852085
SIM_003,145,PAIR_00145,BM-211,BF-255,BM-211,,0.5473857435404343
SIM_003,146,PAIR_00146,BM-225,BM-223,BM-225,,0.4753304079297246
SIM_003,147,PAIR_00147,BM-222,BM-221,BM-222,,0.7429218072548591
SIM_003,148,PAIR_00148,BM-212,BM-213,BM-213,,0.343247453131141
SIM_003,149,PAIR_00149,BM-239,BM-226,BM-226,,0.6296124959858393
SIM_003,150,PAIR_00150,BM-228,BM-215,BM-215,,0.5661884331139478
SIM_003,151,PAIR_00151,BM-226,BM-231,BM-231,,0.43095568282384794
SIM_003,152,PAIR_00152,BM-217,BM-227,BM-217,,0.15039655126629822
SIM_003,153,PAIR_00153,BM-239,BM-236,BM-236,,0.1609915146051335
SIM_003,154,PAIR_00154,BF-255,BM-229,BF-255,,0.7181520469739519
SIM_003,155,PAIR_00155,BM-237,BM-223,BM-223,,0.3493178947989133
SIM_003,156,PAIR_00156,BM-224,BM-225,BM-224,,0.22652408676368152
SIM_003,157,PAIR_00157,BM-222,BF-242,BM-222,,0.8972674817394369
SIM_003,158,PAIR_00158,BM-211,BM-215,BM-215,,0.778476014177606
SIM_003,159,PAIR_00159,BM-214,BM-228,BM-228,,0.5443249145087194
SIM_003,160,PAIR_00160,BF-007,BM-212,BF-007,,0.9051455603350077
SIM_003,161,PAIR_00161,BM-221,BM-218,BM-218,,0.3071734138642074
SIM_003,162,PAIR_00162,BM-213,BM-215,BM-215,,0.27171535970268296
SIM_003,163,PAIR_00163,BM-222,BM-216,BM-222,,0.7584210486984893
SIM_003,164,PAIR_00164,BM-226,BM-219,BM-219,,0.14973582300182697
SIM_003,165,PAIR_00165,BF-242,BM-219,BM-219,,0.1397009443711754
SIM_003,166,PAIR_00166,BM-239,BM-212,BM-212,,0.8209368081505211
SIM_003,167,PAIR_00167,BM-224,BM-231,BM-224,,0.455527110474699
SIM_003,168,PAIR_00168,BF-255,BM-221,BF-255,,0.664724591609599
SIM_003,169,PAIR_00169,BM-214,BM-211,BM-214,,0.3073102650961119
SIM_003,170,PAIR_00170,BM-225,BM-237,BM-237,,0.6279144817815363
SIM_003,171,PAIR_00171,BM-236,BM-223,BM-236,,0.6802741559998849
SIM_003,172,PAIR_00172,BM-217,BM-229,BM-229,,0.33890413853700446
SIM_003,173,PAIR_00173,BM-227,BM-216,BM-227,,0.7099726993206014
SIM_003,174,PAIR_00174,BM-213,BM-228,BM-228,,0.22231027439100884
SIM_003,175,PAIR_00175,BM-218,BF-007,BM-218,,0.6398425641938011
SIM_003,176,PAIR_00176,BM-216,BF-007,BF-007,,0.4203057864236588
SIM_003,177,PAIR_00177,BM-226,BM-217,BM-217,,0.47356500376324917
SIM_003,178,PAIR_00178,BF-255,BM-219,BM-219,,0.4931652408467495
SIM_003,179,PAIR_00179,BM-223,BM-231,BM-231,,0.7592256577132775
SIM_003,180,PAIR_00180,BM-213,BM-239,BM-213,,0.2944534790660408
SIM_003,181,PAIR_00181,BM-214,BM-227,BM-227,,0.3206884215984604
SIM_003,182,PAIR_00182,BM-212,BM-237,BM-237,,0.1422769554917922
SIM_003,183,PAIR_00183,BM-218,BM-224,BM-218,,0.8505206503266772
SIM_003,184,PAIR_00184,BM-228,BM-222,BM-228,,0.23556193822118957
SIM_003,185,PAIR_00185,BF-242,BM-225,BM-225,,0.19643367405875783
SIM_003,186,PAIR_00186,BM-215,BM-221,BM-215,,0.40557872439933085
SIM_003,187,PAIR_00187,BM-229,BM-211,BM-229,,0.2450060041102735
SIM_003,188,PAIR_00188,BM-236,BM-215,BM-236,,0.8232878750346994
SIM_003,189,PAIR_00189,BM-217,BM-236,BM-236,,0.11149254937650074
SIM_003,190,PAIR_00190,BM-213,BF-007,BF-007,,0.1670199276460357
SIM_003,191,PAIR_00191,BF-242,BM-223,BM-223,,0.181310561075186
SIM_003,192,PAIR_00192,BM-212,BM-211,BM-211,,0.05257037532846488
SIM_003,193,PAIR_00193,BM-224,BM-216,BM-216,,0.30101034586316194
SIM_003,194,PAIR_00194,BM-228,BM-229,BM-228,,0.5336830207039965
SIM_003,195,PAIR_00195,BM-237,BM-226,BM-226,,0.6909048845448961
SIM_003,196,PAIR_00196,BM-218,BF-255,BM-218,,0.5321921015517458
SIM_003,197,PAIR_00197,BM-221,BM-227,BM-227,,0.3073751326137769
SIM_003,198,PAIR_00198,BM-219,BM-225,BM-219,,0.6008579426588972
SIM_003,199,PAIR_00199,BM-239,BM-214,BM-214,,0.36443452115951475
SIM_003,200,PAIR_00200,BM-231,BM-222,BM-231,,0.14085935233764144
SIM_003,201,PAIR_00201,BM-215,BM-217,BM-215,,0.6310680135639577
SIM_003,202,PAIR_00202,BM-222,BM-224,BM-222,,0.8793759336275948
SIM_003,203,PAIR_00203,BF-255,BM-214,BF-255,,0.6508120994774664
SIM_003,204,PAIR_00204,BM-228,BM-219,BM-219,,0.3041278356745797
SIM_003,205,PAIR_00205,BM-229,BM-221,BM-221,,0.437603698557496
SIM_003,206,PAIR_00206,BM-226,BM-218,BM-218,,0.13725477278924952
SIM_003,207,PAIR_00207,BM-225,BM-216,BM-216,,0.5952114627748064
SIM_003,208,PAIR_00208,BM-211,BM-237,BM-211,,0.7493397780868819
SIM_003,209,PAIR_00209,BM-239,BM-231,BM-239,,0.5628167694682431
SIM_003,210,PAIR_00210,BM-213,BM-236,BM-236,,0.07414322575223149
SIM_003,211,PAIR_00211,BF-007,BF-242,BF-242,,0.793261986734821
SIM_003,212,PAIR_00212,BM-212,BM-223,BM-223,,0.08176947027292372
SIM_003,213,PAIR_00213,BM-227,BM-211,BM-211,,0.48447638700912915
SIM_003,214,PAIR_00214,BM-216,BM-217,BM-216,,0.6976733103767735
SIM_003,215,PAIR_00215,BM-219,BM-227,BM-227,,0.4748566345512353
SIM_003,216,PAIR_00216,BM-214,BM-218,BM-218,,0.3204820085092622
SIM_003,217,PAIR_00217,BM-237,BM-215,BM-237,,0.5403404035999196
SIM_003,218,PAIR_00218,BM-236,BM-226,BM-236,,0.8985689276258495
SIM_003,219,PAIR_00219,BM-224,BM-228,BM-228,,0.30802549607309854
SIM_003,220,PAIR_00220,BM-231,BF-242,BM-231,,0.5888115508887632
SIM_003,221,PAIR_00221,BM-225,BF-255,BF-255,,0.4057168439867916
SIM_003,222,PAIR_00222,BM-221,BF-007,BM-221,,0.44061009653969924
SIM_003,223,PAIR_00223,BM-212,BM-229,BM-229,,0.1460189214358076
SIM_003,224,PAIR_00224,BM-222,BM-239,BM-239,,0.8257166177944669
SIM_003,225,PAIR_00225,BM-223,BM-213,BM-213,,0.8544189721459678
SIM_003,226,PAIR_00226,BM-221,BM-228,BM-228,,0.5289567135647587
SIM_003,227,PAIR_00227,BM-215,BF-007,BF-007,,0.34956322046724636
SIM_003,228,PAIR_00228,BF-255,BM-231,BF-255,,0.8071163599244839
SIM_003,229,PAIR_00229,BM-219,BM-223,BM-223,,0.5769542374218426
SIM_003,230,PAIR_00230,BM-218,BM-213,BM-218,,0.8985829210390318
SIM_003,231,PAIR_00231,BM-226,BM-216,BM-216,,0.2804800925353363
SIM_003,232,PAIR_00232,BM-225,BM-214,BM-214,,0.5599379861217109
SIM_003,233,PAIR_00233,BM-227,BM-229,BM-227,,0.7433230907449867
SIM_003,234,PAIR_00234,BM-224,BM-239,BM-239,,0.3938960078122809
SIM_003,235,PAIR_00235,BM-212,BM-217,BM-212,,0.2501164607503142
SIM_003,236,PAIR_00236,BM-236,BM-237,BM-236,,0.7985201491919167
SIM_003,237,PAIR_00237,BM-211,BF-242,BM-211,,0.8787396547598036
SIM_003,238,PAIR_00238,BM-218,BM-222,BM-222,,0.43835442419306125
SIM_003,239,PAIR_00239,BM-227,BM-222,BM-222,,0.4381211207784558
SIM_003,240,PAIR_00240,BM-229,BF-242,BF-242,,0.7016404399947652
SIM_003,241,PAIR_00241,BM-211,BM-231,BM-211,,0.8350011035534172
SIM_003,242,PAIR_00242,BM-213,BM-225,BM-225,,0.15830018632255818
SIM_003,243,PAIR_00243,BM-228,BF-255,BM-228,,0.3099448578523684
SIM_003,244,PAIR_00244,BM-223,BM-226,BM-223,,0.8063385161216202
SIM_003,245,PAIR_00245,BM-212,BM-215,BM-215,,0.1631748808952223
SIM_003,246,PAIR_00246,BM-221,BM-237,BM-221,,0.5549175947981636
SIM_003,247,PAIR_00247,BM-219,BM-239,BM-219,,0.7696116648813172
SIM_003,248,PAIR_00248,BM-216,BM-214,BM-214,,0.46390252138950805
SIM_003,249,PAIR_00249,BM-236,BM-224,BM-236,,0.8891249417513256
SIM_003,250,PAIR_00250,BM-217,BF-007,BF-007,,0.23907435981385444
SIM_003,251,PAIR_00251,BM-212,BM-228,BM-228,,0.1299829775347618
SIM_003,252,PAIR_00252,BM-217,BM-225,BM-225,,0.22762076888279198
SIM_003,253,PAIR_00253,BM-236,BM-219,BM-236,,0.6093901347663366
SIM_003,254,PAIR_00254,BM-218,BF-242,BM-218,,0.872069511853059
SIM_003,255,PAIR_00255,BM-226,BM-214,BM-214,,0.2522358602332104
SIM_003,256,PAIR_00256,BF-255,BM-213,BF-255,,0.886213166818921
SIM_003,257,PAIR_00257,BM-227,BM-239,BM-227,,0.7869735199346419
SIM_003,258,PAIR_00258,BM-229,BM-222,BM-229,,0.21213505355168763
SIM_003,259,PAIR_00259,BM-224,BM-223,BM-223,,0.20968887622430654
SIM_003,260,PAIR_00260,BM-216,BM-231,BM-216,,0.6601871626425073
SIM_003,261,PAIR_00261,BM-211,BF-007,BM-211,,0.6538142109888488
SIM_003,262,PAIR_00262,BM-215,BM-222,BM-222,,0.19100644193377725
SIM_003,263,PAIR_00263,BM-237,BM-218,BM-237,,0.2623233935218685
SIM_003,264,PAIR_00264,BM-221,BM-217,BM-221,,0.7148535166790715
SIM_003,265,PAIR_00265,BM-231,BM-237,BM-231,,0.3713569069910973
SIM_003,266,PAIR_00266,BM-228,BM-226,BM-228,,0.7127866217890074
SIM_003,267,PAIR_00267,BM-236,BM-221,BM-236,,0.7606981020969623
SIM_003,268,PAIR_00268,BM-239,BM-215,BM-215,,0.4720079919409225
SIM_003,269,PAIR_00269,BM-216,BM-211,BM-216,,0.27740590065037546
SIM_003,270,PAIR_00270,BF-255,BF-242,BF-255,,0.8569806375300371
SIM_003,271,PAIR_00271,BM-223,BM-214,BM-223,,0.5841101020402096
SIM_003,272,PAIR_00272,BM-225,BF-007,BF-007,,0.5160029583577592
SIM_003,273,PAIR_00273,BM-229,BM-219,BM-219,,0.2763470748582293
SIM_003,274,PAIR_00274,BM-213,BM-224,BM-213,,0.3910532598856224
SIM_003,275,PAIR_00275,BF-007,BM-227,BM-227,,0.3603758504743594
SIM_003,276,PAIR_00276,BM-236,BM-212,BM-236,,0.959827717024812
SIM_003,277,PAIR_00277,BM-237,BM-224,BM-224,,0.6692429390672207
SIM_003,278,PAIR_00278,BF-242,BM-216,BM-216,,0.2644078645825088
SIM_003,279,PAIR_00279,BM-215,BM-227,BM-227,,0.23242066634806705
SIM_003,280,PAIR_00280,BM-212,BM-221,BM-221,,0.11742272550174405
SIM_003,281,PAIR_00281,BM-231,BM-225,BM-225,,0.25928649124739844
SIM_003,282,PAIR_00282,BM-226,BM-222,BM-222,,0.11045284726338489
SIM_003,283,PAIR_00283,BM-217,BM-213,BM-217,,0.6104336905348509
SIM_003,284,PAIR_00284,BM-239,BM-229,BM-229,,0.4394325204751498
SIM_003,285,PAIR_00285,BF-255,BM-223,BF-255,,0.5702673104810158
SIM_003,286,PAIR_00286,BM-228,BM-211,BM-211,,0.27081518045009806
SIM_003,287,PAIR_00287,BM-222,BM-214,BM-214,,0.7309407531975411
SIM_003,288,PAIR_00288,BM-219,BM-215,BM-215,,0.7491406879013857
SIM_003,289,PAIR_00289,BM-218,BM-231,BM-231,,0.8264003448400584
SIM_003,290,PAIR_00290,BM-223,BM-217,BM-223,,0.7892737414758372
SIM_003,291,PAIR_00291,BM-216,BM-228,BM-216,,0.5082804312428928
SIM_003,292,PAIR_00292,BM-224,BF-255,BM-224,,0.16662420623664836
SIM_003,293,PAIR_00293,BM-226,BM-229,BM-229,,0.3156100905346744
SIM_003,294,PAIR_00294,BM-237,BM-219,BM-219,,0.28245398664576415
SIM_003,295,PAIR_00295,BF-242,BM-212,BF-242,,0.7132151985625615
SIM_003,296,PAIR_00296,BM-225,BM-227,BM-227,,0.37526396834976317
SIM_003,297,PAIR_00297,BM-214,BM-221,BM-221,,0.5154475086916739
SIM_003,298,PAIR_00298,BM-218,BM-236,BM-236,,0.4150461190579815
SIM_003,299,PAIR_00299,BM-211,BM-213,BM-211,,0.9040228264809127
SIM_003,300,PAIR_00300,BF-007,BM-239,BF-007,,0.6754730993723337
SIM_004,1,PAIR_00001,BM-216,BM-221,BM-216,,0.47930386809454184
SIM_004,2,PAIR_00002,BM-239,BM-228,BM-239,,0.4065123944074379
SIM_004,3,PAIR_00003,BF-007,BM-229,BF-007,,0.620007354928767
SIM_004,4,PAIR_00004,BM-212,BM-227,BM-227,,0.055751477219154306
SIM_004,5,PAIR_00005,BM-223,BM-222,BM-223,,0.34079984699266824
SIM_004,6,PAIR_00006,BF-242,BM-237,BM-237,,0.2920487232935015
SIM_004,7,PAIR_00007,BM-213,BM-231,BM-213,,0.3494972203862205
SIM_004,8,PAIR_00008,BM-225,BM-236,BM-236,,0.2986383072115851
SIM_004,9,PAIR_00009,BM-226,BM-215,BM-226,,0.3446500059286485
SIM_004,10,PAIR_00010,BM-218,BM-211,BM-218,,0.48471308048957706
SIM_004,11,PAIR_00011,BM-219,BM-217,BM-217,,0.836284111455051
SIM_004,12,PAIR_00012,BM-214,BM-224,BM-214,,0.7285212378857929
SIM_004,13,PAIR_00013,BF-255,BM-215,BF-255,,0.7439676574531842
SIM_004,14,PAIR_00014,BM-222,BM-236,BM-236,,0.47619298251945674
SIM_004,15,PAIR_00015,BM-224,BF-007,BF-007,,0.2379394939340924
SIM_004,16,PAIR_00016,BM-228,BM-223,BM-228,,0.37345215256477066
SIM_004,17,PAIR_00017,BM-221,BM-231,BM-221,,0.6785159906769078
SIM_004,18,PAIR_00018,BM-212,BF-255,BF-255,,0.06288570486356526
SIM_004,19,PAIR_00019,BM-213,BM-229,BM-229,,0.24650926495140532
SIM_004,20,PAIR_00020,BF-242,BM-214,BM-214,,0.23724843950996033
SIM_004,21,PAIR_00021,BM-218,BM-227,BM-218,,0.5002369183711579
SIM_004,22,PAIR_00022,BM-219,BM-211,BM-211,,0.459396414456364
SIM_004,23,PAIR_00023,BM-216,BM-239,BM-216,,0.6014538878382059
SIM_004,24,PAIR_00024,BM-225,BM-226,BM-225,,0.7904488994507026
SIM_004,25,PAIR_00025,BM-217,BM-237,BM-237,,0.3321416766402924
SIM_004,26,PAIR_00026,BM-228,BF-242,BM-228,,0.7290994168484117
SIM_004,27,PAIR_00027,BM-226,BF-007,BF-007,,0.22035484969150645
SIM_004,28,PAIR_00028,BM-218,BM-216,BM-218,,0.7101677973349876
SIM_004,29,PAIR_00029,BM-237,BM-213,BM-237,,0.7590814226534237
SIM_004,30,PAIR_00030,BM-231,BM-236,BM-236,,0.12971614300494108
SIM_004,31,PAIR_00031,BM-211,BM-225,BM-211,,0.6391816251210418
SIM_004,32,PAIR_00032,BM-224,BM-229,BM-229,,0.3375055782864029
SIM_004,33,PAIR_00033,BM-221,BM-219,BM-219,,0.3292097878666537
SIM_004,34,PAIR_00034,BM-215,BM-214,BM-215,,0.3907685043566045
SIM_004,35,PAIR_00035,BM-239,BM-223,BM-239,,0.2899067120138933
SIM_004,36,PAIR_00036,BM-217,BF-255,BF-255,,0.16749368987613308
SIM_004,37,PAIR_00037,BM-222,BM-212,BM-222,,0.9559877205776918
SIM_004,38,PAIR_00038,BM-236,BM-227,BM-236,,0.5851839412783998
SIM_004,39,PAIR_00039,BM-217,BM-214,BM-214,,0.27271634835576414
SIM_004,40,PAIR_00040,BF-255,BM-226,BM-226,,0.8467498546318379
SIM_004,41,PAIR_00041,BM-229,BM-216,BM-216,,0.458083311976373
SIM_004,42,PAIR_00042,BM-211,BM-224,BM-211,,0.8581315487375101
SIM_004,43,PAIR_00043,BM-219,BM-231,BM-219,,0.8113370505696746
SIM_004,44,PAIR_00044,BM-218,BM-215,BM-218,,0.7677483569731899
SIM_004,45,PAIR_00045,BM-228,BM-237,BM-228,,0.5261270737795799
SIM_004,46,PAIR_00046,BM-221,BM-223,BM-221,,0.4009571315095831
SIM_004,47,PAIR_00047,BM-227,BM-213,BM-227,,0.898496525351987
SIM_004,48,PAIR_00048,BM-225,BM-212,BM-225,,0.9105025016100444
SIM_004,49,PAIR_00049,BF-007,BM-222,BF-007,,0.3052281205908015
SIM_004,50,PAIR_00050,BM-239,BF-242,BM-239,,0.6483185302283063
SIM_004,51,PAIR_00051,BM-214,BF-007,BM-214,,0.4558957557008482
SIM_004,52,PAIR_00052,BM-216,BM-212,BM-216,,0.8737173229181733
SIM_004,53,PAIR_00053,BM-223,BM-227,BM-227,,0.3986865182977619
SIM_004,54,PAIR_00054,BM-217,BM-231,BM-231,,0.45707731145428465
SIM_004,55,PAIR_00055,BF-242,BM-226,BF-242,,0.4797357297054694
SIM_004,56,PAIR_00056,BM-221,BM-239,BM-221,,0.6211326493727066
SIM_004,57,PAIR_00057,BM-228,BM-218,BM-218,,0.2830619035400725
SIM_004,58,PAIR_00058,BM-222,BM-225,BM-222,,0.6810258985706044
SIM_004,59,PAIR_00059,BM-229,BM-215,BM-229,,0.5327978943713936
SIM_004,60,PAIR_00060,BM-236,BM-211,BM-211,,0.5700307524616257
SIM_004,61,PAIR_00061,BF-255,BM-237,BM-237,,0.7119719570816829
SIM_004,62,PAIR_00062,BM-219,BM-213,BM-219,,0.8889412139677642
SIM_004,63,PAIR_00063,BF-242,BM-224,BF-242,,0.45494959516696887
SIM_004,64,PAIR_00064,BM-229,BM-237,BM-229,,0.49241736101051403
SIM_004,65,PAIR_00065,BM-226,BM-227,BM-227,,0.13736703098829836
SIM_004,66,PAIR_00066,BM-215,BM-216,BM-216,,0.42569403475889667
SIM_004,67,PAIR_00067,BM-213,BM-214,BM-214,,0.19309558203895444
SIM_004,68,PAIR_00068,BM-222,BM-217,BM-222,,0.8787115543332452
SIM_004,69,PAIR_00069,BM-225,BM-218,BM-225,,0.3750418211636877
SIM_004,70,PAIR_00070,BM-223,BF-007,BM-223,,0.54060842380539
SIM_004,71,PAIR_00071,BM-239,BM-211,BM-239,,0.20279883241704552
SIM_004,72,PAIR_00072,BM-236,BF-255,BM-236,,0.6158783457170887
SIM_004,73,PAIR_00073,BM-212,BM-219,BM-219,,0.061293611521879086
SIM_004,74,PAIR_00074,BM-231,BM-228,BM-228,,0.3472830018189138
SIM_004,75,PAIR_00075,BM-224,BM-221,BM-221,,0.28387450638342465
SIM_004,76,PAIR_00076,BM-221,BF-242,BM-221,,0.7513854013975068
SIM_004,77,PAIR_00077,BM-222,BM-219,BM-222,,0.5864840223325505
SIM_004,78,PAIR_00078,BM-224,BM-226,BM-226,,0.5248769766578227
SIM_004,79,PAIR_00079,BM-212,BM-214,BM-214,,0.11116701969697171
SIM_004,80,PAIR_00080,BF-007,BM-237,BM-237,,0.6128354244491387
SIM_004,81,PAIR_00081,BM-211,BM-217,BM-211,,0.8573691371982063
SIM_004,82,PAIR_00082,BM-228,BM-225,BM-225,,0.39683344870518444
SIM_004,83,PAIR_00083,BM-213,BM-216,BM-216,,0.21663610038712067
SIM_004,84,PAIR_00084,BM-223,BM-215,BM-215,,0.6864881778517896
SIM_004,85,PAIR_00085,BM-231,BM-227,BM-227,,0.17373565313266423
SIM_004,86,PAIR_00086,BM-239,BF-255,BF-255,,0.23527180306944467
SIM_004,87,PAIR_00087,BM-229,BM-236,BM-236,,0.19664388366947144
SIM_004,88,PAIR_00088,BM-219,BM-218,BM-219,,0.4746203209194756
SIM_004,89,PAIR_00089,BM-229,BM-214,BM-229,,0.4224551616355219
SIM_004,90,PAIR_00090,BM-213,BM-221,BM-221,,0.20290916874714177
SIM_004,91,PAIR_00091,BM-224,BM-215,BM-224,,0.36747839029831664
SIM_004,92,PAIR_00092,BM-212,BM-226,BM-226,,0.27048711097929706
SIM_004,93,PAIR_00093,BM-237,BM-227,BM-227,,0.2625068189721848
SIM_004,94,PAIR_00094,BM-217,BF-242,BF-242,,0.5465994159293619
SIM_004,95,PAIR_00095,BM-223,BM-218,BM-218,,0.3984593490577611
SIM_004,96,PAIR_00096,BF-255,BM-216,BF-255,,0.682926223091502
SIM_004,97,PAIR_00097,BM-222,BM-211,BM-211,,0.5465340657043668
SIM_004,98,PAIR_00098,BM-231,BF-007,BM-231,,0.271772807943265
SIM_004,99,PAIR_00099,BM-239,BM-225,BM-225,,0.31065077989289125
SIM_004,100,PAIR_00100,BM-228,BM-236,BM-228,,0.2188351921913676
SIM_004,101,PAIR_00101,BM-211,BM-226,BM-211,,0.8698289600678419
SIM_004,102,PAIR_00102,BF-007,BM-219,BM-219,,0.38388872519658374
SIM_004,103,PAIR_00103,BM-236,BM-214,BM-236,,0.7492659043913402
SIM_004,104,PAIR_00104,BF-242,BM-213,BM-213,,0.5651758931159829
SIM_004,105,PAIR_00105,BF-255,BM-222,BM-222,,0.40690134004113265
SIM_004,106,PAIR_00106,BM-212,BM-218,BM-212,,0.05570160960137181
SIM_004,107,PAIR_00107,BM-231,BM-215,BM-215,,0.4098254623839697
SIM_004,108,PAIR_00108,BM-228,BM-227,BM-227,,0.2832542619174882
SIM_004,109,PAIR_00109,BM-223,BM-216,BM-223,,0.6187652185868557
SIM_004,110,PAIR_00110,BM-237,BM-239,BM-237,,0.5680251532244893
SIM_004,111,PAIR_00111,BM-229,BM-225,BM-225,,0.36502653811052327
SIM_004,112,PAIR_00112,BM-224,BM-217,BM-224,,0.4984378712552536
SIM_004,113,PAIR_00113,BM-225,BM-221,BM-225,,0.5751073295424118
SIM_004,114,PAIR_00114,BM-214,BM-231,BM-214,,0.6918473256643518
SIM_004,115,PAIR_00115,BM-229,BM-223,BM-223,,0.34245527804465553
SIM_004,116,PAIR_00116,BF-242,BM-215,BM-215,,0.32656960876884994
SIM_004,117,PAIR_00117,BM-213,BM-226,BM-226,,0.4150088421278394
SIM_004,118,PAIR_00118,BM-216,BM-219,BM-219,,0.3111832951396571
SIM_004,119,PAIR_00119,BM-237,BM-222,BM-237,,0.217248963876395
SIM_004,120,PAIR_00120,BM-211,BM-221,BM-211,,0.7056882563938565
SIM_004,121,PAIR_00121,BM-217,BM-228,BM-217,,0.30935894027404387
SIM_004,122,PAIR_00122,BM-212,BM-224,BM-224,,0.2512902538392436
SIM_004,123,PAIR_00123,BM-239,BM-218,BM-239,,0.21286764940304412
SIM_004,124,PAIR_00124,BM-227,BF-255,BM-227,,0.53195615808631
SIM_004,125,PAIR_00125,BM-236,BF-007,BM-236,,0.7145985761171072
SIM_004,126,PAIR_00126,BM-223,BM-211,BM-211,,0.3838933329441322
SIM_004,127,PAIR_00127,BM-231,BM-212,BM-231,,0.7807608319292152
SIM_004,128,PAIR_00128,BM-219,BM-214,BM-219,,0.6569995404963171
SIM_004,129,PAIR_00129,BM-236,BF-242,BM-236,,0.9057254918377985
SIM_004,130,PAIR_00130,BM-213,BM-222,BM-222,,0.08095655714746094
SIM_004,131,PAIR_00131,BM-226,BM-221,BM-226,,0.2640714551215016
SIM_004,132,PAIR_00132,BF-007,BF-255,BF-255,,0.3903754955686164
SIM_004,133,PAIR_00133,BM-216,BM-237,BM-237,,0.5343777554152823
SIM_004,134,PAIR_00134,BM-239,BM-217,BM-239,,0.6046112198850913
SIM_004,135,PAIR_00135,BM-215,BM-225,BM-225,,0.3351477454818891
SIM_004,136,PAIR_00136,BM-229,BM-218,BM-218,,0.25649614064364357
SIM_004,137,PAIR_00137,BM-224,BM-227,BM-227,,0.14959987243631057
SIM_004,138,PAIR_00138,BM-228,BF-007,BF-007,,0.41225696256436
SIM_004,139,PAIR_00139,BM-216,BM-236,BM-216,,0.2245504545236615
SIM_004,140,PAIR_00140,BM-218,BM-217,BM-218,,0.8497244999092971
SIM_004,141,PAIR_00141,BM-231,BM-229,BM-229,,0.37846534003523
SIM_004,142,PAIR_00142,BM-237,BM-214,BM-214,,0.42987286313774875
SIM_004,143,PAIR_00143,BF-242,BM-227,BM-227,,0.12803625194772436
SIM_004,144,PAIR_00144,BM-219,BM-224,BM-219,,0.8371378204852085
SIM_004,145,PAIR_00145,BM-211,BF-255,BM-211,,0.5473857435404343
SIM_004,146,PAIR_00146,BM-225,BM-223,BM-223,,0.4753304079297246
SIM_004,147,PAIR_00147,BM-222,BM-221,BM-222,,0.7429218072548591
SIM_004,148,PAIR_00148,BM-212,BM-213,BM-213,,0.343247453131141
SIM_004,149,PAIR_00149,BM-239,BM-226,BM-239,,0.6296124959858393
SIM_004,150,PAIR_00150,BM-228,BM-215,BM-228,,0.5661884331139478
SIM_004,151,PAIR_00151,BM-226,BM-231,BM-226,,0.43095568282384794
SIM_004,152,PAIR_00152,BM-217,BM-227,BM-227,,0.15039655126629822
SIM_004,153,PAIR_00153,BM-239,BM-236,BM-236,,0.1609915146051335
SIM_004,154,PAIR_00154,BF-255,BM-229,BF-255,,0.7181520469739519
SIM_004,155,PAIR_00155,BM-237,BM-223,BM-237,,0.3493178947989133
SIM_004,156,PAIR_00156,BM-224,BM-225,BM-224,,0.22652408676368152
SIM_004,157,PAIR_00157,BM-222,BF-242,BM-222,,0.8972674817394369
SIM_004,158,PAIR_00158,BM-211,BM-215,BM-211,,0.778476014177606
SIM_004,159,PAIR_00159,BM-214,BM-228,BM-214,,0.5443249145087194
SIM_004,160,PAIR_00160,BF-007,BM-212,BF-007,,0.9051455603350077
SIM_004,161,PAIR_00161,BM-221,BM-218,BM-218,,0.3071734138642074
SIM_004,162,PAIR_00162,BM-213,BM-215,BM-215,,0.27171535970268296
SIM_004,163,PAIR_00163,BM-222,BM-216,BM-222,,0.7584210486984893
SIM_004,164,PAIR_00164,BM-226,BM-219,BM-219,,0.14973582300182697
SIM_004,165,PAIR_00165,BF-242,BM-219,BM-219,,0.1397009443711754
SIM_004,166,PAIR_00166,BM-239,BM-212,BM-239,,0.8209368081505211
SIM_004,167,PAIR_00167,BM-224,BM-231,BM-224,,0.455527110474699
SIM_004,168,PAIR_00168,BF-255,BM-221,BM-221,,0.664724591609599
SIM_004,169,PAIR_00169,BM-214,BM-211,BM-211,,0.3073102650961119
SIM_004,170,PAIR_00170,BM-225,BM-237,BM-225,,0.6279144817815363
SIM_004,171,PAIR_00171,BM-236,BM-223,BM-236,,0.6802741559998849
SIM_004,172,PAIR_00172,BM-217,BM-229,BM-229,,0.33890413853700446
SIM_004,173,PAIR_00173,BM-227,BM-216,BM-227,,0.7099726993206014
SIM_004,174,PAIR_00174,BM-213,BM-228,BM-228,,0.22231027439100884
SIM_004,175,PAIR_00175,BM-218,BF-007,BM-218,,0.6398425641938011
SIM_004,176,PAIR_00176,BM-216,BF-007,BM-216,,0.4203057864236588
SIM_004,177,PAIR_00177,BM-226,BM-217,BM-226,,0.47356500376324917
SIM_004,178,PAIR_00178,BF-255,BM-219,BM-219,,0.4931652408467495
SIM_004,179,PAIR_00179,BM-223,BM-231,BM-223,,0.7592256577132775
SIM_004,180,PAIR_00180,BM-213,BM-239,BM-239,,0.2944534790660408
SIM_004,181,PAIR_00181,BM-214,BM-227,BM-227,,0.3206884215984604
SIM_004,182,PAIR_00182,BM-212,BM-237,BM-237,,0.1422769554917922
SIM_004,183,PAIR_00183,BM-218,BM-224,BM-218,,0.8505206503266772
SIM_004,184,PAIR_00184,BM-228,BM-222,BM-222,,0.23556193822118957
SIM_004,185,PAIR_00185,BF-242,BM-225,BM-225,,0.19643367405875783
SIM_004,186,PAIR_00186,BM-215,BM-221,BM-221,,0.40557872439933085
SIM_004,187,PAIR_00187,BM-229,BM-211,BM-211,,0.2450060041102735
SIM_004,188,PAIR_00188,BM-236,BM-215,BM-236,,0.8232878750346994
SIM_004,189,PAIR_00189,BM-217,BM-236,BM-236,,0.11149254937650074
SIM_004,190,PAIR_00190,BM-213,BF-007,BF-007,,0.1670199276460357
SIM_004,191,PAIR_00191,BF-242,BM-223,BM-223,,0.181310561075186
SIM_004,192,PAIR_00192,BM-212,BM-211,BM-211,,0.05257037532846488
SIM_004,193,PAIR_00193,BM-224,BM-216,BM-216,,0.30101034586316194
SIM_004,194,PAIR_00194,BM-228,BM-229,BM-229,,0.5336830207039965
SIM_004,195,PAIR_00195,BM-237,BM-226,BM-237,,0.6909048845448961
SIM_004,196,PAIR_00196,BM-218,BF-255,BF-255,,0.5321921015517458
SIM_004,197,PAIR_00197,BM-221,BM-227,BM-227,,0.3073751326137769
SIM_004,198,PAIR_00198,BM-219,BM-225,BM-219,,0.6008579426588972
SIM_004,199,PAIR_00199,BM-239,BM-214,BM-214,,0.36443452115951475
SIM_004,200,PAIR_00200,BM-231,BM-222,BM-222,,0.14085935233764144
SIM_004,201,PAIR_00201,BM-215,BM-217,BM-215,,0.6310680135639577
SIM_004,202,PAIR_00202,BM-222,BM-224,BM-222,,0.8793759336275948
SIM_004,203,PAIR_00203,BF-255,BM-214,BF-255,,0.6508120994774664
SIM_004,204,PAIR_00204,BM-228,BM-219,BM-228,,0.3041278356745797
SIM_004,205,PAIR_00205,BM-229,BM-221,BM-221,,0.437603698557496
SIM_004,206,PAIR_00206,BM-226,BM-218,BM-218,,0.13725477278924952
SIM_004,207,PAIR_00207,BM-225,BM-216,BM-216,,0.5952114627748064
SIM_004,208,PAIR_00208,BM-211,BM-237,BM-211,,0.7493397780868819
SIM_004,209,PAIR_00209,BM-239,BM-231,BM-239,,0.5628167694682431
SIM_004,210,PAIR_00210,BM-213,BM-236,BM-236,,0.07414322575223149
SIM_004,211,PAIR_00211,BF-007,BF-242,BF-007,,0.793261986734821
SIM_004,212,PAIR_00212,BM-212,BM-223,BM-223,,0.08176947027292372
SIM_004,213,PAIR_00213,BM-227,BM-211,BM-211,,0.48447638700912915
SIM_004,214,PAIR_00214,BM-216,BM-217,BM-216,,0.6976733103767735
SIM_004,215,PAIR_00215,BM-219,BM-227,BM-227,,0.4748566345512353
SIM_004,216,PAIR_00216,BM-214,BM-218,BM-214,,0.3204820085092622
SIM_004,217,PAIR_00217,BM-237,BM-215,BM-215,,0.5403404035999196
SIM_004,218,PAIR_00218,BM-236,BM-226,BM-236,,0.8985689276258495
SIM_004,219,PAIR_00219,BM-224,BM-228,BM-228,,0.30802549607309854
SIM_004,220,PAIR_00220,BM-231,BF-242,BF-242,,0.5888115508887632
SIM_004,221,PAIR_00221,BM-225,BF-255,BF-255,,0.4057168439867916
SIM_004,222,PAIR_00222,BM-221,BF-007,BF-007,,0.44061009653969924
SIM_004,223,PAIR_00223,BM-212,BM-229,BM-229,,0.1460189214358076
SIM_004,224,PAIR_00224,BM-222,BM-239,BM-222,,0.8257166177944669
SIM_004,225,PAIR_00225,BM-223,BM-213,BM-223,,0.8544189721459678
SIM_004,226,PAIR_00226,BM-221,BM-228,BM-228,,0.5289567135647587
SIM_004,227,PAIR_00227,BM-215,BF-007,BF-007,,0.34956322046724636
SIM_004,228,PAIR_00228,BF-255,BM-231,BF-255,,0.8071163599244839
SIM_004,229,PAIR_00229,BM-219,BM-223,BM-223,,0.5769542374218426
SIM_004,230,PAIR_00230,BM-218,BM-213,BM-218,,0.8985829210390318
SIM_004,231,PAIR_00231,BM-226,BM-216,BM-226,,0.2804800925353363
SIM_004,232,PAIR_00232,BM-225,BM-214,BM-214,,0.5599379861217109
SIM_004,233,PAIR_00233,BM-227,BM-229,BM-227,,0.7433230907449867
SIM_004,234,PAIR_00234,BM-224,BM-239,BM-239,,0.3938960078122809
SIM_004,235,PAIR_00235,BM-212,BM-217,BM-217,,0.2501164607503142
SIM_004,236,PAIR_00236,BM-236,BM-237,BM-237,,0.7985201491919167
SIM_004,237,PAIR_00237,BM-211,BF-242,BF-242,,0.8787396547598036
SIM_004,238,PAIR_00238,BM-218,BM-222,BM-222,,0.43835442419306125
SIM_004,239,PAIR_00239,BM-227,BM-222,BM-222,,0.4381211207784558
SIM_004,240,PAIR_00240,BM-229,BF-242,BF-242,,0.7016404399947652
SIM_004,241,PAIR_00241,BM-211,BM-231,BM-211,,0.8350011035534172
SIM_004,242,PAIR_00242,BM-213,BM-225,BM-225,,0.15830018632255818
SIM_004,243,PAIR_00243,BM-228,BF-255,BF-255,,0.3099448578523684
SIM_004,244,PAIR_00244,BM-223,BM-226,BM-223,,0.8063385161216202
SIM_004,245,PAIR_00245,BM-212,BM-215,BM-212,,0.1631748808952223
SIM_004,246,PAIR_00246,BM-221,BM-237,BM-221,,0.5549175947981636
SIM_004,247,PAIR_00247,BM-219,BM-239,BM-239,,0.7696116648813172
SIM_004,248,PAIR_00248,BM-216,BM-214,BM-214,,0.46390252138950805
SIM_004,249,PAIR_00249,BM-236,BM-224,BM-236,,0.8891249417513256
SIM_004,250,PAIR_00250,BM-217,BF-007,BM-217,,0.23907435981385444
SIM_004,251,PAIR_00251,BM-212,BM-228,BM-228,,0.1299829775347618
SIM_004,252,PAIR_00252,BM-217,BM-225,BM-225,,0.22762076888279198
SIM_004,253,PAIR_00253,BM-236,BM-219,BM-236,,0.6093901347663366
SIM_004,254,PAIR_00254,BM-218,BF-242,BM-218,,0.872069511853059
SIM_004,255,PAIR_00255,BM-226,BM-214,BM-214,,0.2522358602332104
SIM_004,256,PAIR_00256,BF-255,BM-213,BF-255,,0.886213166818921
SIM_004,257,PAIR_00257,BM-227,BM-239,BM-227,,0.7869735199346419
SIM_004,258,PAIR_00258,BM-229,BM-222,BM-222,,0.21213505355168763
SIM_004,259,PAIR_00259,BM-224,BM-223,BM-224,,0.20968887622430654
SIM_004,260,PAIR_00260,BM-216,BM-231,BM-231,,0.6601871626425073
SIM_004,261,PAIR_00261,BM-211,BF-007,BM-211,,0.6538142109888488
SIM_004,262,PAIR_00262,BM-215,BM-222,BM-222,,0.19100644193377725
SIM_004,263,PAIR_00263,BM-237,BM-218,BM-218,,0.2623233935218685
SIM_004,264,PAIR_00264,BM-221,BM-217,BM-221,,0.7148535166790715
SIM_004,265,PAIR_00265,BM-231,BM-237,BM-231,,0.3713569069910973
SIM_004,266,PAIR_00266,BM-228,BM-226,BM-228,,0.7127866217890074
SIM_004,267,PAIR_00267,BM-236,BM-221,BM-236,,0.7606981020969623
SIM_004,268,PAIR_00268,BM-239,BM-215,BM-239,,0.4720079919409225
SIM_004,269,PAIR_00269,BM-216,BM-211,BM-211,,0.27740590065037546
SIM_004,270,PAIR_00270,BF-255,BF-242,BF-255,,0.8569806375300371
SIM_004,271,PAIR_00271,BM-223,BM-214,BM-214,,0.5841101020402096
SIM_004,272,PAIR_00272,BM-225,BF-007,BF-007,,0.5160029583577592
SIM_004,273,PAIR_00273,BM-229,BM-219,BM-219,,0.2763470748582293
SIM_004,274,PAIR_00274,BM-213,BM-224,BM-213,,0.3910532598856224
SIM_004,275,PAIR_00275,BF-007,BM-227,BM-227,,0.3603758504743594
SIM_004,276,PAIR_00276,BM-236,BM-212,BM-236,,0.959827717024812
SIM_004,277,PAIR_00277,BM-237,BM-224,BM-224,,0.6692429390672207
SIM_004,278,PAIR_00278,BF-242,BM-216,BM-216,,0.2644078645825088
SIM_004,279,PAIR_00279,BM-215,BM-227,BM-215,,0.23242066634806705
SIM_004,280,PAIR_00280,BM-212,BM-221,BM-221,,0.11742272550174405
SIM_004,281,PAIR_00281,BM-231,BM-225,BM-225,,0.25928649124739844
SIM_004,282,PAIR_00282,BM-226,BM-222,BM-222,,0.11045284726338489
SIM_004,283,PAIR_00283,BM-217,BM-213,BM-217,,0.6104336905348509
SIM_004,284,PAIR_00284,BM-239,BM-229,BM-239,,0.4394325204751498
SIM_004,285,PAIR_00285,BF-255,BM-223,BM-223,,0.5702673104810158
SIM_004,286,PAIR_00286,BM-228,BM-211,BM-211,,0.27081518045009806
SIM_004,287,PAIR_00287,BM-222,BM-214,BM-222,,0.7309407531975411
SIM_004,288,PAIR_00288,BM-219,BM-215,BM-215,,0.7491406879013857
SIM_004,289,PAIR_00289,BM-218,BM-231,BM-218,,0.8264003448400584
SIM_004,290,PAIR_00290,BM-223,BM-217,BM-223,,0.7892737414758372
SIM_004,291,PAIR_00291,BM-216,BM-228,BM-228,,0.5082804312428928
SIM_004,292,PAIR_00292,BM-224,BF-255,BF-255,,0.16662420623664836
SIM_004,293,PAIR_00293,BM-226,BM-229,BM-229,,0.3156100905346744
SIM_004,294,PAIR_00294,BM-237,BM-219,BM-219,,0.28245398664576415
SIM_004,295,PAIR_00295,BF-242,BM-212,BF-242,,0.7132151985625615
SIM_004,296,PAIR_00296,BM-225,BM-227,BM-225,,0.37526396834976317
SIM_004,297,PAIR_00297,BM-214,BM-221,BM-214,,0.5154475086916739
SIM_004,298,PAIR_00298,BM-218,BM-236,BM-218,,0.4150461190579815
SIM_004,299,PAIR_00299,BM-211,BM-213,BM-211,,0.9040228264809127
SIM_004,300,PAIR_00300,BF-007,BM-239,BM-239,,0.6754730993723337
SIM_005,1,PAIR_00001,BM-216,BM-221,BM-221,,0.47930386809454184
SIM_005,2,PAIR_00002,BM-239,BM-228,BM-239,,0.4065123944074379
SIM_005,3,PAIR_00003,BF-007,BM-229,BF-007,,0.620007354928767
SIM_005,4,PAIR_00004,BM-212,BM-227,BM-227,,0.055751477219154306
SIM_005,5,PAIR_00005,BM-223,BM-222,BM-223,,0.34079984699266824
SIM_005,6,PAIR_00006,BF-242,BM-237,BM-237,,0.2920487232935015
SIM_005,7,PAIR_00007,BM-213,BM-231,BM-231,,0.3494972203862205
SIM_005,8,PAIR_00008,BM-225,BM-236,BM-236,,0.2986383072115851
SIM_005,9,PAIR_00009,BM-226,BM-215,BM-215,,0.3446500059286485
SIM_005,10,PAIR_00010,BM-218,BM-211,BM-218,,0.48471308048957706
SIM_005,11,PAIR_00011,BM-219,BM-217,BM-219,,0.836284111455051
SIM_005,12,PAIR_00012,BM-214,BM-224,BM-224,,0.7285212378857929
SIM_005,13,PAIR_00013,BF-255,BM-215,BF-255,,0.7439676574531842
SIM_005,14,PAIR_00014,BM-222,BM-236,BM-222,,0.47619298251945674
SIM_005,15,PAIR_00015,BM-224,BF-007,BF-007,,0.2379394939340924
SIM_005,16,PAIR_00016,BM-228,BM-223,BM-228,,0.37345215256477066
SIM_005,17,PAIR_00017,BM-221,BM-231,BM-221,,0.6785159906769078
SIM_005,18,PAIR_00018,BM-212,BF-255,BF-255,,0.06288570486356526
SIM_005,19,PAIR_00019,BM-213,BM-229,BM-229,,0.24650926495140532
SIM_005,20,PAIR_00020,BF-242,BM-214,BM-214,,0.23724843950996033
SIM_005,21,PAIR_00021,BM-218,BM-227,BM-227,,0.5002369183711579
SIM_005,22,PAIR_00022,BM-219,BM-211,BM-219,,0.459396414456364
SIM_005,23,PAIR_00023,BM-216,BM-239,BM-239,,0.6014538878382059
SIM_005,24,PAIR_00024,BM-225,BM-226,BM-225,,0.7904488994507026
SIM_005,25,PAIR_00025,BM-217,BM-237,BM-217,,0.3321416766402924
SIM_005,26,PAIR_00026,BM-228,BF-242,BM-228,,0.7290994168484117
SIM_005,27,PAIR_00027,BM-226,BF-007,BM-226,,0.22035484969150645
SIM_005,28,PAIR_00028,BM-218,BM-216,BM-218,,0.7101677973349876
SIM_005,29,PAIR_00029,BM-237,BM-213,BM-237,,0.7590814226534237
SIM_005,30,PAIR_00030,BM-231,BM-236,BM-236,,0.12971614300494108
SIM_005,31,PAIR_00031,BM-211,BM-225,BM-211,,0.6391816251210418
SIM_005,32,PAIR_00032,BM-224,BM-229,BM-224,,0.3375055782864029
SIM_005,33,PAIR_00033,BM-221,BM-219,BM-219,,0.3292097878666537
SIM_005,34,PAIR_00034,BM-215,BM-214,BM-214,,0.3907685043566045
SIM_005,35,PAIR_00035,BM-239,BM-223,BM-223,,0.2899067120138933
SIM_005,36,PAIR_00036,BM-217,BF-255,BF-255,,0.16749368987613308
SIM_005,37,PAIR_00037,BM-222,BM-212,BM-222,,0.9559877205776918
SIM_005,38,PAIR_00038,BM-236,BM-227,BM-227,,0.5851839412783998
SIM_005,39,PAIR_00039,BM-217,BM-214,BM-214,,0.27271634835576414
SIM_005,40,PAIR_00040,BF-255,BM-226,BF-255,,0.8467498546318379
SIM_005,41,PAIR_00041,BM-229,BM-216,BM-216,,0.458083311976373
SIM_005,42,PAIR_00042,BM-211,BM-224,BM-211,,0.8581315487375101
SIM_005,43,PAIR_00043,BM-219,BM-231,BM-219,,0.8113370505696746
SIM_005,44,PAIR_00044,BM-218,BM-215,BM-218,,0.7677483569731899
SIM_005,45,PAIR_00045,BM-228,BM-237,BM-228,,0.5261270737795799
SIM_005,46,PAIR_00046,BM-221,BM-223,BM-223,,0.4009571315095831
SIM_005,47,PAIR_00047,BM-227,BM-213,BM-227,,0.898496525351987
SIM_005,48,PAIR_00048,BM-225,BM-212,BM-225,,0.9105025016100444
SIM_005,49,PAIR_00049,BF-007,BM-222,BF-007,,0.3052281205908015
SIM_005,50,PAIR_00050,BM-239,BF-242,BM-239,,0.6483185302283063
SIM_005,51,PAIR_00051,BM-214,BF-007,BF-007,,0.4558957557008482
SIM_005,52,PAIR_00052,BM-216,BM-212,BM-216,,0.8737173229181733
SIM_005,53,PAIR_00053,BM-223,BM-227,BM-223,,0.3986865182977619
SIM_005,54,PAIR_00054,BM-217,BM-231,BM-231,,0.45707731145428465
SIM_005,55,PAIR_00055,BF-242,BM-226,BF-242,,0.4797357297054694
SIM_005,56,PAIR_00056,BM-221,BM-239,BM-239,,0.6211326493727066
SIM_005,57,PAIR_00057,BM-228,BM-218,BM-228,,0.2830619035400725
SIM_005,58,PAIR_00058,BM-222,BM-225,BM-222,,0.6810258985706044
SIM_005,59,PAIR_00059,BM-229,BM-215,BM-229,,0.5327978943713936
SIM_005,60,PAIR_00060,BM-236,BM-211,BM-236,,0.5700307524616257
SIM_005,61,PAIR_00061,BF-255,BM-237,BM-237,,0.7119719570816829
SIM_005,62,PAIR_00062,BM-219,BM-213,BM-219,,0.8889412139677642
SIM_005,63,PAIR_00063,BF-242,BM-224,BF-242,,0.45494959516696887
SIM_005,64,PAIR_00064,BM-229,BM-237,BM-229,,0.49241736101051403
SIM_005,65,PAIR_00065,BM-226,BM-227,BM-227,,0.13736703098829836
SIM_005,66,PAIR_00066,BM-215,BM-216,BM-215,,0.42569403475889667
SIM_005,67,PAIR_00067,BM-213,BM-214,BM-214,,0.19309558203895444
SIM_005,68,PAIR_00068,BM-222,BM-217,BM-222,,0.8787115543332452
SIM_005,69,PAIR_00069,BM-225,BM-218,BM-225,,0.3750418211636877
SIM_005,70,PAIR_00070,BM-223,BF-007,BF-007,,0.54060842380539
SIM_005,71,PAIR_00071,BM-239,BM-211,BM-211,,0.20279883241704552
SIM_005,72,PAIR_00072,BM-236,BF-255,BM-236,,0.6158783457170887
SIM_005,73,PAIR_00073,BM-212,BM-219,BM-219,,0.061293611521879086
SIM_005,74,PAIR_00074,BM-231,BM-228,BM-228,,0.3472830018189138
SIM_005,75,PAIR_00075,BM-224,BM-221,BM-221,,0.28387450638342465
SIM_005,76,PAIR_00076,BM-221,BF-242,BF-242,,0.7513854013975068
SIM_005,77,PAIR_00077,BM-222,BM-219,BM-222,,0.5864840223325505
SIM_005,78,PAIR_00078,BM-224,BM-226,BM-226,,0.5248769766578227
SIM_005,79,PAIR_00079,BM-212,BM-214,BM-212,,0.11116701969697171
SIM_005,80,PAIR_00080,BF-007,BM-237,BF-007,,0.6128354244491387
SIM_005,81,PAIR_00081,BM-211,BM-217,BM-211,,0.8573691371982063
SIM_005,82,PAIR_00082,BM-228,BM-225,BM-225,,0.39683344870518444
SIM_005,83,PAIR_00083,BM-213,BM-216,BM-216,,0.21663610038712067
SIM_005,84,PAIR_00084,BM-223,BM-215,BM-223,,0.6864881778517896
SIM_005,85,PAIR_00085,BM-231,BM-227,BM-227,,0.17373565313266423
SIM_005,86,PAIR_00086,BM-239,BF-255,BF-255,,0.23527180306944467
SIM_005,87,PAIR_00087,BM-229,BM-236,BM-236,,0.19664388366947144
SIM_005,88,PAIR_00088,BM-219,BM-218,BM-218,,0.4746203209194756
SIM_005,89,PAIR_00089,BM-229,BM-214,BM-229,,0.4224551616355219
SIM_005,90,PAIR_00090,BM-213,BM-221,BM-221,,0.20290916874714177
SIM_005,91,PAIR_00091,BM-224,BM-215,BM-224,,0.36747839029831664
SIM_005,92,PAIR_00092,BM-212,BM-226,BM-226,,0.27048711097929706
SIM_005,93,PAIR_00093,BM-237,BM-227,BM-237,,0.2625068189721848
SIM_005,94,PAIR_00094,BM-217,BF-242,BF-242,,0.5465994159293619
SIM_005,95,PAIR_00095,BM-223,BM-218,BM-218,,0.3984593490577611
SIM_005,96,PAIR_00096,BF-255,BM-216,BF-255,,0.682926223091502
SIM_005,97,PAIR_00097,BM-222,BM-211,BM-222,,0.5465340657043668
SIM_005,98,PAIR_00098,BM-231,BF-007,BF-007,,0.271772807943265
SIM_005,99,PAIR_00099,BM-239,BM-225,BM-225,,0.31065077989289125
SIM_005,100,PAIR_00100,BM-228,BM-236,BM-236,,0.2188351921913676
SIM_005,101,PAIR_00101,BM-211,BM-226,BM-211,,0.8698289600678419
SIM_005,102,PAIR_00102,BF-007,BM-219,BM-219,,0.38388872519658374
SIM_005,103,PAIR_00103,BM-236,BM-214,BM-214,,0.7492659043913402
SIM_005,104,PAIR_00104,BF-242,BM-213,BM-213,,0.5651758931159829
SIM_005,105,PAIR_00105,BF-255,BM-222,BM-222,,0.40690134004113265
SIM_005,106,PAIR_00106,BM-212,BM-218,BM-218,,0.05570160960137181
SIM_005,107,PAIR_00107,BM-231,BM-215,BM-231,,0.4098254623839697
SIM_005,108,PAIR_00108,BM-228,BM-227,BM-227,,0.2832542619174882
SIM_005,109,PAIR_00109,BM-223,BM-216,BM-216,,0.6187652185868557
SIM_005,110,PAIR_00110,BM-237,BM-239,BM-239,,0.5680251532244893
SIM_005,111,PAIR_00111,BM-229,BM-225,BM-225,,0.36502653811052327
SIM_005,112,PAIR_00112,BM-224,BM-217,BM-224,,0.4984378712552536
SIM_005,113,PAIR_00113,BM-225,BM-221,BM-225,,0.5751073295424118
SIM_005,114,PAIR_00114,BM-214,BM-231,BM-214,,0.6918473256643518
SIM_005,115,PAIR_00115,BM-229,BM-223,BM-223,,0.34245527804465553
SIM_005,116,PAIR_00116,BF-242,BM-215,BM-215,,0.32656960876884994
SIM_005,117,PAIR_00117,BM-213,BM-226,BM-226,,0.4150088421278394
SIM_005,118,PAIR_00118,BM-216,BM-219,BM-216,,0.3111832951396571
SIM_005,119,PAIR_00119,BM-237,BM-222,BM-222,,0.217248963876395
SIM_005,120,PAIR_00120,BM-211,BM-221,BM-211,,0.7056882563938565
SIM_005,121,PAIR_00121,BM-217,BM-228,BM-228,,0.30935894027404387
SIM_005,122,PAIR_00122,BM-212,BM-224,BM-224,,0.2512902538392436
SIM_005,123,PAIR_00123,BM-239,BM-218,BM-218,,0.21286764940304412
SIM_005,124,PAIR_00124,BM-227,BF-255,BF-255,,0.53195615808631
SIM_005,125,PAIR_00125,BM-236,BF-007,BM-236,,0.7145985761171072
SIM_005,126,PAIR_00126,BM-223,BM-211,BM-211,,0.3838933329441322
SIM_005,127,PAIR_00127,BM-231,BM-212,BM-231,,0.7807608319292152
SIM_005,128,PAIR_00128,BM-219,BM-214,BM-214,,0.6569995404963171
SIM_005,129,PAIR_00129,BM-236,BF-242,BM-236,,0.9057254918377985
SIM_005,130,PAIR_00130,BM-213,BM-222,BM-222,,0.08095655714746094
SIM_005,131,PAIR_00131,BM-226,BM-221,BM-221,,0.2640714551215016
SIM_005,132,PAIR_00132,BF-007,BF-255,BF-255,,0.3903754955686164
SIM_005,133,PAIR_00133,BM-216,BM-237,BM-216,,0.5343777554152823
SIM_005,134,PAIR_00134,BM-239,BM-217,BM-239,,0.6046112198850913
SIM_005,135,PAIR_00135,BM-215,BM-225,BM-215,,0.3351477454818891
SIM_005,136,PAIR_00136,BM-229,BM-218,BM-218,,0.25649614064364357
SIM_005,137,PAIR_00137,BM-224,BM-227,BM-224,,0.14959987243631057
SIM_005,138,PAIR_00138,BM-228,BF-007,BM-228,,0.41225696256436
SIM_005,139,PAIR_00139,BM-216,BM-236,BM-236,,0.2245504545236615
SIM_005,140,PAIR_00140,BM-218,BM-217,BM-218,,0.8497244999092971
SIM_005,141,PAIR_00141,BM-231,BM-229,BM-231,,0.37846534003523
SIM_005,142,PAIR_00142,BM-237,BM-214,BM-237,,0.42987286313774875
SIM_005,143,PAIR_00143,BF-242,BM-227,BM-227,,0.12803625194772436
SIM_005,144,PAIR_00144,BM-219,BM-224,BM-219,,0.8371378204852085
SIM_005,145,PAIR_00145,BM-211,BF-255,BF-255,,0.5473857435404343
SIM_005,146,PAIR_00146,BM-225,BM-223,BM-225,,0.4753304079297246
SIM_005,147,PAIR_00147,BM-222,BM-221,BM-222,,0.7429218072548591
SIM_005,148,PAIR_00148,BM-212,BM-213,BM-212,,0.343247453131141
SIM_005,149,PAIR_00149,BM-239,BM-226,BM-239,,0.6296124959858393
SIM_005,150,PAIR_00150,BM-228,BM-215,BM-228,,0.5661884331139478
SIM_005,151,PAIR_00151,BM-226,BM-231,BM-226,,0.43095568282384794
SIM_005,152,PAIR_00152,BM-217,BM-227,BM-227,,0.15039655126629822
SIM_005,153,PAIR_00153,BM-239,BM-236,BM-236,,0.1609915146051335
SIM_005,154,PAIR_00154,BF-255,BM-229,BF-255,,0.7181520469739519
SIM_005,155,PAIR_00155,BM-237,BM-223,BM-223,,0.3493178947989133
SIM_005,156,PAIR_00156,BM-224,BM-225,BM-224,,0.22652408676368152
SIM_005,157,PAIR_00157,BM-222,BF-242,BF-242,,0.8972674817394369
SIM_005,158,PAIR_00158,BM-211,BM-215,BM-211,,0.778476014177606
SIM_005,159,PAIR_00159,BM-214,BM-228,BM-214,,0.5443249145087194
SIM_005,160,PAIR_00160,BF-007,BM-212,BM-212,,0.9051455603350077
SIM_005,161,PAIR_00161,BM-221,BM-218,BM-221,,0.3071734138642074
SIM_005,162,PAIR_00162,BM-213,BM-215,BM-213,,0.27171535970268296
SIM_005,163,PAIR_00163,BM-222,BM-216,BM-222,,0.7584210486984893
SIM_005,164,PAIR_00164,BM-226,BM-219,BM-226,,0.14973582300182697
SIM_005,165,PAIR_00165,BF-242,BM-219,BM-219,,0.1397009443711754
SIM_005,166,PAIR_00166,BM-239,BM-212,BM-239,,0.8209368081505211
SIM_005,167,PAIR_00167,BM-224,BM-231,BM-224,,0.455527110474699
SIM_005,168,PAIR_00168,BF-255,BM-221,BF-255,,0.664724591609599
SIM_005,169,PAIR_00169,BM-214,BM-211,BM-211,,0.3073102650961119
SIM_005,170,PAIR_00170,BM-225,BM-237,BM-225,,0.6279144817815363
SIM_005,171,PAIR_00171,BM-236,BM-223,BM-223,,0.6802741559998849
SIM_005,172,PAIR_00172,BM-217,BM-229,BM-217,,0.33890413853700446
SIM_005,173,PAIR_00173,BM-227,BM-216,BM-216,,0.7099726993206014
SIM_005,174,PAIR_00174,BM-213,BM-228,BM-228,,0.22231027439100884
SIM_005,175,PAIR_00175,BM-218,BF-007,BM-218,,0.6398425641938011
SIM_005,176,PAIR_00176,BM-216,BF-007,BF-007,,0.4203057864236588
SIM_005,177,PAIR_00177,BM-226,BM-217,BM-217,,0.47356500376324917
SIM_005,178,PAIR_00178,BF-255,BM-219,BF-255,,0.4931652408467495
SIM_005,179,PAIR_00179,BM-223,BM-231,BM-223,,0.7592256577132775
SIM_005,180,PAIR_00180,BM-213,BM-239,BM-239,,0.2944534790660408
SIM_005,181,PAIR_00181,BM-214,BM-227,BM-227,,0.3206884215984604
SIM_005,182,PAIR_00182,BM-212,BM-237,BM-237,,0.1422769554917922
SIM_005,183,PAIR_00183,BM-218,BM-224,BM-224,,0.8505206503266772
SIM_005,184,PAIR_00184,BM-228,BM-222,BM-228,,0.23556193822118957
SIM_005,185,PAIR_00185,BF-242,BM-225,BM-225,,0.19643367405875783
SIM_005,186,PAIR_00186,BM-215,BM-221,BM-221,,0.40557872439933085
SIM_005,187,PAIR_00187,BM-229,BM-211,BM-211,,0.2450060041102735
SIM_005,188,PAIR_00188,BM-236,BM-215,BM-236,,0.8232878750346994
SIM_005,189,PAIR_00189,BM-217,BM-236,BM-236,,0.11149254937650074
SIM_005,190,PAIR_00190,BM-213,BF-007,BF-007,,0.1670199276460357
SIM_005,191,PAIR_00191,BF-242,BM-223,BM-223,,0.181310561075186
SIM_005,192,PAIR_00192,BM-212,BM-211,BM-211,,0.05257037532846488
SIM_005,193,PAIR_00193,BM-224,BM-216,BM-216,,0.30101034586316194
SIM_005,194,PAIR_00194,BM-228,BM-229,BM-228,,0.5336830207039965
SIM_005,195,PAIR_00195,BM-237,BM-226,BM-226,,0.6909048845448961
SIM_005,196,PAIR_00196,BM-218,BF-255,BM-218,,0.5321921015517458
SIM_005,197,PAIR_00197,BM-221,BM-227,BM-227,,0.3073751326137769
SIM_005,198,PAIR_00198,BM-219,BM-225,BM-225,,0.6008579426588972
SIM_005,199,PAIR_00199,BM-239,BM-214,BM-239,,0.36443452115951475
SIM_005,200,PAIR_00200,BM-231,BM-222,BM-231,,0.14085935233764144
SIM_005,201,PAIR_00201,BM-215,BM-217,BM-217,,0.6310680135639577
SIM_005,202,PAIR_00202,BM-222,BM-224,BM-222,,0.8793759336275948
SIM_005,203,PAIR_00203,BF-255,BM-214,BF-255,,0.6508120994774664
SIM_005,204,PAIR_00204,BM-228,BM-219,BM-228,,0.3041278356745797
SIM_005,205,PAIR_00205,BM-229,BM-221,BM-221,,0.437603698557496
SIM_005,206,PAIR_00206,BM-226,BM-218,BM-218,,0.13725477278924952
SIM_005,207,PAIR_00207,BM-225,BM-216,BM-225,,0.5952114627748064
SIM_005,208,PAIR_00208,BM-211,BM-237,BM-211,,0.7493397780868819
SIM_005,209,PAIR_00209,BM-239,BM-231,BM-239,,0.5628167694682431
SIM_005,210,PAIR_00210,BM-213,BM-236,BM-236,,0.07414322575223149
SIM_005,211,PAIR_00211,BF-007,BF-242,BF-007,,0.793261986734821
SIM_005,212,PAIR_00212,BM-212,BM-223,BM-223,,0.08176947027292372
SIM_005,213,PAIR_00213,BM-227,BM-211,BM-227,,0.48447638700912915
SIM_005,214,PAIR_00214,BM-216,BM-217,BM-216,,0.6976733103767735
SIM_005,215,PAIR_00215,BM-219,BM-227,BM-227,,0.4748566345512353
SIM_005,216,PAIR_00216,BM-214,BM-218,BM-218,,0.3204820085092622
SIM_005,217,PAIR_00217,BM-237,BM-215,BM-237,,0.5403404035999196
SIM_005,218,PAIR_00218,BM-236,BM-226,BM-236,,0.8985689276258495
SIM_005,219,PAIR_00219,BM-224,BM-228,BM-228,,0.30802549607309854
SIM_005,220,PAIR_00220,BM-231,BF-242,BF-242,,0.5888115508887632
SIM_005,221,PAIR_00221,BM-225,BF-255,BF-255,,0.4057168439867916
SIM_005,222,PAIR_00222,BM-221,BF-007,BM-221,,0.44061009653969924
SIM_005,223,PAIR_00223,BM-212,BM-229,BM-229,,0.1460189214358076
SIM_005,224,PAIR_00224,BM-222,BM-239,BM-222,,0.8257166177944669
SIM_005,225,PAIR_00225,BM-223,BM-213,BM-223,,0.8544189721459678
SIM_005,226,PAIR_00226,BM-221,BM-228,BM-221,,0.5289567135647587
SIM_005,227,PAIR_00227,BM-215,BF-007,BF-007,,0.34956322046724636
SIM_005,228,PAIR_00228,BF-255,BM-231,BF-255,,0.8071163599244839
SIM_005,229,PAIR_00229,BM-219,BM-223,BM-219,,0.5769542374218426
SIM_005,230,PAIR_00230,BM-218,BM-213,BM-218,,0.8985829210390318
SIM_005,231,PAIR_00231,BM-226,BM-216,BM-226,,0.2804800925353363
SIM_005,232,PAIR_00232,BM-225,BM-214,BM-214,,0.5599379861217109
SIM_005,233,PAIR_00233,BM-227,BM-229,BM-227,,0.7433230907449867
SIM_005,234,PAIR_00234,BM-224,BM-239,BM-239,,0.3938960078122809
SIM_005,235,PAIR_00235,BM-212,BM-217,BM-217,,0.2501164607503142
SIM_005,236,PAIR_00236,BM-236,BM-237,BM-236,,0.7985201491919167
SIM_005,237,PAIR_00237,BM-211,BF-242,BM-211,,0.8787396547598036
SIM_005,238,PAIR_00238,BM-218,BM-222,BM-222,,0.43835442419306125
SIM_005,239,PAIR_00239,BM-227,BM-222,BM-227,,0.4381211207784558
SIM_005,240,PAIR_00240,BM-229,BF-242,BM-229,,0.7016404399947652
SIM_005,241,PAIR_00241,BM-211,BM-231,BM-211,,0.8350011035534172
SIM_005,242,PAIR_00242,BM-213,BM-225,BM-213,,0.15830018632255818
SIM_005,243,PAIR_00243,BM-228,BF-255,BM-228,,0.3099448578523684
SIM_005,244,PAIR_00244,BM-223,BM-226,BM-223,,0.8063385161216202
SIM_005,245,PAIR_00245,BM-212,BM-215,BM-215,,0.1631748808952223
SIM_005,246,PAIR_00246,BM-221,BM-237,BM-221,,0.5549175947981636
SIM_005,247,PAIR_00247,BM-219,BM-239,BM-239,,0.7696116648813172
SIM_005,248,PAIR_00248,BM-216,BM-214,BM-214,,0.46390252138950805
SIM_005,249,PAIR_00249,BM-236,BM-224,BM-236,,0.8891249417513256
SIM_005,250,PAIR_00250,BM-217,BF-007,BF-007,,0.23907435981385444
SIM_005,251,PAIR_00251,BM-212,BM-228,BM-228,,0.1299829775347618
SIM_005,252,PAIR_00252,BM-217,BM-225,BM-225,,0.22762076888279198
SIM_005,253,PAIR_00253,BM-236,BM-219,BM-236,,0.6093901347663366
SIM_005,254,PAIR_00254,BM-218,BF-242,BM-218,,0.872069511853059
SIM_005,255,PAIR_00255,BM-226,BM-214,BM-214,,0.2522358602332104
SIM_005,256,PAIR_00256,BF-255,BM-213,BF-255,,0.886213166818921
SIM_005,257,PAIR_00257,BM-227,BM-239,BM-227,,0.7869735199346419
SIM_005,258,PAIR_00258,BM-229,BM-222,BM-222,,0.21213505355168763
SIM_005,259,PAIR_00259,BM-224,BM-223,BM-223,,0.20968887622430654
SIM_005,260,PAIR_00260,BM-216,BM-231,BM-231,,0.6601871626425073
SIM_005,261,PAIR_00261,BM-211,BF-007,BM-211,,0.6538142109888488
SIM_005,262,PAIR_00262,BM-215,BM-222,BM-215,,0.19100644193377725
SIM_005,263,PAIR_00263,BM-237,BM-218,BM-218,,0.2623233935218685
SIM_005,264,PAIR_00264,BM-221,BM-217,BM-221,,0.7148535166790715
SIM_005,265,PAIR_00265,BM-231,BM-237,BM-237,,0.3713569069910973
SIM_005,266,PAIR_00266,BM-228,BM-226,BM-228,,0.7127866217890074
SIM_005,267,PAIR_00267,BM-236,BM-221,BM-221,,0.7606981020969623
SIM_005,268,PAIR_00268,BM-239,BM-215,BM-215,,0.4720079919409225
SIM_005,269,PAIR_00269,BM-216,BM-211,BM-216,,0.27740590065037546
SIM_005,270,PAIR_00270,BF-255,BF-242,BF-255,,0.8569806375300371
SIM_005,271,PAIR_00271,BM-223,BM-214,BM-223,,0.5841101020402096
SIM_005,272,PAIR_00272,BM-225,BF-007,BM-225,,0.5160029583577592
SIM_005,273,PAIR_00273,BM-229,BM-219,BM-219,,0.2763470748582293
SIM_005,274,PAIR_00274,BM-213,BM-224,BM-213,,0.3910532598856224
SIM_005,275,PAIR_00275,BF-007,BM-227,BM-227,,0.3603758504743594
SIM_005,276,PAIR_00276,BM-236,BM-212,BM-236,,0.959827717024812
SIM_005,277,PAIR_00277,BM-237,BM-224,BM-224,,0.6692429390672207
SIM_005,278,PAIR_00278,BF-242,BM-216,BF-242,,0.2644078645825088
SIM_005,279,PAIR_00279,BM-215,BM-227,BM-227,,0.23242066634806705
SIM_005,280,PAIR_00280,BM-212,BM-221,BM-221,,0.11742272550174405
SIM_005,281,PAIR_00281,BM-231,BM-225,BM-225,,0.25928649124739844
SIM_005,282,PAIR_00282,BM-226,BM-222,BM-222,,0.11045284726338489
SIM_005,283,PAIR_00283,BM-217,BM-213,BM-213,,0.6104336905348509
SIM_005,284,PAIR_00284,BM-239,BM-229,BM-239,,0.4394325204751498
SIM_005,285,PAIR_00285,BF-255,BM-223,BF-255,,0.5702673104810158
SIM_005,286,PAIR_00286,BM-228,BM-211,BM-211,,0.27081518045009806
SIM_005,287,PAIR_00287,BM-222,BM-214,BM-214,,0.7309407531975411
SIM_005,288,PAIR_00288,BM-219,BM-215,BM-219,,0.7491406879013857
SIM_005,289,PAIR_00289,BM-218,BM-231,BM-218,,0.8264003448400584
SIM_005,290,PAIR_00290,BM-223,BM-217,BM-223,,0.7892737414758372
SIM_005,291,PAIR_00291,BM-216,BM-228,BM-216,,0.5082804312428928
SIM_005,292,PAIR_00292,BM-224,BF-255,BF-255,,0.16662420623664836
SIM_005,293,PAIR_00293,BM-226,BM-229,BM-229,,0.3156100905346744
SIM_005,294,PAIR_00294,BM-237,BM-219,BM-219,,0.28245398664576415
SIM_005,295,PAIR_00295,BF-242,BM-212,BF-242,,0.7132151985625615
SIM_005,296,PAIR_00296,BM-225,BM-227,BM-225,,0.37526396834976317
SIM_005,297,PAIR_00297,BM-214,BM-221,BM-214,,0.5154475086916739
SIM_005,298,PAIR_00298,BM-218,BM-236,BM-236,,0.4150461190579815
SIM_005,299,PAIR_00299,BM-211,BM-213,BM-211,,0.9040228264809127
SIM_005,300,PAIR_00300,BF-007,BM-239,BM-239,,0.6754730993723337
SIM_006,1,PAIR_00001,BM-216,BM-221,BM-221,,0.47930386809454184
SIM_006,2,PAIR_00002,BM-239,BM-228,BM-239,,0.4065123944074379
SIM_006,3,PAIR_00003,BF-007,BM-229,BF-007,,0.620007354928767
SIM_006,4,PAIR_00004,BM-212,BM-227,BM-227,,0.055751477219154306
SIM_006,5,PAIR_00005,BM-223,BM-222,BM-222,,0.34079984699266824
SIM_006,6,PAIR_00006,BF-242,BM-237,BM-237,,0.2920487232935015
SIM_006,7,PAIR_00007,BM-213,BM-231,BM-231,,0.3494972203862205
SIM_006,8,PAIR_00008,BM-225,BM-236,BM-236,,0.2986383072115851
SIM_006,9,PAIR_00009,BM-226,BM-215,BM-215,,0.3446500059286485
SIM_006,10,PAIR_00010,BM-218,BM-211,BM-218,,0.48471308048957706
SIM_006,11,PAIR_00011,BM-219,BM-217,BM-219,,0.836284111455051
SIM_006,12,PAIR_00012,BM-214,BM-224,BM-214,,0.7285212378857929
SIM_006,13,PAIR_00013,BF-255,BM-215,BF-255,,0.7439676574531842
SIM_006,14,PAIR_00014,BM-222,BM-236,BM-222,,0.47619298251945674
SIM_006,15,PAIR_00015,BM-224,BF-007,BF-007,,0.2379394939340924
SIM_006,16,PAIR_00016,BM-228,BM-223,BM-228,,0.37345215256477066
SIM_006,17,PAIR_00017,BM-221,BM-231,BM-221,,0.6785159906769078
SIM_006,18,PAIR_00018,BM-212,BF-255,BF-255,,0.06288570486356526
SIM_006,19,PAIR_00019,BM-213,BM-229,BM-229,,0.24650926495140532
SIM_006,20,PAIR_00020,BF-242,BM-214,BM-214,,0.23724843950996033
SIM_006,21,PAIR_00021,BM-218,BM-227,BM-227,,0.5002369183711579
SIM_006,22,PAIR_00022,BM-219,BM-211,BM-219,,0.459396414456364
SIM_006,23,PAIR_00023,BM-216,BM-239,BM-239,,0.6014538878382059
SIM_006,24,PAIR_00024,BM-225,BM-226,BM-226,,0.7904488994507026
SIM_006,25,PAIR_00025,BM-217,BM-237,BM-237,,0.3321416766402924
SIM_006,26,PAIR_00026,BM-228,BF-242,BM-228,,0.7290994168484117
SIM_006,27,PAIR_00027,BM-226,BF-007,BF-007,,0.22035484969150645
SIM_006,28,PAIR_00028,BM-218,BM-216,BM-218,,0.7101677973349876
SIM_006,29,PAIR_00029,BM-237,BM-213,BM-237,,0.7590814226534237
SIM_006,30,PAIR_00030,BM-231,BM-236,BM-236,,0.12971614300494108
SIM_006,31,PAIR_00031,BM-211,BM-225,BM-225,,0.6391816251210418
SIM_006,32,PAIR_00032,BM-224,BM-229,BM-224,,0.3375055782864029
SIM_006,33,PAIR_00033,BM-221,BM-219,BM-221,,0.3292097878666537
SIM_006,34,PAIR_00034,BM-215,BM-214,BM-214,,0.3907685043566045
SIM_006,35,PAIR_00035,BM-239,BM-223,BM-223,,0.2899067120138933
SIM_006,36,PAIR_00036,BM-217,BF-255,BF-255,,0.16749368987613308
SIM_006,37,PAIR_00037,BM-222,BM-212,BM-222,,0.9559877205776918
SIM_006,38,PAIR_00038,BM-236,BM-227,BM-227,,0.5851839412783998
SIM_006,39,PAIR_00039,BM-217,BM-214,BM-214,,0.27271634835576414
SIM_006,40,PAIR_00040,BF-255,BM-226,BF-255,,0.8467498546318379
SIM_006,41,PAIR_00041,BM-229,BM-216,BM-216,,0.458083311976373
SIM_006,42,PAIR_00042,BM-211,BM-224,BM-211,,0.8581315487375101
SIM_006,43,PAIR_00043,BM-219,BM-231,BM-219,,0.8113370505696746
SIM_006,44,PAIR_00044,BM-218,BM-215,BM-215,,0.7677483569731899
SIM_006,45,PAIR_00045,BM-228,BM-237,BM-237,,0.5261270737795799
SIM_006,46,PAIR_00046,BM-221,BM-223,BM-221,,0.4009571315095831
SIM_006,47,PAIR_00047,BM-227,BM-213,BM-227,,0.898496525351987
SIM_006,48,PAIR_00048,BM-225,BM-212,BM-225,,0.9105025016100444
SIM_006,49,PAIR_00049,BF-007,BM-222,BM-222,,0.3052281205908015
SIM_006,50,PAIR_00050,BM-239,BF-242,BM-239,,0.6483185302283063
SIM_006,51,PAIR_00051,BM-214,BF-007,BM-214,,0.4558957557008482
SIM_006,52,PAIR_00052,BM-216,BM-212,BM-216,,0.8737173229181733
SIM_006,53,PAIR_00053,BM-223,BM-227,BM-227,,0.3986865182977619
SIM_006,54,PAIR_00054,BM-217,BM-231,BM-217,,0.45707731145428465
SIM_006,55,PAIR_00055,BF-242,BM-226,BM-226,,0.4797357297054694
SIM_006,56,PAIR_00056,BM-221,BM-239,BM-221,,0.6211326493727066
SIM_006,57,PAIR_00057,BM-228,BM-218,BM-228,,0.2830619035400725
SIM_006,58,PAIR_00058,BM-222,BM-225,BM-222,,0.6810258985706044
SIM_006,59,PAIR_00059,BM-229,BM-215,BM-215,,0.5327978943713936
SIM_006,60,PAIR_00060,BM-236,BM-211,BM-236,,0.5700307524616257
SIM_006,61,PAIR_00061,BF-255,BM-237,BF-255,,0.7119719570816829
SIM_006,62,PAIR_00062,BM-219,BM-213,BM-219,,0.8889412139677642
SIM_006,63,PAIR_00063,BF-242,BM-224,BM-224,,0.45494959516696887
SIM_006,64,PAIR_00064,BM-229,BM-237,BM-229,,0.49241736101051403
SIM_006,65,PAIR_00065,BM-226,BM-227,BM-227,,0.13736703098829836
SIM_006,66,PAIR_00066,BM-215,BM-216,BM-215,,0.42569403475889667
SIM_006,67,PAIR_00067,BM-213,BM-214,BM-214,,0.19309558203895444
SIM_006,68,PAIR_00068,BM-222,BM-217,BM-217,,0.8787115543332452
SIM_006,69,PAIR_00069,BM-225,BM-218,BM-218,,0.3750418211636877
SIM_006,70,PAIR_00070,BM-223,BF-007,BF-007,,0.54060842380539
SIM_006,71,PAIR_00071,BM-239,BM-211,BM-239,,0.20279883241704552
SIM_006,72,PAIR_00072,BM-236,BF-255,BM-236,,0.6158783457170887
SIM_006,73,PAIR_00073,BM-212,BM-219,BM-219,,0.061293611521879086
SIM_006,74,PAIR_00074,BM-231,BM-228,BM-228,,0.3472830018189138
SIM_006,75,PAIR_00075,BM-224,BM-221,BM-224,,0.28387450638342465
SIM_006,76,PAIR_00076,BM-221,BF-242,BM-221,,0.7513854013975068
SIM_006,77,PAIR_00077,BM-222,BM-219,BM-219,,0.5864840223325505
SIM_006,78,PAIR_00078,BM-224,BM-226,BM-224,,0.5248769766578227
SIM_006,79,PAIR_00079,BM-212,BM-214,BM-214,,0.11116701969697171
SIM_006,80,PAIR_00080,BF-007,BM-237,BM-237,,0.6128354244491387
SIM_006,81,PAIR_00081,BM-211,BM-217,BM-211,,0.8573691371982063
SIM_006,82,PAIR_00082,BM-228,BM-225,BM-225,,0.39683344870518444
SIM_006,83,PAIR_00083,BM-213,BM-216,BM-216,,0.21663610038712067
SIM_006,84,PAIR_00084,BM-223,BM-215,BM-223,,0.6864881778517896
SIM_006,85,PAIR_00085,BM-231,BM-227,BM-227,,0.17373565313266423
SIM_006,86,PAIR_00086,BM-239,BF-255,BF-255,,0.23527180306944467
SIM_006,87,PAIR_00087,BM-229,BM-236,BM-236,,0.19664388366947144
SIM_006,88,PAIR_00088,BM-219,BM-218,BM-218,,0.4746203209194756
SIM_006,89,PAIR_00089,BM-229,BM-214,BM-214,,0.4224551616355219
SIM_006,90,PAIR_00090,BM-213,BM-221,BM-221,,0.20290916874714177
SIM_006,91,PAIR_00091,BM-224,BM-215,BM-215,,0.36747839029831664
SIM_006,92,PAIR_00092,BM-212,BM-226,BM-212,,0.27048711097929706
SIM_006,93,PAIR_00093,BM-237,BM-227,BM-237,,0.2625068189721848
SIM_006,94,PAIR_00094,BM-217,BF-242,BM-217,,0.5465994159293619
SIM_006,95,PAIR_00095,BM-223,BM-218,BM-218,,0.3984593490577611
SIM_006,96,PAIR_00096,BF-255,BM-216,BF-255,,0.682926223091502
SIM_006,97,PAIR_00097,BM-222,BM-211,BM-211,,0.5465340657043668
SIM_006,98,PAIR_00098,BM-231,BF-007,BF-007,,0.271772807943265
SIM_006,99,PAIR_00099,BM-239,BM-225,BM-239,,0.31065077989289125
SIM_006,100,PAIR_00100,BM-228,BM-236,BM-236,,0.2188351921913676
SIM_006,101,PAIR_00101,BM-211,BM-226,BM-211,,0.8698289600678419
SIM_006,102,PAIR_00102,BF-007,BM-219,BF-007,,0.38388872519658374
SIM_006,103,PAIR_00103,BM-236,BM-214,BM-214,,0.7492659043913402
SIM_006,104,PAIR_00104,BF-242,BM-213,BM-213,,0.5651758931159829
SIM_006,105,PAIR_00105,BF-255,BM-222,BF-255,,0.40690134004113265
SIM_006,106,PAIR_00106,BM-212,BM-218,BM-218,,0.05570160960137181
SIM_006,107,PAIR_00107,BM-231,BM-215,BM-231,,0.4098254623839697
SIM_006,108,PAIR_00108,BM-228,BM-227,BM-227,,0.2832542619174882
SIM_006,109,PAIR_00109,BM-223,BM-216,BM-223,,0.6187652185868557
SIM_006,110,PAIR_00110,BM-237,BM-239,BM-239,,0.5680251532244893
SIM_006,111,PAIR_00111,BM-229,BM-225,BM-225,,0.36502653811052327
SIM_006,112,PAIR_00112,BM-224,BM-217,BM-224,,0.4984378712552536
SIM_006,113,PAIR_00113,BM-225,BM-221,BM-221,,0.5751073295424118
SIM_006,114,PAIR_00114,BM-214,BM-231,BM-231,,0.6918473256643518
SIM_006,115,PAIR_00115,BM-229,BM-223,BM-223,,0.34245527804465553
SIM_006,116,PAIR_00116,BF-242,BM-215,BM-215,,0.32656960876884994
SIM_006,117,PAIR_00117,BM-213,BM-226,BM-213,,0.4150088421278394
SIM_006,118,PAIR_00118,BM-216,BM-219,BM-219,,0.3111832951396571
SIM_006,119,PAIR_00119,BM-237,BM-222,BM-222,,0.217248963876395
SIM_006,120,PAIR_00120,BM-211,BM-221,BM-221,,0.7056882563938565
SIM_006,121,PAIR_00121,BM-217,BM-228,BM-228,,0.30935894027404387
SIM_006,122,PAIR_00122,BM-212,BM-224,BM-212,,0.2512902538392436
SIM_006,123,PAIR_00123,BM-239,BM-218,BM-218,,0.21286764940304412
SIM_006,124,PAIR_00124,BM-227,BF-255,BM-227,,0.53195615808631
SIM_006,125,PAIR_00125,BM-236,BF-007,BM-236,,0.7145985761171072
SIM_006,126,PAIR_00126,BM-223,BM-211,BM-223,,0.3838933329441322
SIM_006,127,PAIR_00127,BM-231,BM-212,BM-231,,0.7807608319292152
SIM_006,128,PAIR_00128,BM-219,BM-214,BM-219,,0.6569995404963171
SIM_006,129,PAIR_00129,BM-236,BF-242,BM-236,,0.9057254918377985
SIM_006,130,PAIR_00130,BM-213,BM-222,BM-222,,0.08095655714746094
SIM_006,131,PAIR_00131,BM-226,BM-221,BM-226,,0.2640714551215016
SIM_006,132,PAIR_00132,BF-007,BF-255,BF-007,,0.3903754955686164
SIM_006,133,PAIR_00133,BM-216,BM-237,BM-237,,0.5343777554152823
SIM_006,134,PAIR_00134,BM-239,BM-217,BM-239,,0.6046112198850913
SIM_006,135,PAIR_00135,BM-215,BM-225,BM-225,,0.3351477454818891
SIM_006,136,PAIR_00136,BM-229,BM-218,BM-229,,0.25649614064364357
SIM_006,137,PAIR_00137,BM-224,BM-227,BM-227,,0.14959987243631057
SIM_006,138,PAIR_00138,BM-228,BF-007,BF-007,,0.41225696256436
SIM_006,139,PAIR_00139,BM-216,BM-236,BM-236,,0.2245504545236615
SIM_006,140,PAIR_00140,BM-218,BM-217,BM-218,,0.8497244999092971
SIM_006,141,PAIR_00141,BM-231,BM-229,BM-229,,0.37846534003523
SIM_006,142,PAIR_00142,BM-237,BM-214,BM-214,,0.42987286313774875
SIM_006,143,PAIR_00143,BF-242,BM-227,BM-227,,0.12803625194772436
SIM_006,144,PAIR_00144,BM-219,BM-224,BM-224,,0.8371378204852085
SIM_006,145,PAIR_00145,BM-211,BF-255,BM-211,,0.5473857435404343
SIM_006,146,PAIR_00146,BM-225,BM-223,BM-225,,0.4753304079297246
SIM_006,147,PAIR_00147,BM-222,BM-221,BM-222,,0.7429218072548591
SIM_006,148,PAIR_00148,BM-212,BM-213,BM-212,,0.343247453131141
SIM_006,149,PAIR_00149,BM-239,BM-226,BM-239,,0.6296124959858393
SIM_006,150,PAIR_00150,BM-228,BM-215,BM-215,,0.5661884331139478
SIM_006,151,PAIR_00151,BM-226,BM-231,BM-226,,0.43095568282384794
SIM_006,152,PAIR_00152,BM-217,BM-227,BM-227,,0.15039655126629822
SIM_006,153,PAIR_00153,BM-239,BM-236,BM-236,,0.1609915146051335
SIM_006,154,PAIR_00154,BF-255,BM-229,BF-255,,0.7181520469739519
SIM_006,155,PAIR_00155,BM-237,BM-223,BM-237,,0.3493178947989133
SIM_006,156,PAIR_00156,BM-224,BM-225,BM-225,,0.22652408676368152
SIM_006,157,PAIR_00157,BM-222,BF-242,BM-222,,0.8972674817394369
SIM_006,158,PAIR_00158,BM-211,BM-215,BM-211,,0.778476014177606
SIM_006,159,PAIR_00159,BM-214,BM-228,BM-214,,0.5443249145087194
SIM_006,160,PAIR_00160,BF-007,BM-212,BF-007,,0.9051455603350077
SIM_006,161,PAIR_00161,BM-221,BM-218,BM-218,,0.3071734138642074
SIM_006,162,PAIR_00162,BM-213,BM-215,BM-215,,0.27171535970268296
SIM_006,163,PAIR_00163,BM-222,BM-216,BM-222,,0.7584210486984893
SIM_006,164,PAIR_00164,BM-226,BM-219,BM-226,,0.14973582300182697
SIM_006,165,PAIR_00165,BF-242,BM-219,BM-219,,0.1397009443711754
SIM_006,166,PAIR_00166,BM-239,BM-212,BM-239,,0.8209368081505211
SIM_006,167,PAIR_00167,BM-224,BM-231,BM-231,,0.455527110474699
SIM_006,168,PAIR_00168,BF-255,BM-221,BF-255,,0.664724591609599
SIM_006,169,PAIR_00169,BM-214,BM-211,BM-211,,0.3073102650961119
SIM_006,170,PAIR_00170,BM-225,BM-237,BM-237,,0.6279144817815363
SIM_006,171,PAIR_00171,BM-236,BM-223,BM-236,,0.6802741559998849
SIM_006,172,PAIR_00172,BM-217,BM-229,BM-217,,0.33890413853700446
SIM_006,173,PAIR_00173,BM-227,BM-216,BM-216,,0.7099726993206014
SIM_006,174,PAIR_00174,BM-213,BM-228,BM-213,,0.22231027439100884
SIM_006,175,PAIR_00175,BM-218,BF-007,BF-007,,0.6398425641938011
SIM_006,176,PAIR_00176,BM-216,BF-007,BM-216,,0.4203057864236588
SIM_006,177,PAIR_00177,BM-226,BM-217,BM-217,,0.47356500376324917
SIM_006,178,PAIR_00178,BF-255,BM-219,BM-219,,0.4931652408467495
SIM_006,179,PAIR_00179,BM-223,BM-231,BM-231,,0.7592256577132775
SIM_006,180,PAIR_00180,BM-213,BM-239,BM-239,,0.2944534790660408
SIM_006,181,PAIR_00181,BM-214,BM-227,BM-214,,0.3206884215984604
SIM_006,182,PAIR_00182,BM-212,BM-237,BM-237,,0.1422769554917922
SIM_006,183,PAIR_00183,BM-218,BM-224,BM-218,,0.8505206503266772
SIM_006,184,PAIR_00184,BM-228,BM-222,BM-222,,0.23556193822118957
SIM_006,185,PAIR_00185,BF-242,BM-225,BF-242,,0.19643367405875783
SIM_006,186,PAIR_00186,BM-215,BM-221,BM-221,,0.40557872439933085
SIM_006,187,PAIR_00187,BM-229,BM-211,BM-211,,0.2450060041102735
SIM_006,188,PAIR_00188,BM-236,BM-215,BM-236,,0.8232878750346994
SIM_006,189,PAIR_00189,BM-217,BM-236,BM-236,,0.11149254937650074
SIM_006,190,PAIR_00190,BM-213,BF-007,BF-007,,0.1670199276460357
SIM_006,191,PAIR_00191,BF-242,BM-223,BF-242,,0.181310561075186
SIM_006,192,PAIR_00192,BM-212,BM-211,BM-211,,0.05257037532846488
SIM_006,193,PAIR_00193,BM-224,BM-216,BM-216,,0.30101034586316194
SIM_006,194,PAIR_00194,BM-228,BM-229,BM-229,,0.5336830207039965
SIM_006,195,PAIR_00195,BM-237,BM-226,BM-237,,0.6909048845448961
SIM_006,196,PAIR_00196,BM-218,BF-255,BM-218,,0.5321921015517458
SIM_006,197,PAIR_00197,BM-221,BM-227,BM-227,,0.3073751326137769
SIM_006,198,PAIR_00198,BM-219,BM-225,BM-219,,0.6008579426588972
SIM_006,199,PAIR_00199,BM-239,BM-214,BM-214,,0.36443452115951475
SIM_006,200,PAIR_00200,BM-231,BM-222,BM-222,,0.14085935233764144
SIM_006,201,PAIR_00201,BM-215,BM-217,BM-217,,0.6310680135639577
SIM_006,202,PAIR_00202,BM-222,BM-224,BM-222,,0.8793759336275948
SIM_006,203,PAIR_00203,BF-255,BM-214,BF-255,,0.6508120994774664
SIM_006,204,PAIR_00204,BM-228,BM-219,BM-219,,0.3041278356745797
SIM_006,205,PAIR_00205,BM-229,BM-221,BM-229,,0.437603698557496
SIM_006,206,PAIR_00206,BM-226,BM-218,BM-226,,0.13725477278924952
SIM_006,207,PAIR_00207,BM-225,BM-216,BM-225,,0.5952114627748064
SIM_006,208,PAIR_00208,BM-211,BM-237,BM-237,,0.7493397780868819
SIM_006,209,PAIR_00209,BM-239,BM-231,BM-239,,0.5628167694682431
SIM_006,210,PAIR_00210,BM-213,BM-236,BM-236,,0.07414322575223149
SIM_006,211,PAIR_00211,BF-007,BF-242,BF-007,,0.793261986734821
SIM_006,212,PAIR_00212,BM-212,BM-223,BM-223,,0.08176947027292372
SIM_006,213,PAIR_00213,BM-227,BM-211,BM-227,,0.48447638700912915
SIM_006,214,PAIR_00214,BM-216,BM-217,BM-217,,0.6976733103767735
SIM_006,215,PAIR_00215,BM-219,BM-227,BM-219,,0.4748566345512353
SIM_006,216,PAIR_00216,BM-214,BM-218,BM-214,,0.3204820085092622
SIM_006,217,PAIR_00217,BM-237,BM-215,BM-215,,0.5403404035999196
SIM_006,218,PAIR_00218,BM-236,BM-226,BM-236,,0.8985689276258495
SIM_006,219,PAIR_00219,BM-224,BM-228,BM-228,,0.30802549607309854
SIM_006,220,PAIR_00220,BM-231,BF-242,BM-231,,0.5888115508887632
SIM_006,221,PAIR_00221,BM-225,BF-255,BF-255,,0.4057168439867916
SIM_006,222,PAIR_00222,BM-221,BF-007,BM-221,,0.44061009653969924
SIM_006,223,PAIR_00223,BM-212,BM-229,BM-229,,0.1460189214358076
SIM_006,224,PAIR_00224,BM-222,BM-239,BM-222,,0.8257166177944669
SIM_006,225,PAIR_00225,BM-223,BM-213,BM-223,,0.8544189721459678
SIM_006,226,PAIR_00226,BM-221,BM-228,BM-221,,0.5289567135647587
SIM_006,227,PAIR_00227,BM-215,BF-007,BM-215,,0.34956322046724636
SIM_006,228,PAIR_00228,BF-255,BM-231,BF-255,,0.8071163599244839
SIM_006,229,PAIR_00229,BM-219,BM-223,BM-219,,0.5769542374218426
SIM_006,230,PAIR_00230,BM-218,BM-213,BM-218,,0.8985829210390318
SIM_006,231,PAIR_00231,BM-226,BM-216,BM-226,,0.2804800925353363
SIM_006,232,PAIR_00232,BM-225,BM-214,BM-225,,0.5599379861217109
SIM_006,233,PAIR_00233,BM-227,BM-229,BM-229,,0.7433230907449867
SIM_006,234,PAIR_00234,BM-224,BM-239,BM-224,,0.3938960078122809
SIM_006,235,PAIR_00235,BM-212,BM-217,BM-212,,0.2501164607503142
SIM_006,236,PAIR_00236,BM-236,BM-237,BM-236,,0.7985201491919167
SIM_006,237,PAIR_00237,BM-211,BF-242,BM-211,,0.8787396547598036
SIM_006,238,PAIR_00238,BM-218,BM-222,BM-222,,0.43835442419306125
SIM_006,239,PAIR_00239,BM-227,BM-222,BM-227,,0.4381211207784558
SIM_006,240,PAIR_00240,BM-229,BF-242,BM-229,,0.7016404399947652
SIM_006,241,PAIR_00241,BM-211,BM-231,BM-211,,0.8350011035534172
SIM_006,242,PAIR_00242,BM-213,BM-225,BM-225,,0.15830018632255818
SIM_006,243,PAIR_00243,BM-228,BF-255,BF-255,,0.3099448578523684
SIM_006,244,PAIR_00244,BM-223,BM-226,BM-223,,0.8063385161216202
SIM_006,245,PAIR_00245,BM-212,BM-215,BM-215,,0.1631748808952223
SIM_006,246,PAIR_00246,BM-221,BM-237,BM-237,,0.5549175947981636
SIM_006,247,PAIR_00247,BM-219,BM-239,BM-219,,0.7696116648813172
SIM_006,248,PAIR_00248,BM-216,BM-214,BM-216,,0.46390252138950805
SIM_006,249,PAIR_00249,BM-236,BM-224,BM-224,,0.8891249417513256
SIM_006,250,PAIR_00250,BM-217,BF-007,BM-217,,0.23907435981385444
SIM_006,251,PAIR_00251,BM-212,BM-228,BM-228,,0.1299829775347618
SIM_006,252,PAIR_00252,BM-217,BM-225,BM-217,,0.22762076888279198
SIM_006,253,PAIR_00253,BM-236,BM-219,BM-219,,0.6093901347663366
SIM_006,254,PAIR_00254,BM-218,BF-242,BM-218,,0.872069511853059
SIM_006,255,PAIR_00255,BM-226,BM-214,BM-226,,0.2522358602332104
SIM_006,256,PAIR_00256,BF-255,BM-213,BF-255,,0.886213166818921
SIM_006,257,PAIR_00257,BM-227,BM-239,BM-239,,0.7869735199346419
SIM_006,258,PAIR_00258,BM-229,BM-222,BM-229,,0.21213505355168763
SIM_006,259,PAIR_00259,BM-224,BM-223,BM-223,,0.20968887622430654
SIM_006,260,PAIR_00260,BM-216,BM-231,BM-231,,0.6601871626425073
SIM_006,261,PAIR_00261,BM-211,BF-007,BM-211,,0.6538142109888488
SIM_006,262,PAIR_00262,BM-215,BM-222,BM-222,,0.19100644193377725
SIM_006,263,PAIR_00263,BM-237,BM-218,BM-218,,0.2623233935218685
SIM_006,264,PAIR_00264,BM-221,BM-217,BM-221,,0.7148535166790715
SIM_006,265,PAIR_00265,BM-231,BM-237,BM-237,,0.3713569069910973
SIM_006,266,PAIR_00266,BM-228,BM-226,BM-228,,0.7127866217890074
SIM_006,267,PAIR_00267,BM-236,BM-221,BM-236,,0.7606981020969623
SIM_006,268,PAIR_00268,BM-239,BM-215,BM-215,,0.4720079919409225
SIM_006,269,PAIR_00269,BM-216,BM-211,BM-211,,0.27740590065037546
SIM_006,270,PAIR_00270,BF-255,BF-242,BF-255,,0.8569806375300371
SIM_006,271,PAIR_00271,BM-223,BM-214,BM-214,,0.5841101020402096
SIM_006,272,PAIR_00272,BM-225,BF-007,BF-007,,0.5160029583577592
SIM_006,273,PAIR_00273,BM-229,BM-219,BM-219,,0.2763470748582293
SIM_006,274,PAIR_00274,BM-213,BM-224,BM-224,,0.3910532598856224
SIM_006,275,PAIR_00275,BF-007,BM-227,BM-227,,0.3603758504743594
SIM_006,276,PAIR_00276,BM-236,BM-212,BM-236,,0.959827717024812
SIM_006,277,PAIR_00277,BM-237,BM-224,BM-237,,0.6692429390672207
SIM_006,278,PAIR_00278,BF-242,BM-216,BM-216,,0.2644078645825088
SIM_006,279,PAIR_00279,BM-215,BM-227,BM-227,,0.23242066634806705
SIM_006,280,PAIR_00280,BM-212,BM-221,BM-212,,0.11742272550174405
SIM_006,281,PAIR_00281,BM-231,BM-225,BM-225,,0.25928649124739844
SIM_006,282,PAIR_00282,BM-226,BM-222,BM-222,,0.11045284726338489
SIM_006,283,PAIR_00283,BM-217,BM-213,BM-217,,0.6104336905348509
SIM_006,284,PAIR_00284,BM-239,BM-229,BM-239,,0.4394325204751498
SIM_006,285,PAIR_00285,BF-255,BM-223,BF-255,,0.5702673104810158
SIM_006,286,PAIR_00286,BM-228,BM-211,BM-211,,0.27081518045009806
SIM_006,287,PAIR_00287,BM-222,BM-214,BM-222,,0.7309407531975411
SIM_006,288,PAIR_00288,BM-219,BM-215,BM-219,,0.7491406879013857
SIM_006,289,PAIR_00289,BM-218,BM-231,BM-218,,0.8264003448400584
SIM_006,290,PAIR_00290,BM-223,BM-217,BM-223,,0.7892737414758372
SIM_006,291,PAIR_00291,BM-216,BM-228,BM-228,,0.5082804312428928
SIM_006,292,PAIR_00292,BM-224,BF-255,BF-255,,0.16662420623664836
SIM_006,293,PAIR_00293,BM-226,BM-229,BM-229,,0.3156100905346744
SIM_006,294,PAIR_00294,BM-237,BM-219,BM-219,,0.28245398664576415
SIM_006,295,PAIR_00295,BF-242,BM-212,BF-242,,0.7132151985625615
SIM_006,296,PAIR_00296,BM-225,BM-227,BM-227,,0.37526396834976317
SIM_006,297,PAIR_00297,BM-214,BM-221,BM-214,,0.5154475086916739
SIM_006,298,PAIR_00298,BM-218,BM-236,BM-236,,0.4150461190579815
SIM_006,299,PAIR_00299,BM-211,BM-213,BM-211,,0.9040228264809127
SIM_006,300,PAIR_00300,BF-007,BM-239,BF-007,,0.6754730993723337
SIM_007,1,PAIR_00001,BM-216,BM-221,BM-221,,0.47930386809454184
SIM_007,2,PAIR_00002,BM-239,BM-228,BM-228,,0.4065123944074379
SIM_007,3,PAIR_00003,BF-007,BM-229,BF-007,,0.620007354928767
SIM_007,4,PAIR_00004,BM-212,BM-227,BM-227,,0.055751477219154306
SIM_007,5,PAIR_00005,BM-223,BM-222,BM-222,,0.34079984699266824
SIM_007,6,PAIR_00006,BF-242,BM-237,BM-237,,0.2920487232935015
SIM_007,7,PAIR_00007,BM-213,BM-231,BM-213,,0.3494972203862205
SIM_007,8,PAIR_00008,BM-225,BM-236,BM-225,,0.2986383072115851
SIM_007,9,PAIR_00009,BM-226,BM-215,BM-215,,0.3446500059286485
SIM_007,10,PAIR_00010,BM-218,BM-211,BM-211,,0.48471308048957706
SIM_007,11,PAIR_00011,BM-219,BM-217,BM-219,,0.836284111455051
SIM_007,12,PAIR_00012,BM-214,BM-224,BM-214,,0.7285212378857929
SIM_007,13,PAIR_00013,BF-255,BM-215,BF-255,,0.7439676574531842
SIM_007,14,PAIR_00014,BM-222,BM-236,BM-222,,0.47619298251945674
SIM_007,15,PAIR_00015,BM-224,BF-007,BF-007,,0.2379394939340924
SIM_007,16,PAIR_00016,BM-228,BM-223,BM-228,,0.37345215256477066
SIM_007,17,PAIR_00017,BM-221,BM-231,BM-221,,0.6785159906769078
SIM_007,18,PAIR_00018,BM-212,BF-255,BF-255,,0.06288570486356526
SIM_007,19,PAIR_00019,BM-213,BM-229,BM-229,,0.24650926495140532
SIM_007,20,PAIR_00020,BF-242,BM-214,BM-214,,0.23724843950996033
SIM_007,21,PAIR_00021,BM-218,BM-227,BM-218,,0.5002369183711579
SIM_007,22,PAIR_00022,BM-219,BM-211,BM-211,,0.459396414456364
SIM_007,23,PAIR_00023,BM-216,BM-239,BM-239,,0.6014538878382059
SIM_007,24,PAIR_00024,BM-225,BM-226,BM-225,,0.7904488994507026
SIM_007,25,PAIR_00025,BM-217,BM-237,BM-237,,0.3321416766402924
SIM_007,26,PAIR_00026,BM-228,BF-242,BM-228,,0.7290994168484117
SIM_007,27,PAIR_00027,BM-226,BF-007,BF-007,,0.22035484969150645
SIM_007,28,PAIR_00028,BM-218,BM-216,BM-218,,0.7101677973349876
SIM_007,29,PAIR_00029,BM-237,BM-213,BM-237,,0.7590814226534237
SIM_007,30,PAIR_00030,BM-231,BM-236,BM-236,,0.12971614300494108
SIM_007,31,PAIR_00031,BM-211,BM-225,BM-211,,0.6391816251210418
SIM_007,32,PAIR_00032,BM-224,BM-229,BM-224,,0.3375055782864029
SIM_007,33,PAIR_00033,BM-221,BM-219,BM-221,,0.3292097878666537
SIM_007,34,PAIR_00034,BM-215,BM-214,BM-215,,0.3907685043566045
SIM_007,35,PAIR_00035,BM-239,BM-223,BM-239,,0.2899067120138933
SIM_007,36,PAIR_00036,BM-217,BF-255,BF-255,,0.16749368987613308
SIM_007,37,PAIR_00037,BM-222,BM-212,BM-222,,0.9559877205776918
SIM_007,38,PAIR_00038,BM-236,BM-227,BM-227,,0.5851839412783998
SIM_007,39,PAIR_00039,BM-217,BM-214,BM-214,,0.27271634835576414
SIM_007,40,PAIR_00040,BF-255,BM-226,BF-255,,0.8467498546318379
SIM_007,41,PAIR_00041,BM-229,BM-216,BM-216,,0.458083311976373
SIM_007,42,PAIR_00042,BM-211,BM-224,BM-211,,0.8581315487375101
SIM_007,43,PAIR_00043,BM-219,BM-231,BM-219,,0.8113370505696746
SIM_007,44,PAIR_00044,BM-218,BM-215,BM-218,,0.7677483569731899
SIM_007,45,PAIR_00045,BM-228,BM-237,BM-237,,0.5261270737795799
SIM_007,46,PAIR_00046,BM-221,BM-223,BM-221,,0.4009571315095831
SIM_007,47,PAIR_00047,BM-227,BM-213,BM-227,,0.898496525351987
SIM_007,48,PAIR_00048,BM-225,BM-212,BM-225,,0.9105025016100444
SIM_007,49,PAIR_00049,BF-007,BM-222,BM-222,,0.3052281205908015
SIM_007,50,PAIR_00050,BM-239,BF-242,BF-242,,0.6483185302283063
SIM_007,51,PAIR_00051,BM-214,BF-007,BF-007,,0.4558957557008482
SIM_007,52,PAIR_00052,BM-216,BM-212,BM-216,,0.8737173229181733
SIM_007,53,PAIR_00053,BM-223,BM-227,BM-227,,0.3986865182977619
SIM_007,54,PAIR_00054,BM-217,BM-231,BM-217,,0.45707731145428465
SIM_007,55,PAIR_00055,BF-242,BM-226,BF-242,,0.4797357297054694
SIM_007,56,PAIR_00056,BM-221,BM-239,BM-239,,0.6211326493727066
SIM_007,57,PAIR_00057,BM-228,BM-218,BM-218,,0.2830619035400725
SIM_007,58,PAIR_00058,BM-222,BM-225,BM-222,,0.6810258985706044
SIM_007,59,PAIR_00059,BM-229,BM-215,BM-215,,0.5327978943713936
SIM_007,60,PAIR_00060,BM-236,BM-211,BM-211,,0.5700307524616257
SIM_007,61,PAIR_00061,BF-255,BM-237,BF-255,,0.7119719570816829
SIM_007,62,PAIR_00062,BM-219,BM-213,BM-213,,0.8889412139677642
SIM_007,63,PAIR_00063,BF-242,BM-224,BM-224,,0.45494959516696887
SIM_007,64,PAIR_00064,BM-229,BM-237,BM-237,,0.49241736101051403
SIM_007,65,PAIR_00065,BM-226,BM-227,BM-227,,0.13736703098829836
SIM_007,66,PAIR_00066,BM-215,BM-216,BM-215,,0.42569403475889667
SIM_007,67,PAIR_00067,BM-213,BM-214,BM-214,,0.19309558203895444
SIM_007,68,PAIR_00068,BM-222,BM-217,BM-222,,0.8787115543332452
SIM_007,69,PAIR_00069,BM-225,BM-218,BM-225,,0.3750418211636877
SIM_007,70,PAIR_00070,BM-223,BF-007,BF-007,,0.54060842380539
SIM_007,71,PAIR_00071,BM-239,BM-211,BM-211,,0.20279883241704552
SIM_007,72,PAIR_00072,BM-236,BF-255,BM-236,,0.6158783457170887
SIM_007,73,PAIR_00073,BM-212,BM-219,BM-219,,0.061293611521879086
SIM_007,74,PAIR_00074,BM-231,BM-228,BM-228,,0.3472830018189138
SIM_007,75,PAIR_00075,BM-224,BM-221,BM-221,,0.28387450638342465
SIM_007,76,PAIR_00076,BM-221,BF-242,BM-221,,0.7513854013975068
SIM_007,77,PAIR_00077,BM-222,BM-219,BM-222,,0.5864840223325505
SIM_007,78,PAIR_00078,BM-224,BM-226,BM-226,,0.5248769766578227
SIM_007,79,PAIR_00079,BM-212,BM-214,BM-214,,0.11116701969697171
SIM_007,80,PAIR_00080,BF-007,BM-237,BF-007,,0.6128354244491387
SIM_007,81,PAIR_00081,BM-211,BM-217,BM-217,,0.8573691371982063
SIM_007,82,PAIR_00082,BM-228,BM-225,BM-228,,0.39683344870518444
SIM_007,83,PAIR_00083,BM-213,BM-216,BM-213,,0.21663610038712067
SIM_007,84,PAIR_00084,BM-223,BM-215,BM-223,,0.6864881778517896
SIM_007,85,PAIR_00085,BM-231,BM-227,BM-227,,0.17373565313266423
SIM_007,86,PAIR_00086,BM-239,BF-255,BF-255,,0.23527180306944467
SIM_007,87,PAIR_00087,BM-229,BM-236,BM-236,,0.19664388366947144
SIM_007,88,PAIR_00088,BM-219,BM-218,BM-219,,0.4746203209194756
SIM_007,89,PAIR_00089,BM-229,BM-214,BM-214,,0.4224551616355219
SIM_007,90,PAIR_00090,BM-213,BM-221,BM-213,,0.20290916874714177
SIM_007,91,PAIR_00091,BM-224,BM-215,BM-215,,0.36747839029831664
SIM_007,92,PAIR_00092,BM-212,BM-226,BM-226,,0.27048711097929706
SIM_007,93,PAIR_00093,BM-237,BM-227,BM-227,,0.2625068189721848
SIM_007,94,PAIR_00094,BM-217,BF-242,BM-217,,0.5465994159293619
SIM_007,95,PAIR_00095,BM-223,BM-218,BM-223,,0.3984593490577611
SIM_007,96,PAIR_00096,BF-255,BM-216,BM-216,,0.682926223091502
SIM_007,97,PAIR_00097,BM-222,BM-211,BM-222,,0.5465340657043668
SIM_007,98,PAIR_00098,BM-231,BF-007,BF-007,,0.271772807943265
SIM_007,99,PAIR_00099,BM-239,BM-225,BM-225,,0.31065077989289125
SIM_007,100,PAIR_00100,BM-228,BM-236,BM-236,,0.2188351921913676
SIM_007,101,PAIR_00101,BM-211,BM-226,BM-211,,0.8698289600678419
SIM_007,102,PAIR_00102,BF-007,BM-219,BF-007,,0.38388872519658374
SIM_007,103,PAIR_00103,BM-236,BM-214,BM-236,,0.7492659043913402
SIM_007,104,PAIR_00104,BF-242,BM-213,BF-242,,0.5651758931159829
SIM_007,105,PAIR_00105,BF-255,BM-222,BF-255,,0.40690134004113265
SIM_007,106,PAIR_00106,BM-212,BM-218,BM-218,,0.05570160960137181
SIM_007,107,PAIR_00107,BM-231,BM-215,BM-215,,0.4098254623839697
SIM_007,108,PAIR_00108,BM-228,BM-227,BM-227,,0.2832542619174882
SIM_007,109,PAIR_00109,BM-223,BM-216,BM-223,,0.6187652185868557
SIM_007,110,PAIR_00110,BM-237,BM-239,BM-239,,0.5680251532244893
SIM_007,111,PAIR_00111,BM-229,BM-225,BM-225,,0.36502653811052327
SIM_007,112,PAIR_00112,BM-224,BM-217,BM-224,,0.4984378712552536
SIM_007,113,PAIR_00113,BM-225,BM-221,BM-225,,0.5751073295424118
SIM_007,114,PAIR_00114,BM-214,BM-231,BM-214,,0.6918473256643518
SIM_007,115,PAIR_00115,BM-229,BM-223,BM-223,,0.34245527804465553
SIM_007,116,PAIR_00116,BF-242,BM-215,BF-242,,0.32656960876884994
SIM_007,117,PAIR_00117,BM-213,BM-226,BM-213,,0.4150088421278394
SIM_007,118,PAIR_00118,BM-216,BM-219,BM-219,,0.3111832951396571
SIM_007,119,PAIR_00119,BM-237,BM-222,BM-237,,0.217248963876395
SIM_007,120,PAIR_00120,BM-211,BM-221,BM-221,,0.7056882563938565
SIM_007,121,PAIR_00121,BM-217,BM-228,BM-228,,0.30935894027404387
SIM_007,122,PAIR_00122,BM-212,BM-224,BM-224,,0.2512902538392436
SIM_007,123,PAIR_00123,BM-239,BM-218,BM-218,,0.21286764940304412
SIM_007,124,PAIR_00124,BM-227,BF-255,BF-255,,0.53195615808631
SIM_007,125,PAIR_00125,BM-236,BF-007,BM-236,,0.7145985761171072
SIM_007,126,PAIR_00126,BM-223,BM-211,BM-223,,0.3838933329441322
SIM_007,127,PAIR_00127,BM-231,BM-212,BM-231,,0.7807608319292152
SIM_007,128,PAIR_00128,BM-219,BM-214,BM-219,,0.6569995404963171
SIM_007,129,PAIR_00129,BM-236,BF-242,BF-242,,0.9057254918377985
SIM_007,130,PAIR_00130,BM-213,BM-222,BM-222,,0.08095655714746094
SIM_007,131,PAIR_00131,BM-226,BM-221,BM-221,,0.2640714551215016
SIM_007,132,PAIR_00132,BF-007,BF-255,BF-007,,0.3903754955686164
SIM_007,133,PAIR_00133,BM-216,BM-237,BM-216,,0.5343777554152823
SIM_007,134,PAIR_00134,BM-239,BM-217,BM-239,,0.6046112198850913
SIM_007,135,PAIR_00135,BM-215,BM-225,BM-225,,0.3351477454818891
SIM_007,136,PAIR_00136,BM-229,BM-218,BM-229,,0.25649614064364357
SIM_007,137,PAIR_00137,BM-224,BM-227,BM-224,,0.14959987243631057
SIM_007,138,PAIR_00138,BM-228,BF-007,BF-007,,0.41225696256436
SIM_007,139,PAIR_00139,BM-216,BM-236,BM-236,,0.2245504545236615
SIM_007,140,PAIR_00140,BM-218,BM-217,BM-218,,0.8497244999092971
SIM_007,141,PAIR_00141,BM-231,BM-229,BM-229,,0.37846534003523
SIM_007,142,PAIR_00142,BM-237,BM-214,BM-214,,0.42987286313774875
SIM_007,143,PAIR_00143,BF-242,BM-227,BM-227,,0.12803625194772436
SIM_007,144,PAIR_00144,BM-219,BM-224,BM-224,,0.8371378204852085
SIM_007,145,PAIR_00145,BM-211,BF-255,BM-211,,0.5473857435404343
SIM_007,146,PAIR_00146,BM-225,BM-223,BM-225,,0.4753304079297246
SIM_007,147,PAIR_00147,BM-222,BM-221,BM-222,,0.7429218072548591
SIM_007,148,PAIR_00148,BM-212,BM-213,BM-213,,0.343247453131141
SIM_007,149,PAIR_00149,BM-239,BM-226,BM-239,,0.6296124959858393
SIM_007,150,PAIR_00150,BM-228,BM-215,BM-215,,0.5661884331139478
SIM_007,151,PAIR_00151,BM-226,BM-231,BM-231,,0.43095568282384794
SIM_007,152,PAIR_00152,BM-217,BM-227,BM-227,,0.15039655126629822
SIM_007,153,PAIR_00153,BM-239,BM-236,BM-236,,0.1609915146051335
SIM_007,154,PAIR_00154,BF-255,BM-229,BM-229,,0.7181520469739519
SIM_007,155,PAIR_00155,BM-237,BM-223,BM-237,,0.3493178947989133
SIM_007,156,PAIR_00156,BM-224,BM-225,BM-225,,0.22652408676368152
SIM_007,157,PAIR_00157,BM-222,BF-242,BM-222,,0.8972674817394369
SIM_007,158,PAIR_00158,BM-211,BM-215,BM-215,,0.778476014177606
SIM_007,159,PAIR_00159,BM-214,BM-228,BM-228,,0.5443249145087194
SIM_007,160,PAIR_00160,BF-007,BM-212,BF-007,,0.9051455603350077
SIM_007,161,PAIR_00161,BM-221,BM-218,BM-218,,0.3071734138642074
SIM_007,162,PAIR_00162,BM-213,BM-215,BM-215,,0.27171535970268296
SIM_007,163,PAIR_00163,BM-222,BM-216,BM-222,,0.7584210486984893
SIM_007,164,PAIR_00164,BM-226,BM-219,BM-226,,0.14973582300182697
SIM_007,165,PAIR_00165,BF-242,BM-219,BM-219,,0.1397009443711754
SIM_007,166,PAIR_00166,BM-239,BM-212,BM-239,,0.8209368081505211
SIM_007,167,PAIR_00167,BM-224,BM-231,BM-224,,0.455527110474699
SIM_007,168,PAIR_00168,BF-255,BM-221,BF-255,,0.664724591609599
SIM_007,169,PAIR_00169,BM-214,BM-211,BM-214,,0.3073102650961119
SIM_007,170,PAIR_00170,BM-225,BM-237,BM-237,,0.6279144817815363
SIM_007,171,PAIR_00171,BM-236,BM-223,BM-236,,0.6802741559998849
SIM_007,172,PAIR_00172,BM-217,BM-229,BM-229,,0.33890413853700446
SIM_007,173,PAIR_00173,BM-227,BM-216,BM-216,,0.7099726993206014
SIM_007,174,PAIR_00174,BM-213,BM-228,BM-228,,0.22231027439100884
SIM_007,175,PAIR_00175,BM-218,BF-007,BM-218,,0.6398425641938011
SIM_007,176,PAIR_00176,BM-216,BF-007,BM-216,,0.4203057864236588
SIM_007,177,PAIR_00177,BM-226,BM-217,BM-226,,0.47356500376324917
SIM_007,178,PAIR_00178,BF-255,BM-219,BM-219,,0.4931652408467495
SIM_007,179,PAIR_00179,BM-223,BM-231,BM-231,,0.7592256577132775
SIM_007,180,PAIR_00180,BM-213,BM-239,BM-239,,0.2944534790660408
SIM_007,181,PAIR_00181,BM-214,BM-227,BM-214,,0.3206884215984604
SIM_007,182,PAIR_00182,BM-212,BM-237,BM-237,,0.1422769554917922
SIM_007,183,PAIR_00183,BM-218,BM-224,BM-218,,0.8505206503266772
SIM_007,184,PAIR_00184,BM-228,BM-222,BM-228,,0.23556193822118957
SIM_007,185,PAIR_00185,BF-242,BM-225,BM-225,,0.19643367405875783
SIM_007,186,PAIR_00186,BM-215,BM-221,BM-215,,0.40557872439933085
SIM_007,187,PAIR_00187,BM-229,BM-211,BM-211,,0.2450060041102735
SIM_007,188,PAIR_00188,BM-236,BM-215,BM-236,,0.8232878750346994
SIM_007,189,PAIR_00189,BM-217,BM-236,BM-236,,0.11149254937650074
SIM_007,190,PAIR_00190,BM-213,BF-007,BF-007,,0.1670199276460357
SIM_007,191,PAIR_00191,BF-242,BM-223,BM-223,,0.181310561075186
SIM_007,192,PAIR_00192,BM-212,BM-211,BM-211,,0.05257037532846488
SIM_007,193,PAIR_00193,BM-224,BM-216,BM-216,,0.30101034586316194
SIM_007,194,PAIR_00194,BM-228,BM-229,BM-228,,0.5336830207039965
SIM_007,195,PAIR_00195,BM-237,BM-226,BM-226,,0.6909048845448961
SIM_007,196,PAIR_00196,BM-218,BF-255,BF-255,,0.5321921015517458
SIM_007,197,PAIR_00197,BM-221,BM-227,BM-221,,0.3073751326137769
SIM_007,198,PAIR_00198,BM-219,BM-225,BM-219,,0.6008579426588972
SIM_007,199,PAIR_00199,BM-239,BM-214,BM-214,,0.36443452115951475
SIM_007,200,PAIR_00200,BM-231,BM-222,BM-222,,0.14085935233764144
SIM_007,201,PAIR_00201,BM-215,BM-217,BM-217,,0.6310680135639577
SIM_007,202,PAIR_00202,BM-222,BM-224,BM-222,,0.8793759336275948
SIM_007,203,PAIR_00203,BF-255,BM-214,BF-255,,0.6508120994774664
SIM_007,204,PAIR_00204,BM-228,BM-219,BM-219,,0.3041278356745797
SIM_007,205,PAIR_00205,BM-229,BM-221,BM-221,,0.437603698557496
SIM_007,206,PAIR_00206,BM-226,BM-218,BM-218,,0.13725477278924952
SIM_007,207,PAIR_00207,BM-225,BM-216,BM-225,,0.5952114627748064
SIM_007,208,PAIR_00208,BM-211,BM-237,BM-211,,0.7493397780868819
SIM_007,209,PAIR_00209,BM-239,BM-231,BM-239,,0.5628167694682431
SIM_007,210,PAIR_00210,BM-213,BM-236,BM-236,,0.07414322575223149
SIM_007,211,PAIR_00211,BF-007,BF-242,BF-007,,0.793261986734821
SIM_007,212,PAIR_00212,BM-212,BM-223,BM-223,,0.08176947027292372
SIM_007,213,PAIR_00213,BM-227,BM-211,BM-227,,0.48447638700912915
SIM_007,214,PAIR_00214,BM-216,BM-217,BM-216,,0.6976733103767735
SIM_007,215,PAIR_00215,BM-219,BM-227,BM-219,,0.4748566345512353
SIM_007,216,PAIR_00216,BM-214,BM-218,BM-214,,0.3204820085092622
SIM_007,217,PAIR_00217,BM-237,BM-215,BM-215,,0.5403404035999196
SIM_007,218,PAIR_00218,BM-236,BM-226,BM-236,,0.8985689276258495
SIM_007,219,PAIR_00219,BM-224,BM-228,BM-224,,0.30802549607309854
SIM_007,220,PAIR_00220,BM-231,BF-242,BM-231,,0.5888115508887632
SIM_007,221,PAIR_00221,BM-225,BF-255,BM-225,,0.4057168439867916
SIM_007,222,PAIR_00222,BM-221,BF-007,BF-007,,0.44061009653969924
SIM_007,223,PAIR_00223,BM-212,BM-229,BM-229,,0.1460189214358076
SIM_007,224,PAIR_00224,BM-222,BM-239,BM-222,,0.8257166177944669
SIM_007,225,PAIR_00225,BM-223,BM-213,BM-223,,0.8544189721459678
SIM_007,226,PAIR_00226,BM-221,BM-228,BM-221,,0.5289567135647587
SIM_007,227,PAIR_00227,BM-215,BF-007,BM-215,,0.34956322046724636
SIM_007,228,PAIR_00228,BF-255,BM-231,BF-255,,0.8071163599244839
SIM_007,229,PAIR_00229,BM-219,BM-223,BM-219,,0.5769542374218426
SIM_007,230,PAIR_00230,BM-218,BM-213,BM-213,,0.8985829210390318
SIM_007,231,PAIR_00231,BM-226,BM-216,BM-216,,0.2804800925353363
SIM_007,232,PAIR_00232,BM-225,BM-214,BM-225,,0.5599379861217109
SIM_007,233,PAIR_00233,BM-227,BM-229,BM-227,,0.7433230907449867
SIM_007,234,PAIR_00234,BM-224,BM-239,BM-239,,0.3938960078122809
SIM_007,235,PAIR_00235,BM-212,BM-217,BM-217,,0.2501164607503142
SIM_007,236,PAIR_00236,BM-236,BM-237,BM-236,,0.7985201491919167
SIM_007,237,PAIR_00237,BM-211,BF-242,BM-211,,0.8787396547598036
SIM_007,238,PAIR_00238,BM-218,BM-222,BM-218,,0.43835442419306125
SIM_007,239,PAIR_00239,BM-227,BM-222,BM-222,,0.4381211207784558
SIM_007,240,PAIR_00240,BM-229,BF-242,BM-229,,0.7016404399947652
SIM_007,241,PAIR_00241,BM-211,BM-231,BM-211,,0.8350011035534172
SIM_007,242,PAIR_00242,BM-213,BM-225,BM-225,,0.15830018632255818
SIM_007,243,PAIR_00243,BM-228,BF-255,BM-228,,0.3099448578523684
SIM_007,244,PAIR_00244,BM-223,BM-226,BM-226,,0.8063385161216202
SIM_007,245,PAIR_00245,BM-212,BM-215,BM-215,,0.1631748808952223
SIM_007,246,PAIR_00246,BM-221,BM-237,BM-221,,0.5549175947981636
SIM_007,247,PAIR_00247,BM-219,BM-239,BM-239,,0.7696116648813172
SIM_007,248,PAIR_00248,BM-216,BM-214,BM-216,,0.46390252138950805
SIM_007,249,PAIR_00249,BM-236,BM-224,BM-236,,0.8891249417513256
SIM_007,250,PAIR_00250,BM-217,BF-007,BF-007,,0.23907435981385444
SIM_007,251,PAIR_00251,BM-212,BM-228,BM-228,,0.1299829775347618
SIM_007,252,PAIR_00252,BM-217,BM-225,BM-225,,0.22762076888279198
SIM_007,253,PAIR_00253,BM-236,BM-219,BM-236,,0.6093901347663366
SIM_007,254,PAIR_00254,BM-218,BF-242,BM-218,,0.872069511853059
SIM_007,255,PAIR_00255,BM-226,BM-214,BM-214,,0.2522358602332104
SIM_007,256,PAIR_00256,BF-255,BM-213,BF-255,,0.886213166818921
SIM_007,257,PAIR_00257,BM-227,BM-239,BM-239,,0.7869735199346419
SIM_007,258,PAIR_00258,BM-229,BM-222,BM-222,,0.21213505355168763
SIM_007,259,PAIR_00259,BM-224,BM-223,BM-224,,0.20968887622430654
SIM_007,260,PAIR_00260,BM-216,BM-231,BM-231,,0.6601871626425073
SIM_007,261,PAIR_00261,BM-211,BF-007,BM-211,,0.6538142109888488
SIM_007,262,PAIR_00262,BM-215,BM-222,BM-215,,0.19100644193377725
SIM_007,263,PAIR_00263,BM-237,BM-218,BM-218,,0.2623233935218685
SIM_007,264,PAIR_00264,BM-221,BM-217,BM-217,,0.7148535166790715
SIM_007,265,PAIR_00265,BM-231,BM-237,BM-237,,0.3713569069910973
SIM_007,266,PAIR_00266,BM-228,BM-226,BM-226,,0.7127866217890074
SIM_007,267,PAIR_00267,BM-236,BM-221,BM-236,,0.7606981020969623
SIM_007,268,PAIR_00268,BM-239,BM-215,BM-239,,0.4720079919409225
SIM_007,269,PAIR_00269,BM-216,BM-211,BM-216,,0.27740590065037546
SIM_007,270,PAIR_00270,BF-255,BF-242,BF-242,,0.8569806375300371
SIM_007,271,PAIR_00271,BM-223,BM-214,BM-214,,0.5841101020402096
SIM_007,272,PAIR_00272,BM-225,BF-007,BM-225,,0.5160029583577592
SIM_007,273,PAIR_00273,BM-229,BM-219,BM-219,,0.2763470748582293
SIM_007,274,PAIR_00274,BM-213,BM-224,BM-213,,0.3910532598856224
SIM_007,275,PAIR_00275,BF-007,BM-227,BF-007,,0.3603758504743594
SIM_007,276,PAIR_00276,BM-236,BM-212,BM-236,,0.959827717024812
SIM_007,277,PAIR_00277,BM-237,BM-224,BM-237,,0.6692429390672207
SIM_007,278,PAIR_00278,BF-242,BM-216,BM-216,,0.2644078645825088
SIM_007,279,PAIR_00279,BM-215,BM-227,BM-227,,0.23242066634806705
SIM_007,280,PAIR_00280,BM-212,BM-221,BM-221,,0.11742272550174405
SIM_007,281,PAIR_00281,BM-231,BM-225,BM-225,,0.25928649124739844
SIM_007,282,PAIR_00282,BM-226,BM-222,BM-222,,0.11045284726338489
SIM_007,283,PAIR_00283,BM-217,BM-213,BM-217,,0.6104336905348509
SIM_007,284,PAIR_00284,BM-239,BM-229,BM-239,,0.4394325204751498
SIM_007,285,PAIR_00285,BF-255,BM-223,BF-255,,0.5702673104810158
SIM_007,286,PAIR_00286,BM-228,BM-211,BM-228,,0.27081518045009806
SIM_007,287,PAIR_00287,BM-222,BM-214,BM-222,,0.7309407531975411
SIM_007,288,PAIR_00288,BM-219,BM-215,BM-219,,0.7491406879013857
SIM_007,289,PAIR_00289,BM-218,BM-231,BM-231,,0.8264003448400584
SIM_007,290,PAIR_00290,BM-223,BM-217,BM-217,,0.7892737414758372
SIM_007,291,PAIR_00291,BM-216,BM-228,BM-228,,0.5082804312428928
SIM_007,292,PAIR_00292,BM-224,BF-255,BF-255,,0.16662420623664836
SIM_007,293,PAIR_00293,BM-226,BM-229,BM-229,,0.3156100905346744
SIM_007,294,PAIR_00294,BM-237,BM-219,BM-219,,0.28245398664576415
SIM_007,295,PAIR_00295,BF-242,BM-212,BM-212,,0.7132151985625615
SIM_007,296,PAIR_00296,BM-225,BM-227,BM-225,,0.37526396834976317
SIM_007,297,PAIR_00297,BM-214,BM-221,BM-221,,0.5154475086916739
SIM_007,298,PAIR_00298,BM-218,BM-236,BM-236,,0.4150461190579815
SIM_007,299,PAIR_00299,BM-211,BM-213,BM-211,,0.9040228264809127
SIM_007,300,PAIR_00300,BF-007,BM-239,BF-007,,0.6754730993723337
SIM_008,1,PAIR_00001,BM-216,BM-221,BM-216,,0.47930386809454184
SIM_008,2,PAIR_00002,BM-239,BM-228,BM-228,,0.4065123944074379
SIM_008,3,PAIR_00003,BF-007,BM-229,BM-229,,0.620007354928767
SIM_008,4,PAIR_00004,BM-212,BM-227,BM-227,,0.055751477219154306
SIM_008,5,PAIR_00005,BM-223,BM-222,BM-223,,0.34079984699266824
SIM_008,6,PAIR_00006,BF-242,BM-237,BM-237,,0.2920487232935015
SIM_008,7,PAIR_00007,BM-213,BM-231,BM-231,,0.3494972203862205
SIM_008,8,PAIR_00008,BM-225,BM-236,BM-236,,0.2986383072115851
SIM_008,9,PAIR_00009,BM-226,BM-215,BM-215,,0.3446500059286485
SIM_008,10,PAIR_00010,BM-218,BM-211,BM-211,,0.48471308048957706
SIM_008,11,PAIR_00011,BM-219,BM-217,BM-219,,0.836284111455051
SIM_008,12,PAIR_00012,BM-214,BM-224,BM-214,,0.7285212378857929
SIM_008,13,PAIR_00013,BF-255,BM-215,BM-215,,0.7439676574531842
SIM_008,14,PAIR_00014,BM-222,BM-236,BM-222,,0.47619298251945674
SIM_008,15,PAIR_00015,BM-224,BF-007,BF-007,,0.2379394939340924
SIM_008,16,PAIR_00016,BM-228,BM-223,BM-228,,0.37345215256477066
SIM_008,17,PAIR_00017,BM-221,BM-231,BM-221,,0.6785159906769078
SIM_008,18,PAIR_00018,BM-212,BF-255,BF-255,,0.06288570486356526
SIM_008,19,PAIR_00019,BM-213,BM-229,BM-213,,0.24650926495140532
SIM_008,20,PAIR_00020,BF-242,BM-214,BM-214,,0.23724843950996033
SIM_008,21,PAIR_00021,BM-218,BM-227,BM-227,,0.5002369183711579
SIM_008,22,PAIR_00022,BM-219,BM-211,BM-211,,0.459396414456364
SIM_008,23,PAIR_00023,BM-216,BM-239,BM-239,,0.6014538878382059
SIM_008,24,PAIR_00024,BM-225,BM-226,BM-225,,0.7904488994507026
SIM_008,25,PAIR_00025,BM-217,BM-237,BM-237,,0.3321416766402924
SIM_008,26,PAIR_00026,BM-228,BF-242,BM-228,,0.7290994168484117
SIM_008,27,PAIR_00027,BM-226,BF-007,BF-007,,0.22035484969150645
SIM_008,28,PAIR_00028,BM-218,BM-216,BM-218,,0.7101677973349876
SIM_008,29,PAIR_00029,BM-237,BM-213,BM-237,,0.7590814226534237
SIM_008,30,PAIR_00030,BM-231,BM-236,BM-231,,0.12971614300494108
SIM_008,31,PAIR_00031,BM-211,BM-225,BM-211,,0.6391816251210418
SIM_008,32,PAIR_00032,BM-224,BM-229,BM-229,,0.3375055782864029
SIM_008,33,PAIR_00033,BM-221,BM-219,BM-219,,0.3292097878666537
SIM_008,34,PAIR_00034,BM-215,BM-214,BM-214,,0.3907685043566045
SIM_008,35,PAIR_00035,BM-239,BM-223,BM-223,,0.2899067120138933
SIM_008,36,PAIR_00036,BM-217,BF-255,BF-255,,0.16749368987613308
SIM_008,37,PAIR_00037,BM-222,BM-212,BM-222,,0.9559877205776918
SIM_008,38,PAIR_00038,BM-236,BM-227,BM-236,,0.5851839412783998
SIM_008,39,PAIR_00039,BM-217,BM-214,BM-217,,0.27271634835576414
SIM_008,40,PAIR_00040,BF-255,BM-226,BF-255,,0.8467498546318379
SIM_008,41,PAIR_00041,BM-229,BM-216,BM-216,,0.458083311976373
SIM_008,42,PAIR_00042,BM-211,BM-224,BM-211,,0.8581315487375101
SIM_008,43,PAIR_00043,BM-219,BM-231,BM-231,,0.8113370505696746
SIM_008,44,PAIR_00044,BM-218,BM-215,BM-215,,0.7677483569731899
SIM_008,45,PAIR_00045,BM-228,BM-237,BM-237,,0.5261270737795799
SIM_008,46,PAIR_00046,BM-221,BM-223,BM-221,,0.4009571315095831
SIM_008,47,PAIR_00047,BM-227,BM-213,BM-227,,0.898496525351987
SIM_008,48,PAIR_00048,BM-225,BM-212,BM-225,,0.9105025016100444
SIM_008,49,PAIR_00049,BF-007,BM-222,BM-222,,0.3052281205908015
SIM_008,50,PAIR_00050,BM-239,BF-242,BM-239,,0.6483185302283063
SIM_008,51,PAIR_00051,BM-214,BF-007,BF-007,,0.4558957557008482
SIM_008,52,PAIR_00052,BM-216,BM-212,BM-216,,0.8737173229181733
SIM_008,53,PAIR_00053,BM-223,BM-227,BM-223,,0.3986865182977619
SIM_008,54,PAIR_00054,BM-217,BM-231,BM-217,,0.45707731145428465
SIM_008,55,PAIR_00055,BF-242,BM-226,BF-242,,0.4797357297054694
SIM_008,56,PAIR_00056,BM-221,BM-239,BM-239,,0.6211326493727066
SIM_008,57,PAIR_00057,BM-228,BM-218,BM-218,,0.2830619035400725
SIM_008,58,PAIR_00058,BM-222,BM-225,BM-222,,0.6810258985706044
SIM_008,59,PAIR_00059,BM-229,BM-215,BM-215,,0.5327978943713936
SIM_008,60,PAIR_00060,BM-236,BM-211,BM-211,,0.5700307524616257
SIM_008,61,PAIR_00061,BF-255,BM-237,BF-255,,0.7119719570816829
SIM_008,62,PAIR_00062,BM-219,BM-213,BM-219,,0.8889412139677642
SIM_008,63,PAIR_00063,BF-242,BM-224,BM-224,,0.45494959516696887
SIM_008,64,PAIR_00064,BM-229,BM-237,BM-237,,0.49241736101051403
SIM_008,65,PAIR_00065,BM-226,BM-227,BM-227,,0.13736703098829836
SIM_008,66,PAIR_00066,BM-215,BM-216,BM-216,,0.42569403475889667
SIM_008,67,PAIR_00067,BM-213,BM-214,BM-214,,0.19309558203895444
SIM_008,68,PAIR_00068,BM-222,BM-217,BM-222,,0.8787115543332452
SIM_008,69,PAIR_00069,BM-225,BM-218,BM-218,,0.3750418211636877
SIM_008,70,PAIR_00070,BM-223,BF-007,BF-007,,0.54060842380539
SIM_008,71,PAIR_00071,BM-239,BM-211,BM-211,,0.20279883241704552
SIM_008,72,PAIR_00072,BM-236,BF-255,BM-236,,0.6158783457170887
SIM_008,73,PAIR_00073,BM-212,BM-219,BM-219,,0.061293611521879086
SIM_008,74,PAIR_00074,BM-231,BM-228,BM-228,,0.3472830018189138
SIM_008,75,PAIR_00075,BM-224,BM-221,BM-221,,0.28387450638342465
SIM_008,76,PAIR_00076,BM-221,BF-242,BM-221,,0.7513854013975068
SIM_008,77,PAIR_00077,BM-222,BM-219,BM-222,,0.5864840223325505
SIM_008,78,PAIR_00078,BM-224,BM-226,BM-226,,0.5248769766578227
SIM_008,79,PAIR_00079,BM-212,BM-214,BM-214,,0.11116701969697171
SIM_008,80,PAIR_00080,BF-007,BM-237,BF-007,,0.6128354244491387
SIM_008,81,PAIR_00081,BM-211,BM-217,BM-211,,0.8573691371982063
SIM_008,82,PAIR_00082,BM-228,BM-225,BM-228,,0.39683344870518444
SIM_008,83,PAIR_00083,BM-213,BM-216,BM-216,,0.21663610038712067
SIM_008,84,PAIR_00084,BM-223,BM-215,BM-215,,0.6864881778517896
SIM_008,85,PAIR_00085,BM-231,BM-227,BM-227,,0.17373565313266423
SIM_008,86,PAIR_00086,BM-239,BF-255,BF-255,,0.23527180306944467
SIM_008,87,PAIR_00087,BM-229,BM-236,BM-236,,0.19664388366947144
SIM_008,88,PAIR_00088,BM-219,BM-218,BM-219,,0.4746203209194756
SIM_008,89,PAIR_00089,BM-229,BM-214,BM-229,,0.4224551616355219
SIM_008,90,PAIR_00090,BM-213,BM-221,BM-221,,0.20290916874714177
SIM_008,91,PAIR_00091,BM-224,BM-215,BM-224,,0.36747839029831664
SIM_008,92,PAIR_00092,BM-212,BM-226,BM-226,,0.27048711097929706
SIM_008,93,PAIR_00093,BM-237,BM-227,BM-227,,0.2625068189721848
SIM_008,94,PAIR_00094,BM-217,BF-242,BF-242,,0.5465994159293619
SIM_008,95,PAIR_00095,BM-223,BM-218,BM-218,,0.3984593490577611
SIM_008,96,PAIR_00096,BF-255,BM-216,BM-216,,0.682926223091502
SIM_008,97,PAIR_00097,BM-222,BM-211,BM-211,,0.5465340657043668
SIM_008,98,PAIR_00098,BM-231,BF-007,BF-007,,0.271772807943265
SIM_008,99,PAIR_00099,BM-239,BM-225,BM-239,,0.31065077989289125
SIM_008,100,PAIR_00100,BM-228,BM-236,BM-236,,0.2188351921913676
SIM_008,101,PAIR_00101,BM-211,BM-226,BM-211,,0.8698289600678419
SIM_008,102,PAIR_00102,BF-007,BM-219,BM-219,,0.38388872519658374
SIM_008,103,PAIR_00103,BM-236,BM-214,BM-236,,0.7492659043913402
SIM_008,104,PAIR_00104,BF-242,BM-213,BM-213,,0.5651758931159829
SIM_008,105,PAIR_00105,BF-255,BM-222,BM-222,,0.40690134004113265
SIM_008,106,PAIR_00106,BM-212,BM-218,BM-218,,0.05570160960137181
SIM_008,107,PAIR_00107,BM-231,BM-215,BM-215,,0.4098254623839697
SIM_008,108,PAIR_00108,BM-228,BM-227,BM-227,,0.2832542619174882
SIM_008,109,PAIR_00109,BM-223,BM-216,BM-223,,0.6187652185868557
SIM_008,110,PAIR_00110,BM-237,BM-239,BM-239,,0.5680251532244893
SIM_008,111,PAIR_00111,BM-229,BM-225,BM-225,,0.36502653811052327
SIM_008,112,PAIR_00112,BM-224,BM-217,BM-224,,0.4984378712552536
SIM_008,113,PAIR_00113,BM-225,BM-221,BM-225,,0.5751073295424118
SIM_008,114,PAIR_00114,BM-214,BM-231,BM-214,,0.6918473256643518
SIM_008,115,PAIR_00115,BM-229,BM-223,BM-229,,0.34245527804465553
SIM_008,116,PAIR_00116,BF-242,BM-215,BF-242,,0.32656960876884994
SIM_008,117,PAIR_00117,BM-213,BM-226,BM-213,,0.4150088421278394
SIM_008,118,PAIR_00118,BM-216,BM-219,BM-219,,0.3111832951396571
SIM_008,119,PAIR_00119,BM-237,BM-222,BM-237,,0.217248963876395
SIM_008,120,PAIR_00120,BM-211,BM-221,BM-221,,0.7056882563938565
SIM_008,121,PAIR_00121,BM-217,BM-228,BM-217,,0.30935894027404387
SIM_008,122,PAIR_00122,BM-212,BM-224,BM-224,,0.2512902538392436
SIM_008,123,PAIR_00123,BM-239,BM-218,BM-218,,0.21286764940304412
SIM_008,124,PAIR_00124,BM-227,BF-255,BF-255,,0.53195615808631
SIM_008,125,PAIR_00125,BM-236,BF-007,BF-007,,0.7145985761171072
SIM_008,126,PAIR_00126,BM-223,BM-211,BM-211,,0.3838933329441322
SIM_008,127,PAIR_00127,BM-231,BM-212,BM-231,,0.7807608319292152
SIM_008,128,PAIR_00128,BM-219,BM-214,BM-219,,0.6569995404963171
SIM_008,129,PAIR_00129,BM-236,BF-242,BM-236,,0.9057254918377985
SIM_008,130,PAIR_00130,BM-213,BM-222,BM-222,,0.08095655714746094
SIM_008,131,PAIR_00131,BM-226,BM-221,BM-221,,0.2640714551215016
SIM_008,132,PAIR_00132,BF-007,BF-255,BF-255,,0.3903754955686164
SIM_008,133,PAIR_00133,BM-216,BM-237,BM-216,,0.5343777554152823
SIM_008,134,PAIR_00134,BM-239,BM-217,BM-217,,0.6046112198850913
SIM_008,135,PAIR_00135,BM-215,BM-225,BM-225,,0.3351477454818891
SIM_008,136,PAIR_00136,BM-229,BM-218,BM-218,,0.25649614064364357
SIM_008,137,PAIR_00137,BM-224,BM-227,BM-224,,0.14959987243631057
SIM_008,138,PAIR_00138,BM-228,BF-007,BF-007,,0.41225696256436
SIM_008,139,PAIR_00139,BM-216,BM-236,BM-236,,0.2245504545236615
SIM_008,140,PAIR_00140,BM-218,BM-217,BM-218,,0.8497244999092971
SIM_008,141,PAIR_00141,BM-231,BM-229,BM-229,,0.37846534003523
SIM_008,142,PAIR_00142,BM-237,BM-214,BM-237,,0.42987286313774875
SIM_008,143,PAIR_00143,BF-242,BM-227,BM-227,,0.12803625194772436
SIM_008,144,PAIR_00144,BM-219,BM-224,BM-219,,0.8371378204852085
SIM_008,145,PAIR_00145,BM-211,BF-255,BF-255,,0.5473857435404343
SIM_008,146,PAIR_00146,BM-225,BM-223,BM-223,,0.4753304079297246
SIM_008,147,PAIR_00147,BM-222,BM-221,BM-221,,0.7429218072548591
SIM_008,148,PAIR_00148,BM-212,BM-213,BM-213,,0.343247453131141
SIM_008,149,PAIR_00149,BM-239,BM-226,BM-226,,0.6296124959858393
SIM_008,150,PAIR_00150,BM-228,BM-215,BM-228,,0.5661884331139478
SIM_008,151,PAIR_00151,BM-226,BM-231,BM-231,,0.43095568282384794
SIM_008,152,PAIR_00152,BM-217,BM-227,BM-227,,0.15039655126629822
SIM_008,153,PAIR_00153,BM-239,BM-236,BM-236,,0.1609915146051335
SIM_008,154,PAIR_00154,BF-255,BM-229,BF-255,,0.7181520469739519
SIM_008,155,PAIR_00155,BM-237,BM-223,BM-237,,0.3493178947989133
SIM_008,156,PAIR_00156,BM-224,BM-225,BM-225,,0.22652408676368152
SIM_008,157,PAIR_00157,BM-222,BF-242,BF-242,,0.8972674817394369
SIM_008,158,PAIR_00158,BM-211,BM-215,BM-211,,0.778476014177606
SIM_008,159,PAIR_00159,BM-214,BM-228,BM-214,,0.5443249145087194
SIM_008,160,PAIR_00160,BF-007,BM-212,BF-007,,0.9051455603350077
SIM_008,161,PAIR_00161,BM-221,BM-218,BM-221,,0.3071734138642074
SIM_008,162,PAIR_00162,BM-213,BM-215,BM-213,,0.27171535970268296
SIM_008,163,PAIR_00163,BM-222,BM-216,BM-222,,0.7584210486984893
SIM_008,164,PAIR_00164,BM-226,BM-219,BM-219,,0.14973582300182697
SIM_008,165,PAIR_00165,BF-242,BM-219,BF-242,,0.1397009443711754
SIM_008,166,PAIR_00166,BM-239,BM-212,BM-239,,0.8209368081505211
SIM_008,167,PAIR_00167,BM-224,BM-231,BM-231,,0.455527110474699
SIM_008,168,PAIR_00168,BF-255,BM-221,BF-255,,0.664724591609599
SIM_008,169,PAIR_00169,BM-214,BM-211,BM-211,,0.3073102650961119
SIM_008,170,PAIR_00170,BM-225,BM-237,BM-225,,0.6279144817815363
SIM_008,171,PAIR_00171,BM-236,BM-223,BM-236,,0.6802741559998849
SIM_008,172,PAIR_00172,BM-217,BM-229,BM-229,,0.33890413853700446
SIM_008,173,PAIR_00173,BM-227,BM-216,BM-227,,0.7099726993206014
SIM_008,174,PAIR_00174,BM-213,BM-228,BM-213,,0.22231027439100884
SIM_008,175,PAIR_00175,BM-218,BF-007,BF-007,,0.6398425641938011
SIM_008,176,PAIR_00176,BM-216,BF-007,BF-007,,0.4203057864236588
SIM_008,177,PAIR_00177,BM-226,BM-217,BM-217,,0.47356500376324917
SIM_008,178,PAIR_00178,BF-255,BM-219,BF-255,,0.4931652408467495
SIM_008,179,PAIR_00179,BM-223,BM-231,BM-223,,0.7592256577132775
SIM_008,180,PAIR_00180,BM-213,BM-239,BM-239,,0.2944534790660408
SIM_008,181,PAIR_00181,BM-214,BM-227,BM-227,,0.3206884215984604
SIM_008,182,PAIR_00182,BM-212,BM-237,BM-237,,0.1422769554917922
SIM_008,183,PAIR_00183,BM-218,BM-224,BM-218,,0.8505206503266772
SIM_008,184,PAIR_00184,BM-228,BM-222,BM-228,,0.23556193822118957
SIM_008,185,PAIR_00185,BF-242,BM-225,BM-225,,0.19643367405875783
SIM_008,186,PAIR_00186,BM-215,BM-221,BM-221,,0.40557872439933085
SIM_008,187,PAIR_00187,BM-229,BM-211,BM-211,,0.2450060041102735
SIM_008,188,PAIR_00188,BM-236,BM-215,BM-236,,0.8232878750346994
SIM_008,189,PAIR_00189,BM-217,BM-236,BM-236,,0.11149254937650074
SIM_008,190,PAIR_00190,BM-213,BF-007,BM-213,,0.1670199276460357
SIM_008,191,PAIR_00191,BF-242,BM-223,BF-242,,0.181310561075186
SIM_008,192,PAIR_00192,BM-212,BM-211,BM-211,,0.05257037532846488
SIM_008,193,PAIR_00193,BM-224,BM-216,BM-216,,0.30101034586316194
SIM_008,194,PAIR_00194,BM-228,BM-229,BM-228,,0.5336830207039965
SIM_008,195,PAIR_00195,BM-237,BM-226,BM-226,,0.6909048845448961
SIM_008,196,PAIR_00196,BM-218,BF-255,BF-255,,0.5321921015517458
SIM_008,197,PAIR_00197,BM-221,BM-227,BM-227,,0.3073751326137769
SIM_008,198,PAIR_00198,BM-219,BM-225,BM-225,,0.6008579426588972
SIM_008,199,PAIR_00199,BM-239,BM-214,BM-214,,0.36443452115951475
SIM_008,200,PAIR_00200,BM-231,BM-222,BM-222,,0.14085935233764144
SIM_008,201,PAIR_00201,BM-215,BM-217,BM-217,,0.6310680135639577
SIM_008,202,PAIR_00202,BM-222,BM-224,BM-222,,0.8793759336275948
SIM_008,203,PAIR_00203,BF-255,BM-214,BF-255,,0.6508120994774664
SIM_008,204,PAIR_00204,BM-228,BM-219,BM-219,,0.3041278356745797
SIM_008,205,PAIR_00205,BM-229,BM-221,BM-221,,0.437603698557496
SIM_008,206,PAIR_00206,BM-226,BM-218,BM-218,,0.13725477278924952
SIM_008,207,PAIR_00207,BM-225,BM-216,BM-225,,0.5952114627748064
SIM_008,208,PAIR_00208,BM-211,BM-237,BM-237,,0.7493397780868819
SIM_008,209,PAIR_00209,BM-239,BM-231,BM-231,,0.5628167694682431
SIM_008,210,PAIR_00210,BM-213,BM-236,BM-236,,0.07414322575223149
SIM_008,211,PAIR_00211,BF-007,BF-242,BF-007,,0.793261986734821
SIM_008,212,PAIR_00212,BM-212,BM-223,BM-223,,0.08176947027292372
SIM_008,213,PAIR_00213,BM-227,BM-211,BM-211,,0.48447638700912915
SIM_008,214,PAIR_00214,BM-216,BM-217,BM-216,,0.6976733103767735
SIM_008,215,PAIR_00215,BM-219,BM-227,BM-219,,0.4748566345512353
SIM_008,216,PAIR_00216,BM-214,BM-218,BM-218,,0.3204820085092622
SIM_008,217,PAIR_00217,BM-237,BM-215,BM-237,,0.5403404035999196
SIM_008,218,PAIR_00218,BM-236,BM-226,BM-236,,0.8985689276258495
SIM_008,219,PAIR_00219,BM-224,BM-228,BM-228,,0.30802549607309854
SIM_008,220,PAIR_00220,BM-231,BF-242,BM-231,,0.5888115508887632
SIM_008,221,PAIR_00221,BM-225,BF-255,BF-255,,0.4057168439867916
SIM_008,222,PAIR_00222,BM-221,BF-007,BM-221,,0.44061009653969924
SIM_008,223,PAIR_00223,BM-212,BM-229,BM-229,,0.1460189214358076
SIM_008,224,PAIR_00224,BM-222,BM-239,BM-222,,0.8257166177944669
SIM_008,225,PAIR_00225,BM-223,BM-213,BM-213,,0.8544189721459678
SIM_008,226,PAIR_00226,BM-221,BM-228,BM-221,,0.5289567135647587
SIM_008,227,PAIR_00227,BM-215,BF-007,BF-007,,0.34956322046724636
SIM_008,228,PAIR_00228,BF-255,BM-231,BF-255,,0.8071163599244839
SIM_008,229,PAIR_00229,BM-219,BM-223,BM-219,,0.5769542374218426
SIM_008,230,PAIR_00230,BM-218,BM-213,BM-213,,0.8985829210390318
SIM_008,231,PAIR_00231,BM-226,BM-216,BM-216,,0.2804800925353363
SIM_008,232,PAIR_00232,BM-225,BM-214,BM-225,,0.5599379861217109
SIM_008,233,PAIR_00233,BM-227,BM-229,BM-227,,0.7433230907449867
SIM_008,234,PAIR_00234,BM-224,BM-239,BM-239,,0.3938960078122809
SIM_008,235,PAIR_00235,BM-212,BM-217,BM-217,,0.2501164607503142
SIM_008,236,PAIR_00236,BM-236,BM-237,BM-236,,0.7985201491919167
SIM_008,237,PAIR_00237,BM-211,BF-242,BF-242,,0.8787396547598036
SIM_008,238,PAIR_00238,BM-218,BM-222,BM-222,,0.43835442419306125
SIM_008,239,PAIR_00239,BM-227,BM-222,BM-222,,0.4381211207784558
SIM_008,240,PAIR_00240,BM-229,BF-242,BF-242,,0.7016404399947652
SIM_008,241,PAIR_00241,BM-211,BM-231,BM-211,,0.8350011035534172
SIM_008,242,PAIR_00242,BM-213,BM-225,BM-225,,0.15830018632255818
SIM_008,243,PAIR_00243,BM-228,BF-255,BF-255,,0.3099448578523684
SIM_008,244,PAIR_00244,BM-223,BM-226,BM-223,,0.8063385161216202
SIM_008,245,PAIR_00245,BM-212,BM-215,BM-215,,0.1631748808952223
SIM_008,246,PAIR_00246,BM-221,BM-237,BM-221,,0.5549175947981636
SIM_008,247,PAIR_00247,BM-219,BM-239,BM-219,,0.7696116648813172
SIM_008,248,PAIR_00248,BM-216,BM-214,BM-216,,0.46390252138950805
SIM_008,249,PAIR_00249,BM-236,BM-224,BM-236,,0.8891249417513256
SIM_008,250,PAIR_00250,BM-217,BF-007,BF-007,,0.23907435981385444
SIM_008,251,PAIR_00251,BM-212,BM-228,BM-228,,0.1299829775347618
SIM_008,252,PAIR_00252,BM-217,BM-225,BM-225,,0.22762076888279198
SIM_008,253,PAIR_00253,BM-236,BM-219,BM-219,,0.6093901347663366
SIM_008,254,PAIR_00254,BM-218,BF-242,BM-218,,0.872069511853059
SIM_008,255,PAIR_00255,BM-226,BM-214,BM-214,,0.2522358602332104
SIM_008,256,PAIR_00256,BF-255,BM-213,BF-255,,0.886213166818921
SIM_008,257,PAIR_00257,BM-227,BM-239,BM-227,,0.7869735199346419
SIM_008,258,PAIR_00258,BM-229,BM-222,BM-222,,0.21213505355168763
SIM_008,259,PAIR_00259,BM-224,BM-223,BM-223,,0.20968887622430654
SIM_008,260,PAIR_00260,BM-216,BM-231,BM-231,,0.6601871626425073
SIM_008,261,PAIR_00261,BM-211,BF-007,BM-211,,0.6538142109888488
SIM_008,262,PAIR_00262,BM-215,BM-222,BM-222,,0.19100644193377725
SIM_008,263,PAIR_00263,BM-237,BM-218,BM-237,,0.2623233935218685
SIM_008,264,PAIR_00264,BM-221,BM-217,BM-221,,0.7148535166790715
SIM_008,265,PAIR_00265,BM-231,BM-237,BM-237,,0.3713569069910973
SIM_008,266,PAIR_00266,BM-228,BM-226,BM-228,,0.7127866217890074
SIM_008,267,PAIR_00267,BM-236,BM-221,BM-236,,0.7606981020969623
SIM_008,268,PAIR_00268,BM-239,BM-215,BM-215,,0.4720079919409225
SIM_008,269,PAIR_00269,BM-216,BM-211,BM-211,,0.27740590065037546
SIM_008,270,PAIR_00270,BF-255,BF-242,BF-255,,0.8569806375300371
SIM_008,271,PAIR_00271,BM-223,BM-214,BM-223,,0.5841101020402096
SIM_008,272,PAIR_00272,BM-225,BF-007,BF-007,,0.5160029583577592
SIM_008,273,PAIR_00273,BM-229,BM-219,BM-219,,0.2763470748582293
SIM_008,274,PAIR_00274,BM-213,BM-224,BM-224,,0.3910532598856224
SIM_008,275,PAIR_00275,BF-007,BM-227,BF-007,,0.3603758504743594
SIM_008,276,PAIR_00276,BM-236,BM-212,BM-212,,0.959827717024812
SIM_008,277,PAIR_00277,BM-237,BM-224,BM-237,,0.6692429390672207
SIM_008,278,PAIR_00278,BF-242,BM-216,BF-242,,0.2644078645825088
SIM_008,279,PAIR_00279,BM-215,BM-227,BM-215,,0.23242066634806705
SIM_008,280,PAIR_00280,BM-212,BM-221,BM-221,,0.11742272550174405
SIM_008,281,PAIR_00281,BM-231,BM-225,BM-225,,0.25928649124739844
SIM_008,282,PAIR_00282,BM-226,BM-222,BM-222,,0.11045284726338489
SIM_008,283,PAIR_00283,BM-217,BM-213,BM-213,,0.6104336905348509
SIM_008,284,PAIR_00284,BM-239,BM-229,BM-239,,0.4394325204751498
SIM_008,285,PAIR_00285,BF-255,BM-223,BF-255,,0.5702673104810158
SIM_008,286,PAIR_00286,BM-228,BM-211,BM-211,,0.27081518045009806
SIM_008,287,PAIR_00287,BM-222,BM-214,BM-222,,0.7309407531975411
SIM_008,288,PAIR_00288,BM-219,BM-215,BM-219,,0.7491406879013857
SIM_008,289,PAIR_00289,BM-218,BM-231,BM-218,,0.8264003448400584
SIM_008,290,PAIR_00290,BM-223,BM-217,BM-223,,0.7892737414758372
SIM_008,291,PAIR_00291,BM-216,BM-228,BM-216,,0.5082804312428928
SIM_008,292,PAIR_00292,BM-224,BF-255,BF-255,,0.16662420623664836
SIM_008,293,PAIR_00293,BM-226,BM-229,BM-226,,0.3156100905346744
SIM_008,294,PAIR_00294,BM-237,BM-219,BM-219,,0.28245398664576415
SIM_008,295,PAIR_00295,BF-242,BM-212,BF-242,,0.7132151985625615
SIM_008,296,PAIR_00296,BM-225,BM-227,BM-227,,0.37526396834976317
SIM_008,297,PAIR_00297,BM-214,BM-221,BM-221,,0.5154475086916739
SIM_008,298,PAIR_00298,BM-218,BM-236,BM-218,,0.4150461190579815
SIM_008,299,PAIR_00299,BM-211,BM-213,BM-211,,0.9040228264809127
SIM_008,300,PAIR_00300,BF-007,BM-239,BM-239,,0.6754730993723337
SIM_009,1,PAIR_00001,BM-216,BM-221,BM-221,,0.47930386809454184
SIM_009,2,PAIR_00002,BM-239,BM-228,BM-228,,0.4065123944074379
SIM_009,3,PAIR_00003,BF-007,BM-229,BF-007,,0.620007354928767
SIM_009,4,PAIR_00004,BM-212,BM-227,BM-227,,0.055751477219154306
SIM_009,5,PAIR_00005,BM-223,BM-222,BM-222,,0.34079984699266824
SIM_009,6,PAIR_00006,BF-242,BM-237,BM-237,,0.2920487232935015
SIM_009,7,PAIR_00007,BM-213,BM-231,BM-231,,0.3494972203862205
SIM_009,8,PAIR_00008,BM-225,BM-236,BM-236,,0.2986383072115851
SIM_009,9,PAIR_00009,BM-226,BM-215,BM-215,,0.3446500059286485
SIM_009,10,PAIR_00010,BM-218,BM-211,BM-211,,0.48471308048957706
SIM_009,11,PAIR_00011,BM-219,BM-217,BM-219,,0.836284111455051
SIM_009,12,PAIR_00012,BM-214,BM-224,BM-214,,0.7285212378857929
SIM_009,13,PAIR_00013,BF-255,BM-215,BF-255,,0.7439676574531842
SIM_009,14,PAIR_00014,BM-222,BM-236,BM-236,,0.47619298251945674
SIM_009,15,PAIR_00015,BM-224,BF-007,BF-007,,0.2379394939340924
SIM_009,16,PAIR_00016,BM-228,BM-223,BM-223,,0.37345215256477066
SIM_009,17,PAIR_00017,BM-221,BM-231,BM-231,,0.6785159906769078
SIM_009,18,PAIR_00018,BM-212,BF-255,BF-255,,0.06288570486356526
SIM_009,19,PAIR_00019,BM-213,BM-229,BM-229,,0.24650926495140532
SIM_009,20,PAIR_00020,BF-242,BM-214,BM-214,,0.23724843950996033
SIM_009,21,PAIR_00021,BM-218,BM-227,BM-227,,0.5002369183711579
SIM_009,22,PAIR_00022,BM-219,BM-211,BM-211,,0.459396414456364
SIM_009,23,PAIR_00023,BM-216,BM-239,BM-216,,0.6014538878382059
SIM_009,24,PAIR_00024,BM-225,BM-226,BM-225,,0.7904488994507026
SIM_009,25,PAIR_00025,BM-217,BM-237,BM-237,,0.3321416766402924
SIM_009,26,PAIR_00026,BM-228,BF-242,BF-242,,0.7290994168484117
SIM_009,27,PAIR_00027,BM-226,BF-007,BM-226,,0.22035484969150645
SIM_009,28,PAIR_00028,BM-218,BM-216,BM-218,,0.7101677973349876
SIM_009,29,PAIR_00029,BM-237,BM-213,BM-237,,0.7590814226534237
SIM_009,30,PAIR_00030,BM-231,BM-236,BM-236,,0.12971614300494108
SIM_009,31,PAIR_00031,BM-211,BM-225,BM-211,,0.6391816251210418
SIM_009,32,PAIR_00032,BM-224,BM-229,BM-229,,0.3375055782864029
SIM_009,33,PAIR_00033,BM-221,BM-219,BM-221,,0.3292097878666537
SIM_009,34,PAIR_00034,BM-215,BM-214,BM-215,,0.3907685043566045
SIM_009,35,PAIR_00035,BM-239,BM-223,BM-239,,0.2899067120138933
SIM_009,36,PAIR_00036,BM-217,BF-255,BF-255,,0.16749368987613308
SIM_009,37,PAIR_00037,BM-222,BM-212,BM-222,,0.9559877205776918
SIM_009,38,PAIR_00038,BM-236,BM-227,BM-227,,0.5851839412783998
SIM_009,39,PAIR_00039,BM-217,BM-214,BM-214,,0.27271634835576414
SIM_009,40,PAIR_00040,BF-255,BM-226,BF-255,,0.8467498546318379
SIM_009,41,PAIR_00041,BM-229,BM-216,BM-229,,0.458083311976373
SIM_009,42,PAIR_00042,BM-211,BM-224,BM-224,,0.8581315487375101
SIM_009,43,PAIR_00043,BM-219,BM-231,BM-219,,0.8113370505696746
SIM_009,44,PAIR_00044,BM-218,BM-215,BM-218,,0.7677483569731899
SIM_009,45,PAIR_00045,BM-228,BM-237,BM-228,,0.5261270737795799
SIM_009,46,PAIR_00046,BM-221,BM-223,BM-221,,0.4009571315095831
SIM_009,47,PAIR_00047,BM-227,BM-213,BM-227,,0.898496525351987
SIM_009,48,PAIR_00048,BM-225,BM-212,BM-225,,0.9105025016100444
SIM_009,49,PAIR_00049,BF-007,BM-222,BM-222,,0.3052281205908015
SIM_009,50,PAIR_00050,BM-239,BF-242,BF-242,,0.6483185302283063
SIM_009,51,PAIR_00051,BM-214,BF-007,BM-214,,0.4558957557008482
SIM_009,52,PAIR_00052,BM-216,BM-212,BM-216,,0.8737173229181733
SIM_009,53,PAIR_00053,BM-223,BM-227,BM-227,,0.3986865182977619
SIM_009,54,PAIR_00054,BM-217,BM-231,BM-231,,0.45707731145428465
SIM_009,55,PAIR_00055,BF-242,BM-226,BF-242,,0.4797357297054694
SIM_009,56,PAIR_00056,BM-221,BM-239,BM-221,,0.6211326493727066
SIM_009,57,PAIR_00057,BM-228,BM-218,BM-218,,0.2830619035400725
SIM_009,58,PAIR_00058,BM-222,BM-225,BM-225,,0.6810258985706044
SIM_009,59,PAIR_00059,BM-229,BM-215,BM-229,,0.5327978943713936
SIM_009,60,PAIR_00060,BM-236,BM-211,BM-211,,0.5700307524616257
SIM_009,61,PAIR_00061,BF-255,BM-237,BF-255,,0.7119719570816829
SIM_009,62,PAIR_00062,BM-219,BM-213,BM-219,,0.8889412139677642
SIM_009,63,PAIR_00063,BF-242,BM-224,BF-242,,0.45494959516696887
SIM_009,64,PAIR_00064,BM-229,BM-237,BM-229,,0.49241736101051403
SIM_009,65,PAIR_00065,BM-226,BM-227,BM-227,,0.13736703098829836
SIM_009,66,PAIR_00066,BM-215,BM-216,BM-216,,0.42569403475889667
SIM_009,67,PAIR_00067,BM-213,BM-214,BM-213,,0.19309558203895444
SIM_009,68,PAIR_00068,BM-222,BM-217,BM-222,,0.8787115543332452
SIM_009,69,PAIR_00069,BM-225,BM-218,BM-218,,0.3750418211636877
SIM_009,70,PAIR_00070,BM-223,BF-007,BF-007,,0.54060842380539
SIM_009,71,PAIR_00071,BM-239,BM-211,BM-211,,0.20279883241704552
SIM_009,72,PAIR_00072,BM-236,BF-255,BM-236,,0.6158783457170887
SIM_009,73,PAIR_00073,BM-212,BM-219,BM-219,,0.061293611521879086
SIM_009,74,PAIR_00074,BM-231,BM-228,BM-228,,0.3472830018189138
SIM_009,75,PAIR_00075,BM-224,BM-221,BM-221,,0.28387450638342465
SIM_009,76,PAIR_00076,BM-221,BF-242,BM-221,,0.7513854013975068
SIM_009,77,PAIR_00077,BM-222,BM-219,BM-222,,0.5864840223325505
SIM_009,78,PAIR_00078,BM-224,BM-226,BM-224,,0.5248769766578227
SIM_009,79,PAIR_00079,BM-212,BM-214,BM-214,,0.11116701969697171
SIM_009,80,PAIR_00080,BF-007,BM-237,BM-237,,0.6128354244491387
SIM_009,81,PAIR_00081,BM-211,BM-217,BM-211,,0.8573691371982063
SIM_009,82,PAIR_00082,BM-228,BM-225,BM-225,,0.39683344870518444
SIM_009,83,PAIR_00083,BM-213,BM-216,BM-213,,0.21663610038712067
SIM_009,84,PAIR_00084,BM-223,BM-215,BM-215,,0.6864881778517896
SIM_009,85,PAIR_00085,BM-231,BM-227,BM-227,,0.17373565313266423
SIM_009,86,PAIR_00086,BM-239,BF-255,BF-255,,0.23527180306944467
SIM_009,87,PAIR_00087,BM-229,BM-236,BM-236,,0.19664388366947144
SIM_009,88,PAIR_00088,BM-219,BM-218,BM-219,,0.4746203209194756
SIM_009,89,PAIR_00089,BM-229,BM-214,BM-229,,0.4224551616355219
SIM_009,90,PAIR_00090,BM-213,BM-221,BM-221,,0.20290916874714177
SIM_009,91,PAIR_00091,BM-224,BM-215,BM-224,,0.36747839029831664
SIM_009,92,PAIR_00092,BM-212,BM-226,BM-226,,0.27048711097929706
SIM_009,93,PAIR_00093,BM-237,BM-227,BM-227,,0.2625068189721848
SIM_009,94,PAIR_00094,BM-217,BF-242,BF-242,,0.5465994159293619
SIM_009,95,PAIR_00095,BM-223,BM-218,BM-218,,0.3984593490577611
SIM_009,96,PAIR_00096,BF-255,BM-216,BM-216,,0.682926223091502
SIM_009,97,PAIR_00097,BM-222,BM-211,BM-211,,0.5465340657043668
SIM_009,98,PAIR_00098,BM-231,BF-007,BM-231,,0.271772807943265
SIM_009,99,PAIR_00099,BM-239,BM-225,BM-239,,0.31065077989289125
SIM_009,100,PAIR_00100,BM-228,BM-236,BM-236,,0.2188351921913676
SIM_009,101,PAIR_00101,BM-211,BM-226,BM-211,,0.8698289600678419
SIM_009,102,PAIR_00102,BF-007,BM-219,BM-219,,0.38388872519658374
SIM_009,103,PAIR_00103,BM-236,BM-214,BM-214,,0.7492659043913402
SIM_009,104,PAIR_00104,BF-242,BM-213,BM-213,,0.5651758931159829
SIM_009,105,PAIR_00105,BF-255,BM-222,BM-222,,0.40690134004113265
SIM_009,106,PAIR_00106,BM-212,BM-218,BM-218,,0.05570160960137181
SIM_009,107,PAIR_00107,BM-231,BM-215,BM-215,,0.4098254623839697
SIM_009,108,PAIR_00108,BM-228,BM-227,BM-227,,0.2832542619174882
SIM_009,109,PAIR_00109,BM-223,BM-216,BM-216,,0.6187652185868557
SIM_009,110,PAIR_00110,BM-237,BM-239,BM-237,,0.5680251532244893
SIM_009,111,PAIR_00111,BM-229,BM-225,BM-225,,0.36502653811052327
SIM_009,112,PAIR_00112,BM-224,BM-217,BM-224,,0.4984378712552536
SIM_009,113,PAIR_00113,BM-225,BM-221,BM-225,,0.5751073295424118
SIM_009,114,PAIR_00114,BM-214,BM-231,BM-214,,0.6918473256643518
SIM_009,115,PAIR_00115,BM-229,BM-223,BM-229,,0.34245527804465553
SIM_009,116,PAIR_00116,BF-242,BM-215,BF-242,,0.32656960876884994
SIM_009,117,PAIR_00117,BM-213,BM-226,BM-226,,0.4150088421278394
SIM_009,118,PAIR_00118,BM-216,BM-219,BM-219,,0.3111832951396571
SIM_009,119,PAIR_00119,BM-237,BM-222,BM-222,,0.217248963876395
SIM_009,120,PAIR_00120,BM-211,BM-221,BM-221,,0.7056882563938565
SIM_009,121,PAIR_00121,BM-217,BM-228,BM-228,,0.30935894027404387
SIM_009,122,PAIR_00122,BM-212,BM-224,BM-224,,0.2512902538392436
SIM_009,123,PAIR_00123,BM-239,BM-218,BM-218,,0.21286764940304412
SIM_009,124,PAIR_00124,BM-227,BF-255,BM-227,,0.53195615808631
SIM_009,125,PAIR_00125,BM-236,BF-007,BM-236,,0.7145985761171072
SIM_009,126,PAIR_00126,BM-223,BM-211,BM-211,,0.3838933329441322
SIM_009,127,PAIR_00127,BM-231,BM-212,BM-231,,0.7807608319292152
SIM_009,128,PAIR_00128,BM-219,BM-214,BM-219,,0.6569995404963171
SIM_009,129,PAIR_00129,BM-236,BF-242,BM-236,,0.9057254918377985
SIM_009,130,PAIR_00130,BM-213,BM-222,BM-222,,0.08095655714746094
SIM_009,131,PAIR_00131,BM-226,BM-221,BM-221,,0.2640714551215016
SIM_009,132,PAIR_00132,BF-007,BF-255,BF-255,,0.3903754955686164
SIM_009,133,PAIR_00133,BM-216,BM-237,BM-216,,0.5343777554152823
SIM_009,134,PAIR_00134,BM-239,BM-217,BM-217,,0.6046112198850913
SIM_009,135,PAIR_00135,BM-215,BM-225,BM-225,,0.3351477454818891
SIM_009,136,PAIR_00136,BM-229,BM-218,BM-218,,0.25649614064364357
SIM_009,137,PAIR_00137,BM-224,BM-227,BM-224,,0.14959987243631057
SIM_009,138,PAIR_00138,BM-228,BF-007,BF-007,,0.41225696256436
SIM_009,139,PAIR_00139,BM-216,BM-236,BM-216,,0.2245504545236615
SIM_009,140,PAIR_00140,BM-218,BM-217,BM-218,,0.8497244999092971
SIM_009,141,PAIR_00141,BM-231,BM-229,BM-229,,0.37846534003523
SIM_009,142,PAIR_00142,BM-237,BM-214,BM-214,,0.42987286313774875
SIM_009,143,PAIR_00143,BF-242,BM-227,BM-227,,0.12803625194772436
SIM_009,144,PAIR_00144,BM-219,BM-224,BM-219,,0.8371378204852085
SIM_009,145,PAIR_00145,BM-211,BF-255,BF-255,,0.5473857435404343
SIM_009,146,PAIR_00146,BM-225,BM-223,BM-223,,0.4753304079297246
SIM_009,147,PAIR_00147,BM-222,BM-221,BM-222,,0.7429218072548591
SIM_009,148,PAIR_00148,BM-212,BM-213,BM-212,,0.343247453131141
SIM_009,149,PAIR_00149,BM-239,BM-226,BM-239,,0.6296124959858393
SIM_009,150,PAIR_00150,BM-228,BM-215,BM-215,,0.5661884331139478
SIM_009,151,PAIR_00151,BM-226,BM-231,BM-231,,0.43095568282384794
SIM_009,152,PAIR_00152,BM-217,BM-227,BM-227,,0.15039655126629822
SIM_009,153,PAIR_00153,BM-239,BM-236,BM-236,,0.1609915146051335
SIM_009,154,PAIR_00154,BF-255,BM-229,BF-255,,0.7181520469739519
SIM_009,155,PAIR_00155,BM-237,BM-223,BM-237,,0.3493178947989133
SIM_009,156,PAIR_00156,BM-224,BM-225,BM-225,,0.22652408676368152
SIM_009,157,PAIR_00157,BM-222,BF-242,BM-222,,0.8972674817394369
SIM_009,158,PAIR_00158,BM-211,BM-215,BM-211,,0.778476014177606
SIM_009,159,PAIR_00159,BM-214,BM-228,BM-228,,0.5443249145087194
SIM_009,160,PAIR_00160,BF-007,BM-212,BF-007,,0.9051455603350077
SIM_009,161,PAIR_00161,BM-221,BM-218,BM-218,,0.3071734138642074
SIM_009,162,PAIR_00162,BM-213,BM-215,BM-213,,0.27171535970268296
SIM_009,163,PAIR_00163,BM-222,BM-216,BM-216,,0.7584210486984893
SIM_009,164,PAIR_00164,BM-226,BM-219,BM-219,,0.14973582300182697
SIM_009,165,PAIR_00165,BF-242,BM-219,BM-219,,0.1397009443711754
SIM_009,166,PAIR_00166,BM-239,BM-212,BM-212,,0.8209368081505211
SIM_009,167,PAIR_00167,BM-224,BM-231,BM-231,,0.455527110474699
SIM_009,168,PAIR_00168,BF-255,BM-221,BF-255,,0.664724591609599
SIM_009,169,PAIR_00169,BM-214,BM-211,BM-211,,0.3073102650961119
SIM_009,170,PAIR_00170,BM-225,BM-237,BM-225,,0.6279144817815363
SIM_009,171,PAIR_00171,BM-236,BM-223,BM-236,,0.6802741559998849
SIM_009,172,PAIR_00172,BM-217,BM-229,BM-229,,0.33890413853700446
SIM_009,173,PAIR_00173,BM-227,BM-216,BM-227,,0.7099726993206014
SIM_009,174,PAIR_00174,BM-213,BM-228,BM-213,,0.22231027439100884
SIM_009,175,PAIR_00175,BM-218,BF-007,BF-007,,0.6398425641938011
SIM_009,176,PAIR_00176,BM-216,BF-007,BM-216,,0.4203057864236588
SIM_009,177,PAIR_00177,BM-226,BM-217,BM-226,,0.47356500376324917
SIM_009,178,PAIR_00178,BF-255,BM-219,BM-219,,0.4931652408467495
SIM_009,179,PAIR_00179,BM-223,BM-231,BM-223,,0.7592256577132775
SIM_009,180,PAIR_00180,BM-213,BM-239,BM-239,,0.2944534790660408
SIM_009,181,PAIR_00181,BM-214,BM-227,BM-227,,0.3206884215984604
SIM_009,182,PAIR_00182,BM-212,BM-237,BM-237,,0.1422769554917922
SIM_009,183,PAIR_00183,BM-218,BM-224,BM-218,,0.8505206503266772
SIM_009,184,PAIR_00184,BM-228,BM-222,BM-228,,0.23556193822118957
SIM_009,185,PAIR_00185,BF-242,BM-225,BM-225,,0.19643367405875783
SIM_009,186,PAIR_00186,BM-215,BM-221,BM-221,,0.40557872439933085
SIM_009,187,PAIR_00187,BM-229,BM-211,BM-211,,0.2450060041102735
SIM_009,188,PAIR_00188,BM-236,BM-215,BM-236,,0.8232878750346994
SIM_009,189,PAIR_00189,BM-217,BM-236,BM-236,,0.11149254937650074
SIM_009,190,PAIR_00190,BM-213,BF-007,BF-007,,0.1670199276460357
SIM_009,191,PAIR_00191,BF-242,BM-223,BM-223,,0.181310561075186
SIM_009,192,PAIR_00192,BM-212,BM-211,BM-211,,0.05257037532846488
SIM_009,193,PAIR_00193,BM-224,BM-216,BM-224,,0.30101034586316194
SIM_009,194,PAIR_00194,BM-228,BM-229,BM-228,,0.5336830207039965
SIM_009,195,PAIR_00195,BM-237,BM-226,BM-226,,0.6909048845448961
SIM_009,196,PAIR_00196,BM-218,BF-255,BM-218,,0.5321921015517458
SIM_009,197,PAIR_00197,BM-221,BM-227,BM-227,,0.3073751326137769
SIM_009,198,PAIR_00198,BM-219,BM-225,BM-225,,0.6008579426588972
SIM_009,199,PAIR_00199,BM-239,BM-214,BM-239,,0.36443452115951475
SIM_009,200,PAIR_00200,BM-231,BM-222,BM-222,,0.14085935233764144
SIM_009,201,PAIR_00201,BM-215,BM-217,BM-215,,0.6310680135639577
SIM_009,202,PAIR_00202,BM-222,BM-224,BM-222,,0.8793759336275948
SIM_009,203,PAIR_00203,BF-255,BM-214,BM-214,,0.6508120994774664
SIM_009,204,PAIR_00204,BM-228,BM-219,BM-219,,0.3041278356745797
SIM_009,205,PAIR_00205,BM-229,BM-221,BM-229,,0.437603698557496
SIM_009,206,PAIR_00206,BM-226,BM-218,BM-218,,0.13725477278924952
SIM_009,207,PAIR_00207,BM-225,BM-216,BM-225,,0.5952114627748064
SIM_009,208,PAIR_00208,BM-211,BM-237,BM-211,,0.7493397780868819
SIM_009,209,PAIR_00209,BM-239,BM-231,BM-231,,0.5628167694682431
SIM_009,210,PAIR_00210,BM-213,BM-236,BM-236,,0.07414322575223149
SIM_009,211,PAIR_00211,BF-007,BF-242,BF-242,,0.793261986734821
SIM_009,212,PAIR_00212,BM-212,BM-223,BM-223,,0.08176947027292372
SIM_009,213,PAIR_00213,BM-227,BM-211,BM-227,,0.48447638700912915
SIM_009,214,PAIR_00214,BM-216,BM-217,BM-217,,0.6976733103767735
SIM_009,215,PAIR_00215,BM-219,BM-227,BM-219,,0.4748566345512353
SIM_009,216,PAIR_00216,BM-214,BM-218,BM-218,,0.3204820085092622
SIM_009,217,PAIR_00217,BM-237,BM-215,BM-237,,0.5403404035999196
SIM_009,218,PAIR_00218,BM-236,BM-226,BM-236,,0.8985689276258495
SIM_009,219,PAIR_00219,BM-224,BM-228,BM-228,,0.30802549607309854
SIM_009,220,PAIR_00220,BM-231,BF-242,BM-231,,0.5888115508887632
SIM_009,221,PAIR_00221,BM-225,BF-255,BF-255,,0.4057168439867916
SIM_009,222,PAIR_00222,BM-221,BF-007,BM-221,,0.44061009653969924
SIM_009,223,PAIR_00223,BM-212,BM-229,BM-212,,0.1460189214358076
SIM_009,224,PAIR_00224,BM-222,BM-239,BM-222,,0.8257166177944669
SIM_009,225,PAIR_00225,BM-223,BM-213,BM-223,,0.8544189721459678
SIM_009,226,PAIR_00226,BM-221,BM-228,BM-221,,0.5289567135647587
SIM_009,227,PAIR_00227,BM-215,BF-007,BM-215,,0.34956322046724636
SIM_009,228,PAIR_00228,BF-255,BM-231,BM-231,,0.8071163599244839
SIM_009,229,PAIR_00229,BM-219,BM-223,BM-223,,0.5769542374218426
SIM_009,230,PAIR_00230,BM-218,BM-213,BM-218,,0.8985829210390318
SIM_009,231,PAIR_00231,BM-226,BM-216,BM-226,,0.2804800925353363
SIM_009,232,PAIR_00232,BM-225,BM-214,BM-225,,0.5599379861217109
SIM_009,233,PAIR_00233,BM-227,BM-229,BM-229,,0.7433230907449867
SIM_009,234,PAIR_00234,BM-224,BM-239,BM-239,,0.3938960078122809
SIM_009,235,PAIR_00235,BM-212,BM-217,BM-217,,0.2501164607503142
SIM_009,236,PAIR_00236,BM-236,BM-237,BM-236,,0.7985201491919167
SIM_009,237,PAIR_00237,BM-211,BF-242,BM-211,,0.8787396547598036
SIM_009,238,PAIR_00238,BM-218,BM-222,BM-222,,0.43835442419306125
SIM_009,239,PAIR_00239,BM-227,BM-222,BM-227,,0.4381211207784558
SIM_009,240,PAIR_00240,BM-229,BF-242,BM-229,,0.7016404399947652
SIM_009,241,PAIR_00241,BM-211,BM-231,BM-211,,0.8350011035534172
SIM_009,242,PAIR_00242,BM-213,BM-225,BM-225,,0.15830018632255818
SIM_009,243,PAIR_00243,BM-228,BF-255,BM-228,,0.3099448578523684
SIM_009,244,PAIR_00244,BM-223,BM-226,BM-223,,0.8063385161216202
SIM_009,245,PAIR_00245,BM-212,BM-215,BM-215,,0.1631748808952223
SIM_009,246,PAIR_00246,BM-221,BM-237,BM-221,,0.5549175947981636
SIM_009,247,PAIR_00247,BM-219,BM-239,BM-239,,0.7696116648813172
SIM_009,248,PAIR_00248,BM-216,BM-214,BM-214,,0.46390252138950805
SIM_009,249,PAIR_00249,BM-236,BM-224,BM-236,,0.8891249417513256
SIM_009,250,PAIR_00250,BM-217,BF-007,BF-007,,0.23907435981385444
SIM_009,251,PAIR_00251,BM-212,BM-228,BM-228,,0.1299829775347618
SIM_009,252,PAIR_00252,BM-217,BM-225,BM-225,,0.22762076888279198
SIM_009,253,PAIR_00253,BM-236,BM-219,BM-219,,0.6093901347663366
SIM_009,254,PAIR_00254,BM-218,BF-242,BM-218,,0.872069511853059
SIM_009,255,PAIR_00255,BM-226,BM-214,BM-226,,0.2522358602332104
SIM_009,256,PAIR_00256,BF-255,BM-213,BF-255,,0.886213166818921
SIM_009,257,PAIR_00257,BM-227,BM-239,BM-227,,0.7869735199346419
SIM_009,258,PAIR_00258,BM-229,BM-222,BM-222,,0.21213505355168763
SIM_009,259,PAIR_00259,BM-224,BM-223,BM-224,,0.20968887622430654
SIM_009,260,PAIR_00260,BM-216,BM-231,BM-216,,0.6601871626425073
SIM_009,261,PAIR_00261,BM-211,BF-007,BM-211,,0.6538142109888488
SIM_009,262,PAIR_00262,BM-215,BM-222,BM-222,,0.19100644193377725
SIM_009,263,PAIR_00263,BM-237,BM-218,BM-218,,0.2623233935218685
SIM_009,264,PAIR_00264,BM-221,BM-217,BM-221,,0.7148535166790715
SIM_009,265,PAIR_00265,BM-231,BM-237,BM-237,,0.3713569069910973
SIM_009,266,PAIR_00266,BM-228,BM-226,BM-228,,0.7127866217890074
SIM_009,267,PAIR_00267,BM-236,BM-221,BM-221,,0.7606981020969623
SIM_009,268,PAIR_00268,BM-239,BM-215,BM-215,,0.4720079919409225
SIM_009,269,PAIR_00269,BM-216,BM-211,BM-211,,0.27740590065037546
SIM_009,270,PAIR_00270,BF-255,BF-242,BF-255,,0.8569806375300371
SIM_009,271,PAIR_00271,BM-223,BM-214,BM-223,,0.5841101020402096
SIM_009,272,PAIR_00272,BM-225,BF-007,BF-007,,0.5160029583577592
SIM_009,273,PAIR_00273,BM-229,BM-219,BM-229,,0.2763470748582293
SIM_009,274,PAIR_00274,BM-213,BM-224,BM-224,,0.3910532598856224
SIM_009,275,PAIR_00275,BF-007,BM-227,BM-227,,0.3603758504743594
SIM_009,276,PAIR_00276,BM-236,BM-212,BM-236,,0.959827717024812
SIM_009,277,PAIR_00277,BM-237,BM-224,BM-224,,0.6692429390672207
SIM_009,278,PAIR_00278,BF-242,BM-216,BM-216,,0.2644078645825088
SIM_009,279,PAIR_00279,BM-215,BM-227,BM-227,,0.23242066634806705
SIM_009,280,PAIR_00280,BM-212,BM-221,BM-221,,0.11742272550174405
SIM_009,281,PAIR_00281,BM-231,BM-225,BM-231,,0.25928649124739844
SIM_009,282,PAIR_00282,BM-226,BM-222,BM-222,,0.11045284726338489
SIM_009,283,PAIR_00283,BM-217,BM-213,BM-213,,0.6104336905348509
SIM_009,284,PAIR_00284,BM-239,BM-229,BM-239,,0.4394325204751498
SIM_009,285,PAIR_00285,BF-255,BM-223,BF-255,,0.5702673104810158
SIM_009,286,PAIR_00286,BM-228,BM-211,BM-211,,0.27081518045009806
SIM_009,287,PAIR_00287,BM-222,BM-214,BM-214,,0.7309407531975411
SIM_009,288,PAIR_00288,BM-219,BM-215,BM-219,,0.7491406879013857
SIM_009,289,PAIR_00289,BM-218,BM-231,BM-218,,0.8264003448400584
SIM_009,290,PAIR_00290,BM-223,BM-217,BM-223,,0.7892737414758372
SIM_009,291,PAIR_00291,BM-216,BM-228,BM-228,,0.5082804312428928
SIM_009,292,PAIR_00292,BM-224,BF-255,BF-255,,0.16662420623664836
SIM_009,293,PAIR_00293,BM-226,BM-229,BM-229,,0.3156100905346744
SIM_009,294,PAIR_00294,BM-237,BM-219,BM-219,,0.28245398664576415
SIM_009,295,PAIR_00295,BF-242,BM-212,BF-242,,0.7132151985625615
SIM_009,296,PAIR_00296,BM-225,BM-227,BM-225,,0.37526396834976317
SIM_009,297,PAIR_00297,BM-214,BM-221,BM-214,,0.5154475086916739
SIM_009,298,PAIR_00298,BM-218,BM-236,BM-236,,0.4150461190579815
SIM_009,299,PAIR_00299,BM-211,BM-213,BM-211,,0.9040228264809127
SIM_009,300,PAIR_00300,BF-007,BM-239,BF-007,,0.6754730993723337
SIM_010,1,PAIR_00001,BM-216,BM-221,BM-216,,0.47930386809454184
SIM_010,2,PAIR_00002,BM-239,BM-228,BM-228,,0.4065123944074379
SIM_010,3,PAIR_00003,BF-007,BM-229,BF-007,,0.620007354928767
SIM_010,4,PAIR_00004,BM-212,BM-227,BM-227,,0.055751477219154306
SIM_010,5,PAIR_00005,BM-223,BM-222,BM-222,,0.34079984699266824
SIM_010,6,PAIR_00006,BF-242,BM-237,BM-237,,0.2920487232935015
SIM_010,7,PAIR_00007,BM-213,BM-231,BM-213,,0.3494972203862205
SIM_010,8,PAIR_00008,BM-225,BM-236,BM-225,,0.2986383072115851
SIM_010,9,PAIR_00009,BM-226,BM-215,BM-215,,0.3446500059286485
SIM_010,10,PAIR_00010,BM-218,BM-211,BM-211,,0.48471308048957706
SIM_010,11,PAIR_00011,BM-219,BM-217,BM-219,,0.836284111455051
SIM_010,12,PAIR_00012,BM-214,BM-224,BM-214,,0.7285212378857929
SIM_010,13,PAIR_00013,BF-255,BM-215,BF-255,,0.7439676574531842
SIM_010,14,PAIR_00014,BM-222,BM-236,BM-236,,0.47619298251945674
SIM_010,15,PAIR_00015,BM-224,BF-007,BM-224,,0.2379394939340924
SIM_010,16,PAIR_00016,BM-228,BM-223,BM-223,,0.37345215256477066
SIM_010,17,PAIR_00017,BM-221,BM-231,BM-221,,0.6785159906769078
SIM_010,18,PAIR_00018,BM-212,BF-255,BF-255,,0.06288570486356526
SIM_010,19,PAIR_00019,BM-213,BM-229,BM-229,,0.24650926495140532
SIM_010,20,PAIR_00020,BF-242,BM-214,BM-214,,0.23724843950996033
SIM_010,21,PAIR_00021,BM-218,BM-227,BM-218,,0.5002369183711579
SIM_010,22,PAIR_00022,BM-219,BM-211,BM-219,,0.459396414456364
SIM_010,23,PAIR_00023,BM-216,BM-239,BM-216,,0.6014538878382059
SIM_010,24,PAIR_00024,BM-225,BM-226,BM-225,,0.7904488994507026
SIM_010,25,PAIR_00025,BM-217,BM-237,BM-217,,0.3321416766402924
SIM_010,26,PAIR_00026,BM-228,BF-242,BF-242,,0.7290994168484117
SIM_010,27,PAIR_00027,BM-226,BF-007,BF-007,,0.22035484969150645
SIM_010,28,PAIR_00028,BM-218,BM-216,BM-216,,0.7101677973349876
SIM_010,29,PAIR_00029,BM-237,BM-213,BM-237,,0.7590814226534237
SIM_010,30,PAIR_00030,BM-231,BM-236,BM-236,,0.12971614300494108
SIM_010,31,PAIR_00031,BM-211,BM-225,BM-225,,0.6391816251210418
SIM_010,32,PAIR_00032,BM-224,BM-229,BM-229,,0.3375055782864029
SIM_010,33,PAIR_00033,BM-221,BM-219,BM-219,,0.3292097878666537
SIM_010,34,PAIR_00034,BM-215,BM-214,BM-214,,0.3907685043566045
SIM_010,35,PAIR_00035,BM-239,BM-223,BM-223,,0.2899067120138933
SIM_010,36,PAIR_00036,BM-217,BF-255,BM-217,,0.16749368987613308
SIM_010,37,PAIR_00037,BM-222,BM-212,BM-222,,0.9559877205776918
SIM_010,38,PAIR_00038,BM-236,BM-227,BM-236,,0.5851839412783998
SIM_010,39,PAIR_00039,BM-217,BM-214,BM-217,,0.27271634835576414
SIM_010,40,PAIR_00040,BF-255,BM-226,BF-255,,0.8467498546318379
SIM_010,41,PAIR_00041,BM-229,BM-216,BM-216,,0.458083311976373
SIM_010,42,PAIR_00042,BM-211,BM-224,BM-211,,0.8581315487375101
SIM_010,43,PAIR_00043,BM-219,BM-231,BM-219,,0.8113370505696746
SIM_010,44,PAIR_00044,BM-218,BM-215,BM-218,,0.7677483569731899
SIM_010,45,PAIR_00045,BM-228,BM-237,BM-237,,0.5261270737795799
SIM_010,46,PAIR_00046,BM-221,BM-223,BM-223,,0.4009571315095831
SIM_010,47,PAIR_00047,BM-227,BM-213,BM-227,,0.898496525351987
SIM_010,48,PAIR_00048,BM-225,BM-212,BM-225,,0.9105025016100444
SIM_010,49,PAIR_00049,BF-007,BM-222,BF-007,,0.3052281205908015
SIM_010,50,PAIR_00050,BM-239,BF-242,BM-239,,0.6483185302283063
SIM_010,51,PAIR_00051,BM-214,BF-007,BM-214,,0.4558957557008482
SIM_010,52,PAIR_00052,BM-216,BM-212,BM-216,,0.8737173229181733
SIM_010,53,PAIR_00053,BM-223,BM-227,BM-223,,0.3986865182977619
SIM_010,54,PAIR_00054,BM-217,BM-231,BM-217,,0.45707731145428465
SIM_010,55,PAIR_00055,BF-242,BM-226,BF-242,,0.4797357297054694
SIM_010,56,PAIR_00056,BM-221,BM-239,BM-239,,0.6211326493727066
SIM_010,57,PAIR_00057,BM-228,BM-218,BM-218,,0.2830619035400725
SIM_010,58,PAIR_00058,BM-222,BM-225,BM-222,,0.6810258985706044
SIM_010,59,PAIR_00059,BM-229,BM-215,BM-215,,0.5327978943713936
SIM_010,60,PAIR_00060,BM-236,BM-211,BM-236,,0.5700307524616257
SIM_010,61,PAIR_00061,BF-255,BM-237,BM-237,,0.7119719570816829
SIM_010,62,PAIR_00062,BM-219,BM-213,BM-219,,0.8889412139677642
SIM_010,63,PAIR_00063,BF-242,BM-224,BF-242,,0.45494959516696887
SIM_010,64,PAIR_00064,BM-229,BM-237,BM-237,,0.49241736101051403
SIM_010,65,PAIR_00065,BM-226,BM-227,BM-227,,0.13736703098829836
SIM_010,66,PAIR_00066,BM-215,BM-216,BM-215,,0.42569403475889667
SIM_010,67,PAIR_00067,BM-213,BM-214,BM-214,,0.19309558203895444
SIM_010,68,PAIR_00068,BM-222,BM-217,BM-222,,0.8787115543332452
SIM_010,69,PAIR_00069,BM-225,BM-218,BM-218,,0.3750418211636877
SIM_010,70,PAIR_00070,BM-223,BF-007,BM-223,,0.54060842380539
SIM_010,71,PAIR_00071,BM-239,BM-211,BM-211,,0.20279883241704552
SIM_010,72,PAIR_00072,BM-236,BF-255,BM-236,,0.6158783457170887
SIM_010,73,PAIR_00073,BM-212,BM-219,BM-212,,0.061293611521879086
SIM_010,74,PAIR_00074,BM-231,BM-228,BM-231,,0.3472830018189138
SIM_010,75,PAIR_00075,BM-224,BM-221,BM-221,,0.28387450638342465
SIM_010,76,PAIR_00076,BM-221,BF-242,BM-221,,0.7513854013975068
SIM_010,77,PAIR_00077,BM-222,BM-219,BM-219,,0.5864840223325505
SIM_010,78,PAIR_00078,BM-224,BM-226,BM-226,,0.5248769766578227
SIM_010,79,PAIR_00079,BM-212,BM-214,BM-214,,0.11116701969697171
SIM_010,80,PAIR_00080,BF-007,BM-237,BF-007,,0.6128354244491387
SIM_010,81,PAIR_00081,BM-211,BM-217,BM-217,,0.8573691371982063
SIM_010,82,PAIR_00082,BM-228,BM-225,BM-225,,0.39683344870518444
SIM_010,83,PAIR_00083,BM-213,BM-216,BM-213,,0.21663610038712067
SIM_010,84,PAIR_00084,BM-223,BM-215,BM-215,,0.6864881778517896
SIM_010,85,PAIR_00085,BM-231,BM-227,BM-227,,0.17373565313266423
SIM_010,86,PAIR_00086,BM-239,BF-255,BF-255,,0.23527180306944467
SIM_010,87,PAIR_00087,BM-229,BM-236,BM-236,,0.19664388366947144
SIM_010,88,PAIR_00088,BM-219,BM-218,BM-219,,0.4746203209194756
SIM_010,89,PAIR_00089,BM-229,BM-214,BM-214,,0.4224551616355219
SIM_010,90,PAIR_00090,BM-213,BM-221,BM-221,,0.20290916874714177
SIM_010,91,PAIR_00091,BM-224,BM-215,BM-215,,0.36747839029831664
SIM_010,92,PAIR_00092,BM-212,BM-226,BM-226,,0.27048711097929706
SIM_010,93,PAIR_00093,BM-237,BM-227,BM-227,,0.2625068189721848
SIM_010,94,PAIR_00094,BM-217,BF-242,BM-217,,0.5465994159293619
SIM_010,95,PAIR_00095,BM-223,BM-218,BM-218,,0.3984593490577611
SIM_010,96,PAIR_00096,BF-255,BM-216,BF-255,,0.682926223091502
SIM_010,97,PAIR_00097,BM-222,BM-211,BM-222,,0.5465340657043668
SIM_010,98,PAIR_00098,BM-231,BF-007,BF-007,,0.271772807943265
SIM_010,99,PAIR_00099,BM-239,BM-225,BM-239,,0.31065077989289125
SIM_010,100,PAIR_00100,BM-228,BM-236,BM-236,,0.2188351921913676
SIM_010,101,PAIR_00101,BM-211,BM-226,BM-211,,0.8698289600678419
SIM_010,102,PAIR_00102,BF-007,BM-219,BM-219,,0.38388872519658374
SIM_010,103,PAIR_00103,BM-236,BM-214,BM-214,,0.7492659043913402
SIM_010,104,PAIR_00104,BF-242,BM-213,BM-213,,0.5651758931159829
SIM_010,105,PAIR_00105,BF-255,BM-222,BM-222,,0.40690134004113265
SIM_010,106,PAIR_00106,BM-212,BM-218,BM-218,,0.05570160960137181
SIM_010,107,PAIR_00107,BM-231,BM-215,BM-215,,0.4098254623839697
SIM_010,108,PAIR_00108,BM-228,BM-227,BM-227,,0.2832542619174882
SIM_010,109,PAIR_00109,BM-223,BM-216,BM-223,,0.6187652185868557
SIM_010,110,PAIR_00110,BM-237,BM-239,BM-239,,0.5680251532244893
SIM_010,111,PAIR_00111,BM-229,BM-225,BM-225,,0.36502653811052327
SIM_010,112,PAIR_00112,BM-224,BM-217,BM-217,,0.4984378712552536
SIM_010,113,PAIR_00113,BM-225,BM-221,BM-225,,0.5751073295424118
SIM_010,114,PAIR_00114,BM-214,BM-231,BM-231,,0.6918473256643518
SIM_010,115,PAIR_00115,BM-229,BM-223,BM-223,,0.34245527804465553
SIM_010,116,PAIR_00116,BF-242,BM-215,BM-215,,0.32656960876884994
SIM_010,117,PAIR_00117,BM-213,BM-226,BM-226,,0.4150088421278394
SIM_010,118,PAIR_00118,BM-216,BM-219,BM-216,,0.3111832951396571
SIM_010,119,PAIR_00119,BM-237,BM-222,BM-222,,0.217248963876395
SIM_010,120,PAIR_00120,BM-211,BM-221,BM-211,,0.7056882563938565
SIM_010,121,PAIR_00121,BM-217,BM-228,BM-217,,0.30935894027404387
SIM_010,122,PAIR_00122,BM-212,BM-224,BM-224,,0.2512902538392436
SIM_010,123,PAIR_00123,BM-239,BM-218,BM-218,,0.21286764940304412
SIM_010,124,PAIR_00124,BM-227,BF-255,BM-227,,0.53195615808631
SIM_010,125,PAIR_00125,BM-236,BF-007,BF-007,,0.7145985761171072
SIM_010,126,PAIR_00126,BM-223,BM-211,BM-211,,0.3838933329441322
SIM_010,127,PAIR_00127,BM-231,BM-212,BM-231,,0.7807608319292152
SIM_010,128,PAIR_00128,BM-219,BM-214,BM-219,,0.6569995404963171
SIM_010,129,PAIR_00129,BM-236,BF-242,BM-236,,0.9057254918377985
SIM_010,130,PAIR_00130,BM-213,BM-222,BM-222,,0.08095655714746094
SIM_010,131,PAIR_00131,BM-226,BM-221,BM-226,,0.2640714551215016
SIM_010,132,PAIR_00132,BF-007,BF-255,BF-255,,0.3903754955686164
SIM_010,133,PAIR_00133,BM-216,BM-237,BM-237,,0.5343777554152823
SIM_010,134,PAIR_00134,BM-239,BM-217,BM-217,,0.6046112198850913
SIM_010,135,PAIR_00135,BM-215,BM-225,BM-225,,0.3351477454818891
SIM_010,136,PAIR_00136,BM-229,BM-218,BM-218,,0.25649614064364357
SIM_010,137,PAIR_00137,BM-224,BM-227,BM-224,,0.14959987243631057
SIM_010,138,PAIR_00138,BM-228,BF-007,BF-007,,0.41225696256436
SIM_010,139,PAIR_00139,BM-216,BM-236,BM-236,,0.2245504545236615
SIM_010,140,PAIR_00140,BM-218,BM-217,BM-218,,0.8497244999092971
SIM_010,141,PAIR_00141,BM-231,BM-229,BM-229,,0.37846534003523
SIM_010,142,PAIR_00142,BM-237,BM-214,BM-237,,0.42987286313774875
SIM_010,143,PAIR_00143,BF-242,BM-227,BF-242,,0.12803625194772436
SIM_010,144,PAIR_00144,BM-219,BM-224,BM-219,,0.8371378204852085
SIM_010,145,PAIR_00145,BM-211,BF-255,BF-255,,0.5473857435404343
SIM_010,146,PAIR_00146,BM-225,BM-223,BM-223,,0.4753304079297246
SIM_010,147,PAIR_00147,BM-222,BM-221,BM-222,,0.7429218072548591
SIM_010,148,PAIR_00148,BM-212,BM-213,BM-213,,0.343247453131141
SIM_010,149,PAIR_00149,BM-239,BM-226,BM-226,,0.6296124959858393
SIM_010,150,PAIR_00150,BM-228,BM-215,BM-228,,0.5661884331139478
SIM_010,151,PAIR_00151,BM-226,BM-231,BM-231,,0.43095568282384794
SIM_010,152,PAIR_00152,BM-217,BM-227,BM-227,,0.15039655126629822
SIM_010,153,PAIR_00153,BM-239,BM-236,BM-236,,0.1609915146051335
SIM_010,154,PAIR_00154,BF-255,BM-229,BM-229,,0.7181520469739519
SIM_010,155,PAIR_00155,BM-237,BM-223,BM-223,,0.3493178947989133
SIM_010,156,PAIR_00156,BM-224,BM-225,BM-224,,0.22652408676368152
SIM_010,157,PAIR_00157,BM-222,BF-242,BM-222,,0.8972674817394369
SIM_010,158,PAIR_00158,BM-211,BM-215,BM-211,,0.778476014177606
SIM_010,159,PAIR_00159,BM-214,BM-228,BM-228,,0.5443249145087194
SIM_010,160,PAIR_00160,BF-007,BM-212,BF-007,,0.9051455603350077
SIM_010,161,PAIR_00161,BM-221,BM-218,BM-221,,0.3071734138642074
SIM_010,162,PAIR_00162,BM-213,BM-215,BM-215,,0.27171535970268296
SIM_010,163,PAIR_00163,BM-222,BM-216,BM-222,,0.7584210486984893
SIM_010,164,PAIR_00164,BM-226,BM-219,BM-219,,0.14973582300182697
SIM_010,165,PAIR_00165,BF-242,BM-219,BM-219,,0.1397009443711754
SIM_010,166,PAIR_00166,BM-239,BM-212,BM-239,,0.8209368081505211
SIM_010,167,PAIR_00167,BM-224,BM-231,BM-224,,0.455527110474699
SIM_010,168,PAIR_00168,BF-255,BM-221,BF-255,,0.664724591609599
SIM_010,169,PAIR_00169,BM-214,BM-211,BM-214,,0.3073102650961119
SIM_010,170,PAIR_00170,BM-225,BM-237,BM-225,,0.6279144817815363
SIM_010,171,PAIR_00171,BM-236,BM-223,BM-236,,0.6802741559998849
SIM_010,172,PAIR_00172,BM-217,BM-229,BM-229,,0.33890413853700446
SIM_010,173,PAIR_00173,BM-227,BM-216,BM-227,,0.7099726993206014
SIM_010,174,PAIR_00174,BM-213,BM-228,BM-213,,0.22231027439100884
SIM_010,175,PAIR_00175,BM-218,BF-007,BF-007,,0.6398425641938011
SIM_010,176,PAIR_00176,BM-216,BF-007,BM-216,,0.4203057864236588
SIM_010,177,PAIR_00177,BM-226,BM-217,BM-226,,0.47356500376324917
SIM_010,178,PAIR_00178,BF-255,BM-219,BM-219,,0.4931652408467495
SIM_010,179,PAIR_00179,BM-223,BM-231,BM-223,,0.7592256577132775
SIM_010,180,PAIR_00180,BM-213,BM-239,BM-239,,0.2944534790660408
SIM_010,181,PAIR_00181,BM-214,BM-227,BM-214,,0.3206884215984604
SIM_010,182,PAIR_00182,BM-212,BM-237,BM-237,,0.1422769554917922
SIM_010,183,PAIR_00183,BM-218,BM-224,BM-218,,0.8505206503266772
SIM_010,184,PAIR_00184,BM-228,BM-222,BM-222,,0.23556193822118957
SIM_010,185,PAIR_00185,BF-242,BM-225,BM-225,,0.19643367405875783
SIM_010,186,PAIR_00186,BM-215,BM-221,BM-221,,0.40557872439933085
SIM_010,187,PAIR_00187,BM-229,BM-211,BM-211,,0.2450060041102735
SIM_010,188,PAIR_00188,BM-236,BM-215,BM-236,,0.8232878750346994
SIM_010,189,PAIR_00189,BM-217,BM-236,BM-236,,0.11149254937650074
SIM_010,190,PAIR_00190,BM-213,BF-007,BF-007,,0.1670199276460357
SIM_010,191,PAIR_00191,BF-242,BM-223,BM-223,,0.181310561075186
SIM_010,192,PAIR_00192,BM-212,BM-211,BM-211,,0.05257037532846488
SIM_010,193,PAIR_00193,BM-224,BM-216,BM-224,,0.30101034586316194
SIM_010,194,PAIR_00194,BM-228,BM-229,BM-229,,0.5336830207039965
SIM_010,195,PAIR_00195,BM-237,BM-226,BM-237,,0.6909048845448961
SIM_010,196,PAIR_00196,BM-218,BF-255,BM-218,,0.5321921015517458
SIM_010,197,PAIR_00197,BM-221,BM-227,BM-227,,0.3073751326137769
SIM_010,198,PAIR_00198,BM-219,BM-225,BM-225,,0.6008579426588972
SIM_010,199,PAIR_00199,BM-239,BM-214,BM-214,,0.36443452115951475
SIM_010,200,PAIR_00200,BM-231,BM-222,BM-222,,0.14085935233764144
SIM_010,201,PAIR_00201,BM-215,BM-217,BM-215,,0.6310680135639577
SIM_010,202,PAIR_00202,BM-222,BM-224,BM-222,,0.8793759336275948
SIM_010,203,PAIR_00203,BF-255,BM-214,BM-214,,0.6508120994774664
SIM_010,204,PAIR_00204,BM-228,BM-219,BM-219,,0.3041278356745797
SIM_010,205,PAIR_00205,BM-229,BM-221,BM-221,,0.437603698557496
SIM_010,206,PAIR_00206,BM-226,BM-218,BM-218,,0.13725477278924952
SIM_010,207,PAIR_00207,BM-225,BM-216,BM-225,,0.5952114627748064
SIM_010,208,PAIR_00208,BM-211,BM-237,BM-237,,0.7493397780868819
SIM_010,209,PAIR_00209,BM-239,BM-231,BM-231,,0.5628167694682431
SIM_010,210,PAIR_00210,BM-213,BM-236,BM-236,,0.07414322575223149
SIM_010,211,PAIR_00211,BF-007,BF-242,BF-007,,0.793261986734821
SIM_010,212,PAIR_00212,BM-212,BM-223,BM-223,,0.08176947027292372
SIM_010,213,PAIR_00213,BM-227,BM-211,BM-211,,0.48447638700912915
SIM_010,214,PAIR_00214,BM-216,BM-217,BM-217,,0.6976733103767735
SIM_010,215,PAIR_00215,BM-219,BM-227,BM-219,,0.4748566345512353
SIM_010,216,PAIR_00216,BM-214,BM-218,BM-218,,0.3204820085092622
SIM_010,217,PAIR_00217,BM-237,BM-215,BM-237,,0.5403404035999196
SIM_010,218,PAIR_00218,BM-236,BM-226,BM-236,,0.8985689276258495
SIM_010,219,PAIR_00219,BM-224,BM-228,BM-228,,0.30802549607309854
SIM_010,220,PAIR_00220,BM-231,BF-242,BM-231,,0.5888115508887632
SIM_010,221,PAIR_00221,BM-225,BF-255,BM-225,,0.4057168439867916
SIM_010,222,PAIR_00222,BM-221,BF-007,BF-007,,0.44061009653969924
SIM_010,223,PAIR_00223,BM-212,BM-229,BM-229,,0.1460189214358076
SIM_010,224,PAIR_00224,BM-222,BM-239,BM-222,,0.8257166177944669
SIM_010,225,PAIR_00225,BM-223,BM-213,BM-223,,0.8544189721459678
SIM_010,226,PAIR_00226,BM-221,BM-228,BM-228,,0.5289567135647587
SIM_010,227,PAIR_00227,BM-215,BF-007,BM-215,,0.34956322046724636
SIM_010,228,PAIR_00228,BF-255,BM-231,BF-255,,0.8071163599244839
SIM_010,229,PAIR_00229,BM-219,BM-223,BM-219,,0.5769542374218426
SIM_010,230,PAIR_00230,BM-218,BM-213,BM-213,,0.8985829210390318
SIM_010,231,PAIR_00231,BM-226,BM-216,BM-216,,0.2804800925353363
SIM_010,232,PAIR_00232,BM-225,BM-214,BM-225,,0.5599379861217109
SIM_010,233,PAIR_00233,BM-227,BM-229,BM-227,,0.7433230907449867
SIM_010,234,PAIR_00234,BM-224,BM-239,BM-239,,0.3938960078122809
SIM_010,235,PAIR_00235,BM-212,BM-217,BM-217,,0.2501164607503142
SIM_010,236,PAIR_00236,BM-236,BM-237,BM-236,,0.7985201491919167
SIM_010,237,PAIR_00237,BM-211,BF-242,BM-211,,0.8787396547598036
SIM_010,238,PAIR_00238,BM-218,BM-222,BM-218,,0.43835442419306125
SIM_010,239,PAIR_00239,BM-227,BM-222,BM-227,,0.4381211207784558
SIM_010,240,PAIR_00240,BM-229,BF-242,BM-229,,0.7016404399947652
SIM_010,241,PAIR_00241,BM-211,BM-231,BM-231,,0.8350011035534172
SIM_010,242,PAIR_00242,BM-213,BM-225,BM-213,,0.15830018632255818
SIM_010,243,PAIR_00243,BM-228,BF-255,BF-255,,0.3099448578523684
SIM_010,244,PAIR_00244,BM-223,BM-226,BM-223,,0.8063385161216202
SIM_010,245,PAIR_00245,BM-212,BM-215,BM-215,,0.1631748808952223
SIM_010,246,PAIR_00246,BM-221,BM-237,BM-237,,0.5549175947981636
SIM_010,247,PAIR_00247,BM-219,BM-239,BM-219,,0.7696116648813172
SIM_010,248,PAIR_00248,BM-216,BM-214,BM-214,,0.46390252138950805
SIM_010,249,PAIR_00249,BM-236,BM-224,BM-236,,0.8891249417513256
SIM_010,250,PAIR_00250,BM-217,BF-007,BF-007,,0.23907435981385444
SIM_010,251,PAIR_00251,BM-212,BM-228,BM-212,,0.1299829775347618
SIM_010,252,PAIR_00252,BM-217,BM-225,BM-225,,0.22762076888279198
SIM_010,253,PAIR_00253,BM-236,BM-219,BM-219,,0.6093901347663366
SIM_010,254,PAIR_00254,BM-218,BF-242,BM-218,,0.872069511853059
SIM_010,255,PAIR_00255,BM-226,BM-214,BM-226,,0.2522358602332104
SIM_010,256,PAIR_00256,BF-255,BM-213,BF-255,,0.886213166818921
SIM_010,257,PAIR_00257,BM-227,BM-239,BM-227,,0.7869735199346419
SIM_010,258,PAIR_00258,BM-229,BM-222,BM-222,,0.21213505355168763
SIM_010,259,PAIR_00259,BM-224,BM-223,BM-223,,0.20968887622430654
SIM_010,260,PAIR_00260,BM-216,BM-231,BM-216,,0.6601871626425073
SIM_010,261,PAIR_00261,BM-211,BF-007,BM-211,,0.6538142109888488
SIM_010,262,PAIR_00262,BM-215,BM-222,BM-215,,0.19100644193377725
SIM_010,263,PAIR_00263,BM-237,BM-218,BM-218,,0.2623233935218685
SIM_010,264,PAIR_00264,BM-221,BM-217,BM-217,,0.7148535166790715
SIM_010,265,PAIR_00265,BM-231,BM-237,BM-237,,0.3713569069910973
SIM_010,266,PAIR_00266,BM-228,BM-226,BM-228,,0.7127866217890074
SIM_010,267,PAIR_00267,BM-236,BM-221,BM-236,,0.7606981020969623
SIM_010,268,PAIR_00268,BM-239,BM-215,BM-215,,0.4720079919409225
SIM_010,269,PAIR_00269,BM-216,BM-211,BM-211,,0.27740590065037546
SIM_010,270,PAIR_00270,BF-255,BF-242,BF-242,,0.8569806375300371
SIM_010,271,PAIR_00271,BM-223,BM-214,BM-214,,0.5841101020402096
SIM_010,272,PAIR_00272,BM-225,BF-007,BF-007,,0.5160029583577592
SIM_010,273,PAIR_00273,BM-229,BM-219,BM-229,,0.2763470748582293
SIM_010,274,PAIR_00274,BM-213,BM-224,BM-224,,0.3910532598856224
SIM_010,275,PAIR_00275,BF-007,BM-227,BF-007,,0.3603758504743594
SIM_010,276,PAIR_00276,BM-236,BM-212,BM-236,,0.959827717024812
SIM_010,277,PAIR_00277,BM-237,BM-224,BM-224,,0.6692429390672207
SIM_010,278,PAIR_00278,BF-242,BM-216,BF-242,,0.2644078645825088
SIM_010,279,PAIR_00279,BM-215,BM-227,BM-227,,0.23242066634806705
SIM_010,280,PAIR_00280,BM-212,BM-221,BM-221,,0.11742272550174405
SIM_010,281,PAIR_00281,BM-231,BM-225,BM-225,,0.25928649124739844
SIM_010,282,PAIR_00282,BM-226,BM-222,BM-222,,0.11045284726338489
SIM_010,283,PAIR_00283,BM-217,BM-213,BM-213,,0.6104336905348509
SIM_010,284,PAIR_00284,BM-239,BM-229,BM-239,,0.4394325204751498
SIM_010,285,PAIR_00285,BF-255,BM-223,BF-255,,0.5702673104810158
SIM_010,286,PAIR_00286,BM-228,BM-211,BM-211,,0.27081518045009806
SIM_010,287,PAIR_00287,BM-222,BM-214,BM-222,,0.7309407531975411
SIM_010,288,PAIR_00288,BM-219,BM-215,BM-219,,0.7491406879013857
SIM_010,289,PAIR_00289,BM-218,BM-231,BM-218,,0.8264003448400584
SIM_010,290,PAIR_00290,BM-223,BM-217,BM-217,,0.7892737414758372
SIM_010,291,PAIR_00291,BM-216,BM-228,BM-216,,0.5082804312428928
SIM_010,292,PAIR_00292,BM-224,BF-255,BF-255,,0.16662420623664836
SIM_010,293,PAIR_00293,BM-226,BM-229,BM-229,,0.3156100905346744
SIM_010,294,PAIR_00294,BM-237,BM-219,BM-219,,0.28245398664576415
SIM_010,295,PAIR_00295,BF-242,BM-212,BF-242,,0.7132151985625615
SIM_010,296,PAIR_00296,BM-225,BM-227,BM-225,,0.37526396834976317
SIM_010,297,PAIR_00297,BM-214,BM-221,BM-214,,0.5154475086916739
SIM_010,298,PAIR_00298,BM-218,BM-236,BM-218,,0.4150461190579815
SIM_010,299,PAIR_00299,BM-211,BM-213,BM-211,,0.9040228264809127
SIM_010,300,PAIR_00300,BF-007,BM-239,BF-007,,0.6754730993723337
SIM_011,1,PAIR_00001,BM-216,BM-221,BM-216,,0.47930386809454184
SIM_011,2,PAIR_00002,BM-239,BM-228,BM-239,,0.4065123944074379
SIM_011,3,PAIR_00003,BF-007,BM-229,BF-007,,0.620007354928767
SIM_011,4,PAIR_00004,BM-212,BM-227,BM-227,,0.055751477219154306
SIM_011,5,PAIR_00005,BM-223,BM-222,BM-222,,0.34079984699266824
SIM_011,6,PAIR_00006,BF-242,BM-237,BM-237,,0.2920487232935015
SIM_011,7,PAIR_00007,BM-213,BM-231,BM-231,,0.3494972203862205
SIM_011,8,PAIR_00008,BM-225,BM-236,BM-236,,0.2986383072115851
SIM_011,9,PAIR_00009,BM-226,BM-215,BM-215,,0.3446500059286485
SIM_011,10,PAIR_00010,BM-218,BM-211,BM-211,,0.48471308048957706
SIM_011,11,PAIR_00011,BM-219,BM-217,BM-219,,0.836284111455051
SIM_011,12,PAIR_00012,BM-214,BM-224,BM-214,,0.7285212378857929
SIM_011,13,PAIR_00013,BF-255,BM-215,BF-255,,0.7439676574531842
SIM_011,14,PAIR_00014,BM-222,BM-236,BM-236,,0.47619298251945674
SIM_011,15,PAIR_00015,BM-224,BF-007,BF-007,,0.2379394939340924
SIM_011,16,PAIR_00016,BM-228,BM-223,BM-228,,0.37345215256477066
SIM_011,17,PAIR_00017,BM-221,BM-231,BM-231,,0.6785159906769078
SIM_011,18,PAIR_00018,BM-212,BF-255,BF-255,,0.06288570486356526
SIM_011,19,PAIR_00019,BM-213,BM-229,BM-229,,0.24650926495140532
SIM_011,20,PAIR_00020,BF-242,BM-214,BF-242,,0.23724843950996033
SIM_011,21,PAIR_00021,BM-218,BM-227,BM-227,,0.5002369183711579
SIM_011,22,PAIR_00022,BM-219,BM-211,BM-219,,0.459396414456364
SIM_011,23,PAIR_00023,BM-216,BM-239,BM-216,,0.6014538878382059
SIM_011,24,PAIR_00024,BM-225,BM-226,BM-225,,0.7904488994507026
SIM_011,25,PAIR_00025,BM-217,BM-237,BM-217,,0.3321416766402924
SIM_011,26,PAIR_00026,BM-228,BF-242,BM-228,,0.7290994168484117
SIM_011,27,PAIR_00027,BM-226,BF-007,BF-007,,0.22035484969150645
SIM_011,28,PAIR_00028,BM-218,BM-216,BM-218,,0.7101677973349876
SIM_011,29,PAIR_00029,BM-237,BM-213,BM-213,,0.7590814226534237
SIM_011,30,PAIR_00030,BM-231,BM-236,BM-231,,0.12971614300494108
SIM_011,31,PAIR_00031,BM-211,BM-225,BM-211,,0.6391816251210418
SIM_011,32,PAIR_00032,BM-224,BM-229,BM-229,,0.3375055782864029
SIM_011,33,PAIR_00033,BM-221,BM-219,BM-221,,0.3292097878666537
SIM_011,34,PAIR_00034,BM-215,BM-214,BM-215,,0.3907685043566045
SIM_011,35,PAIR_00035,BM-239,BM-223,BM-239,,0.2899067120138933
SIM_011,36,PAIR_00036,BM-217,BF-255,BM-217,,0.16749368987613308
SIM_011,37,PAIR_00037,BM-222,BM-212,BM-222,,0.9559877205776918
SIM_011,38,PAIR_00038,BM-236,BM-227,BM-236,,0.5851839412783998
SIM_011,39,PAIR_00039,BM-217,BM-214,BM-217,,0.27271634835576414
SIM_011,40,PAIR_00040,BF-255,BM-226,BF-255,,0.8467498546318379
SIM_011,41,PAIR_00041,BM-229,BM-216,BM-229,,0.458083311976373
SIM_011,42,PAIR_00042,BM-211,BM-224,BM-211,,0.8581315487375101
SIM_011,43,PAIR_00043,BM-219,BM-231,BM-219,,0.8113370505696746
SIM_011,44,PAIR_00044,BM-218,BM-215,BM-218,,0.7677483569731899
SIM_011,45,PAIR_00045,BM-228,BM-237,BM-228,,0.5261270737795799
SIM_011,46,PAIR_00046,BM-221,BM-223,BM-223,,0.4009571315095831
SIM_011,47,PAIR_00047,BM-227,BM-213,BM-227,,0.898496525351987
SIM_011,48,PAIR_00048,BM-225,BM-212,BM-225,,0.9105025016100444
SIM_011,49,PAIR_00049,BF-007,BM-222,BF-007,,0.3052281205908015
SIM_011,50,PAIR_00050,BM-239,BF-242,BM-239,,0.6483185302283063
SIM_011,51,PAIR_00051,BM-214,BF-007,BM-214,,0.4558957557008482
SIM_011,52,PAIR_00052,BM-216,BM-212,BM-216,,0.8737173229181733
SIM_011,53,PAIR_00053,BM-223,BM-227,BM-223,,0.3986865182977619
SIM_011,54,PAIR_00054,BM-217,BM-231,BM-231,,0.45707731145428465
SIM_011,55,PAIR_00055,BF-242,BM-226,BM-226,,0.4797357297054694
SIM_011,56,PAIR_00056,BM-221,BM-239,BM-221,,0.6211326493727066
SIM_011,57,PAIR_00057,BM-228,BM-218,BM-218,,0.2830619035400725
SIM_011,58,PAIR_00058,BM-222,BM-225,BM-222,,0.6810258985706044
SIM_011,59,PAIR_00059,BM-229,BM-215,BM-229,,0.5327978943713936
SIM_011,60,PAIR_00060,BM-236,BM-211,BM-236,,0.5700307524616257
SIM_011,61,PAIR_00061,BF-255,BM-237,BF-255,,0.7119719570816829
SIM_011,62,PAIR_00062,BM-219,BM-213,BM-219,,0.8889412139677642
SIM_011,63,PAIR_00063,BF-242,BM-224,BF-242,,0.45494959516696887
SIM_011,64,PAIR_00064,BM-229,BM-237,BM-229,,0.49241736101051403
SIM_011,65,PAIR_00065,BM-226,BM-227,BM-227,,0.13736703098829836
SIM_011,66,PAIR_00066,BM-215,BM-216,BM-216,,0.42569403475889667
SIM_011,67,PAIR_00067,BM-213,BM-214,BM-213,,0.19309558203895444
SIM_011,68,PAIR_00068,BM-222,BM-217,BM-222,,0.8787115543332452
SIM_011,69,PAIR_00069,BM-225,BM-218,BM-225,,0.3750418211636877
SIM_011,70,PAIR_00070,BM-223,BF-007,BF-007,,0.54060842380539
SIM_011,71,PAIR_00071,BM-239,BM-211,BM-211,,0.20279883241704552
SIM_011,72,PAIR_00072,BM-236,BF-255,BM-236,,0.6158783457170887
SIM_011,73,PAIR_00073,BM-212,BM-219,BM-219,,0.061293611521879086
SIM_011,74,PAIR_00074,BM-231,BM-228,BM-228,,0.3472830018189138
SIM_011,75,PAIR_00075,BM-224,BM-221,BM-221,,0.28387450638342465
SIM_011,76,PAIR_00076,BM-221,BF-242,BF-242,,0.7513854013975068
SIM_011,77,PAIR_00077,BM-222,BM-219,BM-222,,0.5864840223325505
SIM_011,78,PAIR_00078,BM-224,BM-226,BM-224,,0.5248769766578227
SIM_011,79,PAIR_00079,BM-212,BM-214,BM-214,,0.11116701969697171
SIM_011,80,PAIR_00080,BF-007,BM-237,BF-007,,0.6128354244491387
SIM_011,81,PAIR_00081,BM-211,BM-217,BM-211,,0.8573691371982063
SIM_011,82,PAIR_00082,BM-228,BM-225,BM-225,,0.39683344870518444
SIM_011,83,PAIR_00083,BM-213,BM-216,BM-216,,0.21663610038712067
SIM_011,84,PAIR_00084,BM-223,BM-215,BM-223,,0.6864881778517896
SIM_011,85,PAIR_00085,BM-231,BM-227,BM-227,,0.17373565313266423
SIM_011,86,PAIR_00086,BM-239,BF-255,BF-255,,0.23527180306944467
SIM_011,87,PAIR_00087,BM-229,BM-236,BM-236,,0.19664388366947144
SIM_011,88,PAIR_00088,BM-219,BM-218,BM-218,,0.4746203209194756
SIM_011,89,PAIR_00089,BM-229,BM-214,BM-214,,0.4224551616355219
SIM_011,90,PAIR_00090,BM-213,BM-221,BM-221,,0.20290916874714177
SIM_011,91,PAIR_00091,BM-224,BM-215,BM-224,,0.36747839029831664
SIM_011,92,PAIR_00092,BM-212,BM-226,BM-226,,0.27048711097929706
SIM_011,93,PAIR_00093,BM-237,BM-227,BM-227,,0.2625068189721848
SIM_011,94,PAIR_00094,BM-217,BF-242,BM-217,,0.5465994159293619
SIM_011,95,PAIR_00095,BM-223,BM-218,BM-218,,0.3984593490577611
SIM_011,96,PAIR_00096,BF-255,BM-216,BM-216,,0.682926223091502
SIM_011,97,PAIR_00097,BM-222,BM-211,BM-222,,0.5465340657043668
SIM_011,98,PAIR_00098,BM-231,BF-007,BF-007,,0.271772807943265
SIM_011,99,PAIR_00099,BM-239,BM-225,BM-225,,0.31065077989289125
SIM_011,100,PAIR_00100,BM-228,BM-236,BM-236,,0.2188351921913676
SIM_011,101,PAIR_00101,BM-211,BM-226,BM-211,,0.8698289600678419
SIM_011,102,PAIR_00102,BF-007,BM-219,BF-007,,0.38388872519658374
SIM_011,103,PAIR_00103,BM-236,BM-214,BM-236,,0.7492659043913402
SIM_011,104,PAIR_00104,BF-242,BM-213,BM-213,,0.5651758931159829
SIM_011,105,PAIR_00105,BF-255,BM-222,BM-222,,0.40690134004113265
SIM_011,106,PAIR_00106,BM-212,BM-218,BM-218,,0.05570160960137181
SIM_011,107,PAIR_00107,BM-231,BM-215,BM-215,,0.4098254623839697
SIM_011,108,PAIR_00108,BM-228,BM-227,BM-227,,0.2832542619174882
SIM_011,109,PAIR_00109,BM-223,BM-216,BM-216,,0.6187652185868557
SIM_011,110,PAIR_00110,BM-237,BM-239,BM-239,,0.5680251532244893
SIM_011,111,PAIR_00111,BM-229,BM-225,BM-225,,0.36502653811052327
SIM_011,112,PAIR_00112,BM-224,BM-217,BM-217,,0.4984378712552536
SIM_011,113,PAIR_00113,BM-225,BM-221,BM-221,,0.5751073295424118
SIM_011,114,PAIR_00114,BM-214,BM-231,BM-214,,0.6918473256643518
SIM_011,115,PAIR_00115,BM-229,BM-223,BM-223,,0.34245527804465553
SIM_011,116,PAIR_00116,BF-242,BM-215,BM-215,,0.32656960876884994
SIM_011,117,PAIR_00117,BM-213,BM-226,BM-213,,0.4150088421278394
SIM_011,118,PAIR_00118,BM-216,BM-219,BM-219,,0.3111832951396571
SIM_011,119,PAIR_00119,BM-237,BM-222,BM-222,,0.217248963876395
SIM_011,120,PAIR_00120,BM-211,BM-221,BM-221,,0.7056882563938565
SIM_011,121,PAIR_00121,BM-217,BM-228,BM-217,,0.30935894027404387
SIM_011,122,PAIR_00122,BM-212,BM-224,BM-224,,0.2512902538392436
SIM_011,123,PAIR_00123,BM-239,BM-218,BM-239,,0.21286764940304412
SIM_011,124,PAIR_00124,BM-227,BF-255,BM-227,,0.53195615808631
SIM_011,125,PAIR_00125,BM-236,BF-007,BM-236,,0.7145985761171072
SIM_011,126,PAIR_00126,BM-223,BM-211,BM-223,,0.3838933329441322
SIM_011,127,PAIR_00127,BM-231,BM-212,BM-231,,0.7807608319292152
SIM_011,128,PAIR_00128,BM-219,BM-214,BM-219,,0.6569995404963171
SIM_011,129,PAIR_00129,BM-236,BF-242,BM-236,,0.9057254918377985
SIM_011,130,PAIR_00130,BM-213,BM-222,BM-222,,0.08095655714746094
SIM_011,131,PAIR_00131,BM-226,BM-221,BM-221,,0.2640714551215016
SIM_011,132,PAIR_00132,BF-007,BF-255,BF-255,,0.3903754955686164
SIM_011,133,PAIR_00133,BM-216,BM-237,BM-237,,0.5343777554152823
SIM_011,134,PAIR_00134,BM-239,BM-217,BM-239,,0.6046112198850913
SIM_011,135,PAIR_00135,BM-215,BM-225,BM-225,,0.3351477454818891
SIM_011,136,PAIR_00136,BM-229,BM-218,BM-229,,0.25649614064364357
SIM_011,137,PAIR_00137,BM-224,BM-227,BM-227,,0.14959987243631057
SIM_011,138,PAIR_00138,BM-228,BF-007,BF-007,,0.41225696256436
SIM_011,139,PAIR_00139,BM-216,BM-236,BM-236,,0.2245504545236615
SIM_011,140,PAIR_00140,BM-218,BM-217,BM-218,,0.8497244999092971
SIM_011,141,PAIR_00141,BM-231,BM-229,BM-229,,0.37846534003523
SIM_011,142,PAIR_00142,BM-237,BM-214,BM-214,,0.42987286313774875
SIM_011,143,PAIR_00143,BF-242,BM-227,BM-227,,0.12803625194772436
SIM_011,144,PAIR_00144,BM-219,BM-224,BM-219,,0.8371378204852085
SIM_011,145,PAIR_00145,BM-211,BF-255,BM-211,,0.5473857435404343
SIM_011,146,PAIR_00146,BM-225,BM-223,BM-225,,0.4753304079297246
SIM_011,147,PAIR_00147,BM-222,BM-221,BM-222,,0.7429218072548591
SIM_011,148,PAIR_00148,BM-212,BM-213,BM-212,,0.343247453131141
SIM_011,149,PAIR_00149,BM-239,BM-226,BM-226,,0.6296124959858393
SIM_011,150,PAIR_00150,BM-228,BM-215,BM-228,,0.5661884331139478
SIM_011,151,PAIR_00151,BM-226,BM-231,BM-226,,0.43095568282384794
SIM_011,152,PAIR_00152,BM-217,BM-227,BM-227,,0.15039655126629822
SIM_011,153,PAIR_00153,BM-239,BM-236,BM-236,,0.1609915146051335
SIM_011,154,PAIR_00154,BF-255,BM-229,BF-255,,0.7181520469739519
SIM_011,155,PAIR_00155,BM-237,BM-223,BM-223,,0.3493178947989133
SIM_011,156,PAIR_00156,BM-224,BM-225,BM-225,,0.22652408676368152
SIM_011,157,PAIR_00157,BM-222,BF-242,BF-242,,0.8972674817394369
SIM_011,158,PAIR_00158,BM-211,BM-215,BM-211,,0.778476014177606
SIM_011,159,PAIR_00159,BM-214,BM-228,BM-228,,0.5443249145087194
SIM_011,160,PAIR_00160,BF-007,BM-212,BF-007,,0.9051455603350077
SIM_011,161,PAIR_00161,BM-221,BM-218,BM-218,,0.3071734138642074
SIM_011,162,PAIR_00162,BM-213,BM-215,BM-215,,0.27171535970268296
SIM_011,163,PAIR_00163,BM-222,BM-216,BM-222,,0.7584210486984893
SIM_011,164,PAIR_00164,BM-226,BM-219,BM-226,,0.14973582300182697
SIM_011,165,PAIR_00165,BF-242,BM-219,BM-219,,0.1397009443711754
SIM_011,166,PAIR_00166,BM-239,BM-212,BM-239,,0.8209368081505211
SIM_011,167,PAIR_00167,BM-224,BM-231,BM-231,,0.455527110474699
SIM_011,168,PAIR_00168,BF-255,BM-221,BM-221,,0.664724591609599
SIM_011,169,PAIR_00169,BM-214,BM-211,BM-214,,0.3073102650961119
SIM_011,170,PAIR_00170,BM-225,BM-237,BM-225,,0.6279144817815363
SIM_011,171,PAIR_00171,BM-236,BM-223,BM-223,,0.6802741559998849
SIM_011,172,PAIR_00172,BM-217,BM-229,BM-217,,0.33890413853700446
SIM_011,173,PAIR_00173,BM-227,BM-216,BM-216,,0.7099726993206014
SIM_011,174,PAIR_00174,BM-213,BM-228,BM-213,,0.22231027439100884
SIM_011,175,PAIR_00175,BM-218,BF-007,BF-007,,0.6398425641938011
SIM_011,176,PAIR_00176,BM-216,BF-007,BM-216,,0.4203057864236588
SIM_011,177,PAIR_00177,BM-226,BM-217,BM-226,,0.47356500376324917
SIM_011,178,PAIR_00178,BF-255,BM-219,BM-219,,0.4931652408467495
SIM_011,179,PAIR_00179,BM-223,BM-231,BM-223,,0.7592256577132775
SIM_011,180,PAIR_00180,BM-213,BM-239,BM-239,,0.2944534790660408
SIM_011,181,PAIR_00181,BM-214,BM-227,BM-214,,0.3206884215984604
SIM_011,182,PAIR_00182,BM-212,BM-237,BM-237,,0.1422769554917922
SIM_011,183,PAIR_00183,BM-218,BM-224,BM-224,,0.8505206503266772
SIM_011,184,PAIR_00184,BM-228,BM-222,BM-222,,0.23556193822118957
SIM_011,185,PAIR_00185,BF-242,BM-225,BM-225,,0.19643367405875783
SIM_011,186,PAIR_00186,BM-215,BM-221,BM-215,,0.40557872439933085
SIM_011,187,PAIR_00187,BM-229,BM-211,BM-211,,0.2450060041102735
SIM_011,188,PAIR_00188,BM-236,BM-215,BM-236,,0.8232878750346994
SIM_011,189,PAIR_00189,BM-217,BM-236,BM-236,,0.11149254937650074
SIM_011,190,PAIR_00190,BM-213,BF-007,BF-007,,0.1670199276460357
SIM_011,191,PAIR_00191,BF-242,BM-223,BM-223,,0.181310561075186
SIM_011,192,PAIR_00192,BM-212,BM-211,BM-211,,0.05257037532846488
SIM_011,193,PAIR_00193,BM-224,BM-216,BM-216,,0.30101034586316194
SIM_011,194,PAIR_00194,BM-228,BM-229,BM-229,,0.5336830207039965
SIM_011,195,PAIR_00195,BM-237,BM-226,BM-226,,0.6909048845448961
SIM_011,196,PAIR_00196,BM-218,BF-255,BF-255,,0.5321921015517458
SIM_011,197,PAIR_00197,BM-221,BM-227,BM-227,,0.3073751326137769
SIM_011,198,PAIR_00198,BM-219,BM-225,BM-219,,0.6008579426588972
SIM_011,199,PAIR_00199,BM-239,BM-214,BM-214,,0.36443452115951475
SIM_011,200,PAIR_00200,BM-231,BM-222,BM-222,,0.14085935233764144
SIM_011,201,PAIR_00201,BM-215,BM-217,BM-215,,0.6310680135639577
SIM_011,202,PAIR_00202,BM-222,BM-224,BM-222,,0.8793759336275948
SIM_011,203,PAIR_00203,BF-255,BM-214,BF-255,,0.6508120994774664
SIM_011,204,PAIR_00204,BM-228,BM-219,BM-219,,0.3041278356745797
SIM_011,205,PAIR_00205,BM-229,BM-221,BM-221,,0.437603698557496
SIM_011,206,PAIR_00206,BM-226,BM-218,BM-218,,0.13725477278924952
SIM_011,207,PAIR_00207,BM-225,BM-216,BM-225,,0.5952114627748064
SIM_011,208,PAIR_00208,BM-211,BM-237,BM-211,,0.7493397780868819
SIM_011,209,PAIR_00209,BM-239,BM-231,BM-231,,0.5628167694682431
SIM_011,210,PAIR_00210,BM-213,BM-236,BM-213,,0.07414322575223149
SIM_011,211,PAIR_00211,BF-007,BF-242,BF-007,,0.793261986734821
SIM_011,212,PAIR_00212,BM-212,BM-223,BM-223,,0.08176947027292372
SIM_011,213,PAIR_00213,BM-227,BM-211,BM-211,,0.48447638700912915
SIM_011,214,PAIR_00214,BM-216,BM-217,BM-216,,0.6976733103767735
SIM_011,215,PAIR_00215,BM-219,BM-227,BM-227,,0.4748566345512353
SIM_011,216,PAIR_00216,BM-214,BM-218,BM-218,,0.3204820085092622
SIM_011,217,PAIR_00217,BM-237,BM-215,BM-215,,0.5403404035999196
SIM_011,218,PAIR_00218,BM-236,BM-226,BM-236,,0.8985689276258495
SIM_011,219,PAIR_00219,BM-224,BM-228,BM-228,,0.30802549607309854
SIM_011,220,PAIR_00220,BM-231,BF-242,BF-242,,0.5888115508887632
SIM_011,221,PAIR_00221,BM-225,BF-255,BF-255,,0.4057168439867916
SIM_011,222,PAIR_00222,BM-221,BF-007,BF-007,,0.44061009653969924
SIM_011,223,PAIR_00223,BM-212,BM-229,BM-229,,0.1460189214358076
SIM_011,224,PAIR_00224,BM-222,BM-239,BM-222,,0.8257166177944669
SIM_011,225,PAIR_00225,BM-223,BM-213,BM-213,,0.8544189721459678
SIM_011,226,PAIR_00226,BM-221,BM-228,BM-228,,0.5289567135647587
SIM_011,227,PAIR_00227,BM-215,BF-007,BM-215,,0.34956322046724636
SIM_011,228,PAIR_00228,BF-255,BM-231,BF-255,,0.8071163599244839
SIM_011,229,PAIR_00229,BM-219,BM-223,BM-223,,0.5769542374218426
SIM_011,230,PAIR_00230,BM-218,BM-213,BM-218,,0.8985829210390318
SIM_011,231,PAIR_00231,BM-226,BM-216,BM-216,,0.2804800925353363
SIM_011,232,PAIR_00232,BM-225,BM-214,BM-214,,0.5599379861217109
SIM_011,233,PAIR_00233,BM-227,BM-229,BM-227,,0.7433230907449867
SIM_011,234,PAIR_00234,BM-224,BM-239,BM-239,,0.3938960078122809
SIM_011,235,PAIR_00235,BM-212,BM-217,BM-217,,0.2501164607503142
SIM_011,236,PAIR_00236,BM-236,BM-237,BM-236,,0.7985201491919167
SIM_011,237,PAIR_00237,BM-211,BF-242,BM-211,,0.8787396547598036
SIM_011,238,PAIR_00238,BM-218,BM-222,BM-218,,0.43835442419306125
SIM_011,239,PAIR_00239,BM-227,BM-222,BM-227,,0.4381211207784558
SIM_011,240,PAIR_00240,BM-229,BF-242,BM-229,,0.7016404399947652
SIM_011,241,PAIR_00241,BM-211,BM-231,BM-211,,0.8350011035534172
SIM_011,242,PAIR_00242,BM-213,BM-225,BM-225,,0.15830018632255818
SIM_011,243,PAIR_00243,BM-228,BF-255,BM-228,,0.3099448578523684
SIM_011,244,PAIR_00244,BM-223,BM-226,BM-223,,0.8063385161216202
SIM_011,245,PAIR_00245,BM-212,BM-215,BM-215,,0.1631748808952223
SIM_011,246,PAIR_00246,BM-221,BM-237,BM-237,,0.5549175947981636
SIM_011,247,PAIR_00247,BM-219,BM-239,BM-219,,0.7696116648813172
SIM_011,248,PAIR_00248,BM-216,BM-214,BM-214,,0.46390252138950805
SIM_011,249,PAIR_00249,BM-236,BM-224,BM-224,,0.8891249417513256
SIM_011,250,PAIR_00250,BM-217,BF-007,BM-217,,0.23907435981385444
SIM_011,251,PAIR_00251,BM-212,BM-228,BM-228,,0.1299829775347618
SIM_011,252,PAIR_00252,BM-217,BM-225,BM-225,,0.22762076888279198
SIM_011,253,PAIR_00253,BM-236,BM-219,BM-236,,0.6093901347663366
SIM_011,254,PAIR_00254,BM-218,BF-242,BM-218,,0.872069511853059
SIM_011,255,PAIR_00255,BM-226,BM-214,BM-214,,0.2522358602332104
SIM_011,256,PAIR_00256,BF-255,BM-213,BF-255,,0.886213166818921
SIM_011,257,PAIR_00257,BM-227,BM-239,BM-239,,0.7869735199346419
SIM_011,258,PAIR_00258,BM-229,BM-222,BM-222,,0.21213505355168763
SIM_011,259,PAIR_00259,BM-224,BM-223,BM-223,,0.20968887622430654
SIM_011,260,PAIR_00260,BM-216,BM-231,BM-231,,0.6601871626425073
SIM_011,261,PAIR_00261,BM-211,BF-007,BF-007,,0.6538142109888488
SIM_011,262,PAIR_00262,BM-215,BM-222,BM-222,,0.19100644193377725
SIM_011,263,PAIR_00263,BM-237,BM-218,BM-218,,0.2623233935218685
SIM_011,264,PAIR_00264,BM-221,BM-217,BM-221,,0.7148535166790715
SIM_011,265,PAIR_00265,BM-231,BM-237,BM-237,,0.3713569069910973
SIM_011,266,PAIR_00266,BM-228,BM-226,BM-228,,0.7127866217890074
SIM_011,267,PAIR_00267,BM-236,BM-221,BM-236,,0.7606981020969623
SIM_011,268,PAIR_00268,BM-239,BM-215,BM-215,,0.4720079919409225
SIM_011,269,PAIR_00269,BM-216,BM-211,BM-216,,0.27740590065037546
SIM_011,270,PAIR_00270,BF-255,BF-242,BF-255,,0.8569806375300371
SIM_011,271,PAIR_00271,BM-223,BM-214,BM-223,,0.5841101020402096
SIM_011,272,PAIR_00272,BM-225,BF-007,BM-225,,0.5160029583577592
SIM_011,273,PAIR_00273,BM-229,BM-219,BM-219,,0.2763470748582293
SIM_011,274,PAIR_00274,BM-213,BM-224,BM-224,,0.3910532598856224
SIM_011,275,PAIR_00275,BF-007,BM-227,BM-227,,0.3603758504743594
SIM_011,276,PAIR_00276,BM-236,BM-212,BM-236,,0.959827717024812
SIM_011,277,PAIR_00277,BM-237,BM-224,BM-237,,0.6692429390672207
SIM_011,278,PAIR_00278,BF-242,BM-216,BF-242,,0.2644078645825088
SIM_011,279,PAIR_00279,BM-215,BM-227,BM-215,,0.23242066634806705
SIM_011,280,PAIR_00280,BM-212,BM-221,BM-221,,0.11742272550174405
SIM_011,281,PAIR_00281,BM-231,BM-225,BM-225,,0.25928649124739844
SIM_011,282,PAIR_00282,BM-226,BM-222,BM-226,,0.11045284726338489
SIM_011,283,PAIR_00283,BM-217,BM-213,BM-217,,0.6104336905348509
SIM_011,284,PAIR_00284,BM-239,BM-229,BM-239,,0.4394325204751498
SIM_011,285,PAIR_00285,BF-255,BM-223,BM-223,,0.5702673104810158
SIM_011,286,PAIR_00286,BM-228,BM-211,BM-211,,0.27081518045009806
SIM_011,287,PAIR_00287,BM-222,BM-214,BM-222,,0.7309407531975411
SIM_011,288,PAIR_00288,BM-219,BM-215,BM-219,,0.7491406879013857
SIM_011,289,PAIR_00289,BM-218,BM-231,BM-218,,0.8264003448400584
SIM_011,290,PAIR_00290,BM-223,BM-217,BM-223,,0.7892737414758372
SIM_011,291,PAIR_00291,BM-216,BM-228,BM-228,,0.5082804312428928
SIM_011,292,PAIR_00292,BM-224,BF-255,BF-255,,0.16662420623664836
SIM_011,293,PAIR_00293,BM-226,BM-229,BM-229,,0.3156100905346744
SIM_011,294,PAIR_00294,BM-237,BM-219,BM-219,,0.28245398664576415
SIM_011,295,PAIR_00295,BF-242,BM-212,BM-212,,0.7132151985625615
SIM_011,296,PAIR_00296,BM-225,BM-227,BM-227,,0.37526396834976317
SIM_011,297,PAIR_00297,BM-214,BM-221,BM-221,,0.5154475086916739
SIM_011,298,PAIR_00298,BM-218,BM-236,BM-218,,0.4150461190579815
SIM_011,299,PAIR_00299,BM-211,BM-213,BM-211,,0.9040228264809127
SIM_011,300,PAIR_00300,BF-007,BM-239,BF-007,,0.6754730993723337
SIM_012,1,PAIR_00001,BM-216,BM-221,BM-221,,0.47930386809454184
SIM_012,2,PAIR_00002,BM-239,BM-228,BM-228,,0.4065123944074379
SIM_012,3,PAIR_00003,BF-007,BM-229,BF-007,,0.620007354928767
SIM_012,4,PAIR_00004,BM-212,BM-227,BM-227,,0.055751477219154306
SIM_012,5,PAIR_00005,BM-223,BM-222,BM-223,,0.34079984699266824
SIM_012,6,PAIR_00006,BF-242,BM-237,BM-237,,0.2920487232935015
SIM_012,7,PAIR_00007,BM-213,BM-231,BM-231,,0.3494972203862205
SIM_012,8,PAIR_00008,BM-225,BM-236,BM-236,,0.2986383072115851
SIM_012,9,PAIR_00009,BM-226,BM-215,BM-226,,0.3446500059286485
SIM_012,10,PAIR_00010,BM-218,BM-211,BM-218,,0.48471308048957706
SIM_012,11,PAIR_00011,BM-219,BM-217,BM-219,,0.836284111455051
SIM_012,12,PAIR_00012,BM-214,BM-224,BM-214,,0.7285212378857929
SIM_012,13,PAIR_00013,BF-255,BM-215,BF-255,,0.7439676574531842
SIM_012,14,PAIR_00014,BM-222,BM-236,BM-236,,0.47619298251945674
SIM_012,15,PAIR_00015,BM-224,BF-007,BF-007,,0.2379394939340924
SIM_012,16,PAIR_00016,BM-228,BM-223,BM-223,,0.37345215256477066
SIM_012,17,PAIR_00017,BM-221,BM-231,BM-221,,0.6785159906769078
SIM_012,18,PAIR_00018,BM-212,BF-255,BF-255,,0.06288570486356526
SIM_012,19,PAIR_00019,BM-213,BM-229,BM-229,,0.24650926495140532
SIM_012,20,PAIR_00020,BF-242,BM-214,BM-214,,0.23724843950996033
SIM_012,21,PAIR_00021,BM-218,BM-227,BM-218,,0.5002369183711579
SIM_012,22,PAIR_00022,BM-219,BM-211,BM-219,,0.459396414456364
SIM_012,23,PAIR_00023,BM-216,BM-239,BM-216,,0.6014538878382059
SIM_012,24,PAIR_00024,BM-225,BM-226,BM-226,,0.7904488994507026
SIM_012,25,PAIR_00025,BM-217,BM-237,BM-217,,0.3321416766402924
SIM_012,26,PAIR_00026,BM-228,BF-242,BM-228,,0.7290994168484117
SIM_012,27,PAIR_00027,BM-226,BF-007,BF-007,,0.22035484969150645
SIM_012,28,PAIR_00028,BM-218,BM-216,BM-216,,0.7101677973349876
SIM_012,29,PAIR_00029,BM-237,BM-213,BM-237,,0.7590814226534237
SIM_012,30,PAIR_00030,BM-231,BM-236,BM-236,,0.12971614300494108
SIM_012,31,PAIR_00031,BM-211,BM-225,BM-211,,0.6391816251210418
SIM_012,32,PAIR_00032,BM-224,BM-229,BM-229,,0.3375055782864029
SIM_012,33,PAIR_00033,BM-221,BM-219,BM-219,,0.3292097878666537
SIM_012,34,PAIR_00034,BM-215,BM-214,BM-214,,0.3907685043566045
SIM_012,35,PAIR_00035,BM-239,BM-223,BM-223,,0.2899067120138933
SIM_012,36,PAIR_00036,BM-217,BF-255,BF-255,,0.16749368987613308
SIM_012,37,PAIR_00037,BM-222,BM-212,BM-222,,0.9559877205776918
SIM_012,38,PAIR_00038,BM-236,BM-227,BM-227,,0.5851839412783998
SIM_012,39,PAIR_00039,BM-217,BM-214,BM-214,,0.27271634835576414
SIM_012,40,PAIR_00040,BF-255,BM-226,BF-255,,0.8467498546318379
SIM_012,41,PAIR_00041,BM-229,BM-216,BM-216,,0.458083311976373
SIM_012,42,PAIR_00042,BM-211,BM-224,BM-211,,0.8581315487375101
SIM_012,43,PAIR_00043,BM-219,BM-231,BM-231,,0.8113370505696746
SIM_012,44,PAIR_00044,BM-218,BM-215,BM-218,,0.7677483569731899
SIM_012,45,PAIR_00045,BM-228,BM-237,BM-237,,0.5261270737795799
SIM_012,46,PAIR_00046,BM-221,BM-223,BM-223,,0.4009571315095831
SIM_012,47,PAIR_00047,BM-227,BM-213,BM-213,,0.898496525351987
SIM_012,48,PAIR_00048,BM-225,BM-212,BM-225,,0.9105025016100444
SIM_012,49,PAIR_00049,BF-007,BM-222,BM-222,,0.3052281205908015
SIM_012,50,PAIR_00050,BM-239,BF-242,BF-242,,0.6483185302283063
SIM_012,51,PAIR_00051,BM-214,BF-007,BM-214,,0.4558957557008482
SIM_012,52,PAIR_00052,BM-216,BM-212,BM-216,,0.8737173229181733
SIM_012,53,PAIR_00053,BM-223,BM-227,BM-227,,0.3986865182977619
SIM_012,54,PAIR_00054,BM-217,BM-231,BM-231,,0.45707731145428465
SIM_012,55,PAIR_00055,BF-242,BM-226,BM-226,,0.4797357297054694
SIM_012,56,PAIR_00056,BM-221,BM-239,BM-221,,0.6211326493727066
SIM_012,57,PAIR_00057,BM-228,BM-218,BM-218,,0.2830619035400725
SIM_012,58,PAIR_00058,BM-222,BM-225,BM-222,,0.6810258985706044
SIM_012,59,PAIR_00059,BM-229,BM-215,BM-229,,0.5327978943713936
SIM_012,60,PAIR_00060,BM-236,BM-211,BM-211,,0.5700307524616257
SIM_012,61,PAIR_00061,BF-255,BM-237,BF-255,,0.7119719570816829
SIM_012,62,PAIR_00062,BM-219,BM-213,BM-219,,0.8889412139677642
SIM_012,63,PAIR_00063,BF-242,BM-224,BF-242,,0.45494959516696887
SIM_012,64,PAIR_00064,BM-229,BM-237,BM-237,,0.49241736101051403
SIM_012,65,PAIR_00065,BM-226,BM-227,BM-227,,0.13736703098829836
SIM_012,66,PAIR_00066,BM-215,BM-216,BM-215,,0.42569403475889667
SIM_012,67,PAIR_00067,BM-213,BM-214,BM-214,,0.19309558203895444
SIM_012,68,PAIR_00068,BM-222,BM-217,BM-222,,0.8787115543332452
SIM_012,69,PAIR_00069,BM-225,BM-218,BM-225,,0.3750418211636877
SIM_012,70,PAIR_00070,BM-223,BF-007,BM-223,,0.54060842380539
SIM_012,71,PAIR_00071,BM-239,BM-211,BM-211,,0.20279883241704552
SIM_012,72,PAIR_00072,BM-236,BF-255,BM-236,,0.6158783457170887
SIM_012,73,PAIR_00073,BM-212,BM-219,BM-219,,0.061293611521879086
SIM_012,74,PAIR_00074,BM-231,BM-228,BM-228,,0.3472830018189138
SIM_012,75,PAIR_00075,BM-224,BM-221,BM-224,,0.28387450638342465
SIM_012,76,PAIR_00076,BM-221,BF-242,BM-221,,0.7513854013975068
SIM_012,77,PAIR_00077,BM-222,BM-219,BM-222,,0.5864840223325505
SIM_012,78,PAIR_00078,BM-224,BM-226,BM-224,,0.5248769766578227
SIM_012,79,PAIR_00079,BM-212,BM-214,BM-214,,0.11116701969697171
SIM_012,80,PAIR_00080,BF-007,BM-237,BM-237,,0.6128354244491387
SIM_012,81,PAIR_00081,BM-211,BM-217,BM-211,,0.8573691371982063
SIM_012,82,PAIR_00082,BM-228,BM-225,BM-228,,0.39683344870518444
SIM_012,83,PAIR_00083,BM-213,BM-216,BM-216,,0.21663610038712067
SIM_012,84,PAIR_00084,BM-223,BM-215,BM-223,,0.6864881778517896
SIM_012,85,PAIR_00085,BM-231,BM-227,BM-231,,0.17373565313266423
SIM_012,86,PAIR_00086,BM-239,BF-255,BF-255,,0.23527180306944467
SIM_012,87,PAIR_00087,BM-229,BM-236,BM-236,,0.19664388366947144
SIM_012,88,PAIR_00088,BM-219,BM-218,BM-218,,0.4746203209194756
SIM_012,89,PAIR_00089,BM-229,BM-214,BM-214,,0.4224551616355219
SIM_012,90,PAIR_00090,BM-213,BM-221,BM-221,,0.20290916874714177
SIM_012,91,PAIR_00091,BM-224,BM-215,BM-215,,0.36747839029831664
SIM_012,92,PAIR_00092,BM-212,BM-226,BM-212,,0.27048711097929706
SIM_012,93,PAIR_00093,BM-237,BM-227,BM-227,,0.2625068189721848
SIM_012,94,PAIR_00094,BM-217,BF-242,BM-217,,0.5465994159293619
SIM_012,95,PAIR_00095,BM-223,BM-218,BM-218,,0.3984593490577611
SIM_012,96,PAIR_00096,BF-255,BM-216,BM-216,,0.682926223091502
SIM_012,97,PAIR_00097,BM-222,BM-211,BM-211,,0.5465340657043668
SIM_012,98,PAIR_00098,BM-231,BF-007,BF-007,,0.271772807943265
SIM_012,99,PAIR_00099,BM-239,BM-225,BM-239,,0.31065077989289125
SIM_012,100,PAIR_00100,BM-228,BM-236,BM-228,,0.2188351921913676
SIM_012,101,PAIR_00101,BM-211,BM-226,BM-211,,0.8698289600678419
SIM_012,102,PAIR_00102,BF-007,BM-219,BM-219,,0.38388872519658374
SIM_012,103,PAIR_00103,BM-236,BM-214,BM-236,,0.7492659043913402
SIM_012,104,PAIR_00104,BF-242,BM-213,BF-242,,0.5651758931159829
SIM_012,105,PAIR_00105,BF-255,BM-222,BF-255,,0.40690134004113265
SIM_012,106,PAIR_00106,BM-212,BM-218,BM-218,,0.05570160960137181
SIM_012,107,PAIR_00107,BM-231,BM-215,BM-215,,0.4098254623839697
SIM_012,108,PAIR_00108,BM-228,BM-227,BM-227,,0.2832542619174882
SIM_012,109,PAIR_00109,BM-223,BM-216,BM-223,,0.6187652185868557
SIM_012,110,PAIR_00110,BM-237,BM-239,BM-237,,0.5680251532244893
SIM_012,111,PAIR_00111,BM-229,BM-225,BM-229,,0.36502653811052327
SIM_012,112,PAIR_00112,BM-224,BM-217,BM-224,,0.4984378712552536
SIM_012,113,PAIR_00113,BM-225,BM-221,BM-225,,0.5751073295424118
SIM_012,114,PAIR_00114,BM-214,BM-231,BM-231,,0.6918473256643518
SIM_012,115,PAIR_00115,BM-229,BM-223,BM-229,,0.34245527804465553
SIM_012,116,PAIR_00116,BF-242,BM-215,BF-242,,0.32656960876884994
SIM_012,117,PAIR_00117,BM-213,BM-226,BM-226,,0.4150088421278394
SIM_012,118,PAIR_00118,BM-216,BM-219,BM-219,,0.3111832951396571
SIM_012,119,PAIR_00119,BM-237,BM-222,BM-222,,0.217248963876395
SIM_012,120,PAIR_00120,BM-211,BM-221,BM-211,,0.7056882563938565
SIM_012,121,PAIR_00121,BM-217,BM-228,BM-228,,0.30935894027404387
SIM_012,122,PAIR_00122,BM-212,BM-224,BM-224,,0.2512902538392436
SIM_012,123,PAIR_00123,BM-239,BM-218,BM-218,,0.21286764940304412
SIM_012,124,PAIR_00124,BM-227,BF-255,BM-227,,0.53195615808631
SIM_012,125,PAIR_00125,BM-236,BF-007,BF-007,,0.7145985761171072
SIM_012,126,PAIR_00126,BM-223,BM-211,BM-211,,0.3838933329441322
SIM_012,127,PAIR_00127,BM-231,BM-212,BM-231,,0.7807608319292152
SIM_012,128,PAIR_00128,BM-219,BM-214,BM-214,,0.6569995404963171
SIM_012,129,PAIR_00129,BM-236,BF-242,BM-236,,0.9057254918377985
SIM_012,130,PAIR_00130,BM-213,BM-222,BM-222,,0.08095655714746094
SIM_012,131,PAIR_00131,BM-226,BM-221,BM-226,,0.2640714551215016
SIM_012,132,PAIR_00132,BF-007,BF-255,BF-007,,0.3903754955686164
SIM_012,133,PAIR_00133,BM-216,BM-237,BM-216,,0.5343777554152823
SIM_012,134,PAIR_00134,BM-239,BM-217,BM-239,,0.6046112198850913
SIM_012,135,PAIR_00135,BM-215,BM-225,BM-215,,0.3351477454818891
SIM_012,136,PAIR_00136,BM-229,BM-218,BM-229,,0.25649614064364357
SIM_012,137,PAIR_00137,BM-224,BM-227,BM-227,,0.14959987243631057
SIM_012,138,PAIR_00138,BM-228,BF-007,BF-007,,0.41225696256436
SIM_012,139,PAIR_00139,BM-216,BM-236,BM-236,,0.2245504545236615
SIM_012,140,PAIR_00140,BM-218,BM-217,BM-217,,0.8497244999092971
SIM_012,141,PAIR_00141,BM-231,BM-229,BM-229,,0.37846534003523
SIM_012,142,PAIR_00142,BM-237,BM-214,BM-214,,0.42987286313774875
SIM_012,143,PAIR_00143,BF-242,BM-227,BF-242,,0.12803625194772436
SIM_012,144,PAIR_00144,BM-219,BM-224,BM-219,,0.8371378204852085
SIM_012,145,PAIR_00145,BM-211,BF-255,BM-211,,0.5473857435404343
SIM_012,146,PAIR_00146,BM-225,BM-223,BM-225,,0.4753304079297246
SIM_012,147,PAIR_00147,BM-222,BM-221,BM-222,,0.7429218072548591
SIM_012,148,PAIR_00148,BM-212,BM-213,BM-213,,0.343247453131141
SIM_012,149,PAIR_00149,BM-239,BM-226,BM-226,,0.6296124959858393
SIM_012,150,PAIR_00150,BM-228,BM-215,BM-228,,0.5661884331139478
SIM_012,151,PAIR_00151,BM-226,BM-231,BM-231,,0.43095568282384794
SIM_012,152,PAIR_00152,BM-217,BM-227,BM-217,,0.15039655126629822
SIM_012,153,PAIR_00153,BM-239,BM-236,BM-236,,0.1609915146051335
SIM_012,154,PAIR_00154,BF-255,BM-229,BF-255,,0.7181520469739519
SIM_012,155,PAIR_00155,BM-237,BM-223,BM-237,,0.3493178947989133
SIM_012,156,PAIR_00156,BM-224,BM-225,BM-225,,0.22652408676368152
SIM_012,157,PAIR_00157,BM-222,BF-242,BM-222,,0.8972674817394369
SIM_012,158,PAIR_00158,BM-211,BM-215,BM-211,,0.778476014177606
SIM_012,159,PAIR_00159,BM-214,BM-228,BM-228,,0.5443249145087194
SIM_012,160,PAIR_00160,BF-007,BM-212,BM-212,,0.9051455603350077
SIM_012,161,PAIR_00161,BM-221,BM-218,BM-218,,0.3071734138642074
SIM_012,162,PAIR_00162,BM-213,BM-215,BM-215,,0.27171535970268296
SIM_012,163,PAIR_00163,BM-222,BM-216,BM-222,,0.7584210486984893
SIM_012,164,PAIR_00164,BM-226,BM-219,BM-226,,0.14973582300182697
SIM_012,165,PAIR_00165,BF-242,BM-219,BM-219,,0.1397009443711754
SIM_012,166,PAIR_00166,BM-239,BM-212,BM-239,,0.8209368081505211
SIM_012,167,PAIR_00167,BM-224,BM-231,BM-224,,0.455527110474699
SIM_012,168,PAIR_00168,BF-255,BM-221,BF-255,,0.664724591609599
SIM_012,169,PAIR_00169,BM-214,BM-211,BM-211,,0.3073102650961119
SIM_012,170,PAIR_00170,BM-225,BM-237,BM-225,,0.6279144817815363
SIM_012,171,PAIR_00171,BM-236,BM-223,BM-223,,0.6802741559998849
SIM_012,172,PAIR_00172,BM-217,BM-229,BM-229,,0.33890413853700446
SIM_012,173,PAIR_00173,BM-227,BM-216,BM-216,,0.7099726993206014
SIM_012,174,PAIR_00174,BM-213,BM-228,BM-228,,0.22231027439100884
SIM_012,175,PAIR_00175,BM-218,BF-007,BF-007,,0.6398425641938011
SIM_012,176,PAIR_00176,BM-216,BF-007,BM-216,,0.4203057864236588
SIM_012,177,PAIR_00177,BM-226,BM-217,BM-226,,0.47356500376324917
SIM_012,178,PAIR_00178,BF-255,BM-219,BF-255,,0.4931652408467495
SIM_012,179,PAIR_00179,BM-223,BM-231,BM-231,,0.7592256577132775
SIM_012,180,PAIR_00180,BM-213,BM-239,BM-239,,0.2944534790660408
SIM_012,181,PAIR_00181,BM-214,BM-227,BM-227,,0.3206884215984604
SIM_012,182,PAIR_00182,BM-212,BM-237,BM-212,,0.1422769554917922
SIM_012,183,PAIR_00183,BM-218,BM-224,BM-218,,0.8505206503266772
SIM_012,184,PAIR_00184,BM-228,BM-222,BM-222,,0.23556193822118957
SIM_012,185,PAIR_00185,BF-242,BM-225,BM-225,,0.19643367405875783
SIM_012,186,PAIR_00186,BM-215,BM-221,BM-215,,0.40557872439933085
SIM_012,187,PAIR_00187,BM-229,BM-211,BM-211,,0.2450060041102735
SIM_012,188,PAIR_00188,BM-236,BM-215,BM-236,,0.8232878750346994
SIM_012,189,PAIR_00189,BM-217,BM-236,BM-236,,0.11149254937650074
SIM_012,190,PAIR_00190,BM-213,BF-007,BF-007,,0.1670199276460357
SIM_012,191,PAIR_00191,BF-242,BM-223,BF-242,,0.181310561075186
SIM_012,192,PAIR_00192,BM-212,BM-211,BM-211,,0.05257037532846488
SIM_012,193,PAIR_00193,BM-224,BM-216,BM-224,,0.30101034586316194
SIM_012,194,PAIR_00194,BM-228,BM-229,BM-228,,0.5336830207039965
SIM_012,195,PAIR_00195,BM-237,BM-226,BM-237,,0.6909048845448961
SIM_012,196,PAIR_00196,BM-218,BF-255,BF-255,,0.5321921015517458
SIM_012,197,PAIR_00197,BM-221,BM-227,BM-227,,0.3073751326137769
SIM_012,198,PAIR_00198,BM-219,BM-225,BM-225,,0.6008579426588972
SIM_012,199,PAIR_00199,BM-239,BM-214,BM-214,,0.36443452115951475
SIM_012,200,PAIR_00200,BM-231,BM-222,BM-222,,0.14085935233764144
SIM_012,201,PAIR_00201,BM-215,BM-217,BM-215,,0.6310680135639577
SIM_012,202,PAIR_00202,BM-222,BM-224,BM-222,,0.8793759336275948
SIM_012,203,PAIR_00203,BF-255,BM-214,BM-214,,0.6508120994774664
SIM_012,204,PAIR_00204,BM-228,BM-219,BM-219,,0.3041278356745797
SIM_012,205,PAIR_00205,BM-229,BM-221,BM-221,,0.437603698557496
SIM_012,206,PAIR_00206,BM-226,BM-218,BM-218,,0.13725477278924952
SIM_012,207,PAIR_00207,BM-225,BM-216,BM-225,,0.5952114627748064
SIM_012,208,PAIR_00208,BM-211,BM-237,BM-211,,0.7493397780868819
SIM_012,209,PAIR_00209,BM-239,BM-231,BM-239,,0.5628167694682431
SIM_012,210,PAIR_00210,BM-213,BM-236,BM-236,,0.07414322575223149
SIM_012,211,PAIR_00211,BF-007,BF-242,BF-242,,0.793261986734821
SIM_012,212,PAIR_00212,BM-212,BM-223,BM-212,,0.08176947027292372
SIM_012,213,PAIR_00213,BM-227,BM-211,BM-211,,0.48447638700912915
SIM_012,214,PAIR_00214,BM-216,BM-217,BM-216,,0.6976733103767735
SIM_012,215,PAIR_00215,BM-219,BM-227,BM-227,,0.4748566345512353
SIM_012,216,PAIR_00216,BM-214,BM-218,BM-214,,0.3204820085092622
SIM_012,217,PAIR_00217,BM-237,BM-215,BM-237,,0.5403404035999196
SIM_012,218,PAIR_00218,BM-236,BM-226,BM-236,,0.8985689276258495
SIM_012,219,PAIR_00219,BM-224,BM-228,BM-228,,0.30802549607309854
SIM_012,220,PAIR_00220,BM-231,BF-242,BM-231,,0.5888115508887632
SIM_012,221,PAIR_00221,BM-225,BF-255,BF-255,,0.4057168439867916
SIM_012,222,PAIR_00222,BM-221,BF-007,BM-221,,0.44061009653969924
SIM_012,223,PAIR_00223,BM-212,BM-229,BM-229,,0.1460189214358076
SIM_012,224,PAIR_00224,BM-222,BM-239,BM-222,,0.8257166177944669
SIM_012,225,PAIR_00225,BM-223,BM-213,BM-223,,0.8544189721459678
SIM_012,226,PAIR_00226,BM-221,BM-228,BM-228,,0.5289567135647587
SIM_012,227,PAIR_00227,BM-215,BF-007,BF-007,,0.34956322046724636
SIM_012,228,PAIR_00228,BF-255,BM-231,BF-255,,0.8071163599244839
SIM_012,229,PAIR_00229,BM-219,BM-223,BM-223,,0.5769542374218426
SIM_012,230,PAIR_00230,BM-218,BM-213,BM-218,,0.8985829210390318
SIM_012,231,PAIR_00231,BM-226,BM-216,BM-216,,0.2804800925353363
SIM_012,232,PAIR_00232,BM-225,BM-214,BM-214,,0.5599379861217109
SIM_012,233,PAIR_00233,BM-227,BM-229,BM-227,,0.7433230907449867
SIM_012,234,PAIR_00234,BM-224,BM-239,BM-224,,0.3938960078122809
SIM_012,235,PAIR_00235,BM-212,BM-217,BM-212,,0.2501164607503142
SIM_012,236,PAIR_00236,BM-236,BM-237,BM-237,,0.7985201491919167
SIM_012,237,PAIR_00237,BM-211,BF-242,BM-211,,0.8787396547598036
SIM_012,238,PAIR_00238,BM-218,BM-222,BM-218,,0.43835442419306125
SIM_012,239,PAIR_00239,BM-227,BM-222,BM-227,,0.4381211207784558
SIM_012,240,PAIR_00240,BM-229,BF-242,BM-229,,0.7016404399947652
SIM_012,241,PAIR_00241,BM-211,BM-231,BM-211,,0.8350011035534172
SIM_012,242,PAIR_00242,BM-213,BM-225,BM-225,,0.15830018632255818
SIM_012,243,PAIR_00243,BM-228,BF-255,BF-255,,0.3099448578523684
SIM_012,244,PAIR_00244,BM-223,BM-226,BM-223,,0.8063385161216202
SIM_012,245,PAIR_00245,BM-212,BM-215,BM-212,,0.1631748808952223
SIM_012,246,PAIR_00246,BM-221,BM-237,BM-237,,0.5549175947981636
SIM_012,247,PAIR_00247,BM-219,BM-239,BM-239,,0.7696116648813172
SIM_012,248,PAIR_00248,BM-216,BM-214,BM-216,,0.46390252138950805
SIM_012,249,PAIR_00249,BM-236,BM-224,BM-236,,0.8891249417513256
SIM_012,250,PAIR_00250,BM-217,BF-007,BF-007,,0.23907435981385444
SIM_012,251,PAIR_00251,BM-212,BM-228,BM-228,,0.1299829775347618
SIM_012,252,PAIR_00252,BM-217,BM-225,BM-225,,0.22762076888279198
SIM_012,253,PAIR_00253,BM-236,BM-219,BM-219,,0.6093901347663366
SIM_012,254,PAIR_00254,BM-218,BF-242,BM-218,,0.872069511853059
SIM_012,255,PAIR_00255,BM-226,BM-214,BM-214,,0.2522358602332104
SIM_012,256,PAIR_00256,BF-255,BM-213,BF-255,,0.886213166818921
SIM_012,257,PAIR_00257,BM-227,BM-239,BM-227,,0.7869735199346419
SIM_012,258,PAIR_00258,BM-229,BM-222,BM-222,,0.21213505355168763
SIM_012,259,PAIR_00259,BM-224,BM-223,BM-223,,0.20968887622430654
SIM_012,260,PAIR_00260,BM-216,BM-231,BM-216,,0.6601871626425073
SIM_012,261,PAIR_00261,BM-211,BF-007,BF-007,,0.6538142109888488
SIM_012,262,PAIR_00262,BM-215,BM-222,BM-222,,0.19100644193377725
SIM_012,263,PAIR_00263,BM-237,BM-218,BM-237,,0.2623233935218685
SIM_012,264,PAIR_00264,BM-221,BM-217,BM-221,,0.7148535166790715
SIM_012,265,PAIR_00265,BM-231,BM-237,BM-231,,0.3713569069910973
SIM_012,266,PAIR_00266,BM-228,BM-226,BM-228,,0.7127866217890074
SIM_012,267,PAIR_00267,BM-236,BM-221,BM-236,,0.7606981020969623
SIM_012,268,PAIR_00268,BM-239,BM-215,BM-239,,0.4720079919409225
SIM_012,269,PAIR_00269,BM-216,BM-211,BM-211,,0.27740590065037546
SIM_012,270,PAIR_00270,BF-255,BF-242,BF-255,,0.8569806375300371
SIM_012,271,PAIR_00271,BM-223,BM-214,BM-214,,0.5841101020402096
SIM_012,272,PAIR_00272,BM-225,BF-007,BM-225,,0.5160029583577592
SIM_012,273,PAIR_00273,BM-229,BM-219,BM-219,,0.2763470748582293
SIM_012,274,PAIR_00274,BM-213,BM-224,BM-224,,0.3910532598856224
SIM_012,275,PAIR_00275,BF-007,BM-227,BM-227,,0.3603758504743594
SIM_012,276,PAIR_00276,BM-236,BM-212,BM-236,,0.959827717024812
SIM_012,277,PAIR_00277,BM-237,BM-224,BM-237,,0.6692429390672207
SIM_012,278,PAIR_00278,BF-242,BM-216,BF-242,,0.2644078645825088
SIM_012,279,PAIR_00279,BM-215,BM-227,BM-215,,0.23242066634806705
SIM_012,280,PAIR_00280,BM-212,BM-221,BM-221,,0.11742272550174405
SIM_012,281,PAIR_00281,BM-231,BM-225,BM-225,,0.25928649124739844
SIM_012,282,PAIR_00282,BM-226,BM-222,BM-222,,0.11045284726338489
SIM_012,283,PAIR_00283,BM-217,BM-213,BM-213,,0.6104336905348509
SIM_012,284,PAIR_00284,BM-239,BM-229,BM-229,,0.4394325204751498
SIM_012,285,PAIR_00285,BF-255,BM-223,BF-255,,0.5702673104810158
SIM_012,286,PAIR_00286,BM-228,BM-211,BM-228,,0.27081518045009806
SIM_012,287,PAIR_00287,BM-222,BM-214,BM-222,,0.7309407531975411
SIM_012,288,PAIR_00288,BM-219,BM-215,BM-219,,0.7491406879013857
SIM_012,289,PAIR_00289,BM-218,BM-231,BM-231,,0.8264003448400584
SIM_012,290,PAIR_00290,BM-223,BM-217,BM-223,,0.7892737414758372
SIM_012,291,PAIR_00291,BM-216,BM-228,BM-216,,0.5082804312428928
SIM_012,292,PAIR_00292,BM-224,BF-255,BF-255,,0.16662420623664836
SIM_012,293,PAIR_00293,BM-226,BM-229,BM-229,,0.3156100905346744
SIM_012,294,PAIR_00294,BM-237,BM-219,BM-237,,0.28245398664576415
SIM_012,295,PAIR_00295,BF-242,BM-212,BF-242,,0.7132151985625615
SIM_012,296,PAIR_00296,BM-225,BM-227,BM-225,,0.37526396834976317
SIM_012,297,PAIR_00297,BM-214,BM-221,BM-221,,0.5154475086916739
SIM_012,298,PAIR_00298,BM-218,BM-236,BM-236,,0.4150461190579815
SIM_012,299,PAIR_00299,BM-211,BM-213,BM-211,,0.9040228264809127
SIM_012,300,PAIR_00300,BF-007,BM-239,BM-239,,0.6754730993723337
SIM_013,1,PAIR_00001,BM-216,BM-221,BM-216,,0.47930386809454184
SIM_013,2,PAIR_00002,BM-239,BM-228,BM-228,,0.4065123944074379
SIM_013,3,PAIR_00003,BF-007,BM-229,BF-007,,0.620007354928767
SIM_013,4,PAIR_00004,BM-212,BM-227,BM-227,,0.055751477219154306
SIM_013,5,PAIR_00005,BM-223,BM-222,BM-222,,0.34079984699266824
SIM_013,6,PAIR_00006,BF-242,BM-237,BM-237,,0.2920487232935015
SIM_013,7,PAIR_00007,BM-213,BM-231,BM-231,,0.3494972203862205
SIM_013,8,PAIR_00008,BM-225,BM-236,BM-225,,0.2986383072115851
SIM_013,9,PAIR_00009,BM-226,BM-215,BM-215,,0.3446500059286485
SIM_013,10,PAIR_00010,BM-218,BM-211,BM-211,,0.48471308048957706
SIM_013,11,PAIR_00011,BM-219,BM-217,BM-219,,0.836284111455051
SIM_013,12,PAIR_00012,BM-214,BM-224,BM-214,,0.7285212378857929
SIM_013,13,PAIR_00013,BF-255,BM-215,BF-255,,0.7439676574531842
SIM_013,14,PAIR_00014,BM-222,BM-236,BM-236,,0.47619298251945674
SIM_013,15,PAIR_00015,BM-224,BF-007,BF-007,,0.2379394939340924
SIM_013,16,PAIR_00016,BM-228,BM-223,BM-228,,0.37345215256477066
SIM_013,17,PAIR_00017,BM-221,BM-231,BM-221,,0.6785159906769078
SIM_013,18,PAIR_00018,BM-212,BF-255,BF-255,,0.06288570486356526
SIM_013,19,PAIR_00019,BM-213,BM-229,BM-229,,0.24650926495140532
SIM_013,20,PAIR_00020,BF-242,BM-214,BM-214,,0.23724843950996033
SIM_013,21,PAIR_00021,BM-218,BM-227,BM-227,,0.5002369183711579
SIM_013,22,PAIR_00022,BM-219,BM-211,BM-211,,0.459396414456364
SIM_013,23,PAIR_00023,BM-216,BM-239,BM-216,,0.6014538878382059
SIM_013,24,PAIR_00024,BM-225,BM-226,BM-225,,0.7904488994507026
SIM_013,25,PAIR_00025,BM-217,BM-237,BM-237,,0.3321416766402924
SIM_013,26,PAIR_00026,BM-228,BF-242,BM-228,,0.7290994168484117
SIM_013,27,PAIR_00027,BM-226,BF-007,BF-007,,0.22035484969150645
SIM_013,28,PAIR_00028,BM-218,BM-216,BM-218,,0.7101677973349876
SIM_013,29,PAIR_00029,BM-237,BM-213,BM-213,,0.7590814226534237
SIM_013,30,PAIR_00030,BM-231,BM-236,BM-236,,0.12971614300494108
SIM_013,31,PAIR_00031,BM-211,BM-225,BM-211,,0.6391816251210418
SIM_013,32,PAIR_00032,BM-224,BM-229,BM-224,,0.3375055782864029
SIM_013,33,PAIR_00033,BM-221,BM-219,BM-221,,0.3292097878666537
SIM_013,34,PAIR_00034,BM-215,BM-214,BM-215,,0.3907685043566045
SIM_013,35,PAIR_00035,BM-239,BM-223,BM-223,,0.2899067120138933
SIM_013,36,PAIR_00036,BM-217,BF-255,BF-255,,0.16749368987613308
SIM_013,37,PAIR_00037,BM-222,BM-212,BM-222,,0.9559877205776918
SIM_013,38,PAIR_00038,BM-236,BM-227,BM-236,,0.5851839412783998
SIM_013,39,PAIR_00039,BM-217,BM-214,BM-214,,0.27271634835576414
SIM_013,40,PAIR_00040,BF-255,BM-226,BM-226,,0.8467498546318379
SIM_013,41,PAIR_00041,BM-229,BM-216,BM-216,,0.458083311976373
SIM_013,42,PAIR_00042,BM-211,BM-224,BM-211,,0.8581315487375101
SIM_013,43,PAIR_00043,BM-219,BM-231,BM-219,,0.8113370505696746
SIM_013,44,PAIR_00044,BM-218,BM-215,BM-218,,0.7677483569731899
SIM_013,45,PAIR_00045,BM-228,BM-237,BM-228,,0.5261270737795799
SIM_013,46,PAIR_00046,BM-221,BM-223,BM-223,,0.4009571315095831
SIM_013,47,PAIR_00047,BM-227,BM-213,BM-213,,0.898496525351987
SIM_013,48,PAIR_00048,BM-225,BM-212,BM-225,,0.9105025016100444
SIM_013,49,PAIR_00049,BF-007,BM-222,BM-222,,0.3052281205908015
SIM_013,50,PAIR_00050,BM-239,BF-242,BM-239,,0.6483185302283063
SIM_013,51,PAIR_00051,BM-214,BF-007,BF-007,,0.4558957557008482
SIM_013,52,PAIR_00052,BM-216,BM-212,BM-216,,0.8737173229181733
SIM_013,53,PAIR_00053,BM-223,BM-227,BM-223,,0.3986865182977619
SIM_013,54,PAIR_00054,BM-217,BM-231,BM-217,,0.45707731145428465
SIM_013,55,PAIR_00055,BF-242,BM-226,BF-242,,0.4797357297054694
SIM_013,56,PAIR_00056,BM-221,BM-239,BM-239,,0.6211326493727066
SIM_013,57,PAIR_00057,BM-228,BM-218,BM-218,,0.2830619035400725
SIM_013,58,PAIR_00058,BM-222,BM-225,BM-222,,0.6810258985706044
SIM_013,59,PAIR_00059,BM-229,BM-215,BM-229,,0.5327978943713936
SIM_013,60,PAIR_00060,BM-236,BM-211,BM-211,,0.5700307524616257
SIM_013,61,PAIR_00061,BF-255,BM-237,BM-237,,0.7119719570816829
SIM_013,62,PAIR_00062,BM-219,BM-213,BM-219,,0.8889412139677642
SIM_013,63,PAIR_00063,BF-242,BM-224,BM-224,,0.45494959516696887
SIM_013,64,PAIR_00064,BM-229,BM-237,BM-229,,0.49241736101051403
SIM_013,65,PAIR_00065,BM-226,BM-227,BM-227,,0.13736703098829836
SIM_013,66,PAIR_00066,BM-215,BM-216,BM-215,,0.42569403475889667
SIM_013,67,PAIR_00067,BM-213,BM-214,BM-214,,0.19309558203895444
SIM_013,68,PAIR_00068,BM-222,BM-217,BM-217,,0.8787115543332452
SIM_013,69,PAIR_00069,BM-225,BM-218,BM-225,,0.3750418211636877
SIM_013,70,PAIR_00070,BM-223,BF-007,BM-223,,0.54060842380539
SIM_013,71,PAIR_00071,BM-239,BM-211,BM-211,,0.20279883241704552
SIM_013,72,PAIR_00072,BM-236,BF-255,BF-255,,0.6158783457170887
SIM_013,73,PAIR_00073,BM-212,BM-219,BM-219,,0.061293611521879086
SIM_013,74,PAIR_00074,BM-231,BM-228,BM-228,,0.3472830018189138
SIM_013,75,PAIR_00075,BM-224,BM-221,BM-221,,0.28387450638342465
SIM_013,76,PAIR_00076,BM-221,BF-242,BM-221,,0.7513854013975068
SIM_013,77,PAIR_00077,BM-222,BM-219,BM-219,,0.5864840223325505
SIM_013,78,PAIR_00078,BM-224,BM-226,BM-226,,0.5248769766578227
SIM_013,79,PAIR_00079,BM-212,BM-214,BM-214,,0.11116701969697171
SIM_013,80,PAIR_00080,BF-007,BM-237,BF-007,,0.6128354244491387
SIM_013,81,PAIR_00081,BM-211,BM-217,BM-211,,0.8573691371982063
SIM_013,82,PAIR_00082,BM-228,BM-225,BM-225,,0.39683344870518444
SIM_013,83,PAIR_00083,BM-213,BM-216,BM-213,,0.21663610038712067
SIM_013,84,PAIR_00084,BM-223,BM-215,BM-215,,0.6864881778517896
SIM_013,85,PAIR_00085,BM-231,BM-227,BM-227,,0.17373565313266423
SIM_013,86,PAIR_00086,BM-239,BF-255,BF-255,,0.23527180306944467
SIM_013,87,PAIR_00087,BM-229,BM-236,BM-236,,0.19664388366947144
SIM_013,88,PAIR_00088,BM-219,BM-218,BM-219,,0.4746203209194756
SIM_013,89,PAIR_00089,BM-229,BM-214,BM-214,,0.4224551616355219
SIM_013,90,PAIR_00090,BM-213,BM-221,BM-213,,0.20290916874714177
SIM_013,91,PAIR_00091,BM-224,BM-215,BM-224,,0.36747839029831664
SIM_013,92,PAIR_00092,BM-212,BM-226,BM-212,,0.27048711097929706
SIM_013,93,PAIR_00093,BM-237,BM-227,BM-227,,0.2625068189721848
SIM_013,94,PAIR_00094,BM-217,BF-242,BM-217,,0.5465994159293619
SIM_013,95,PAIR_00095,BM-223,BM-218,BM-218,,0.3984593490577611
SIM_013,96,PAIR_00096,BF-255,BM-216,BM-216,,0.682926223091502
SIM_013,97,PAIR_00097,BM-222,BM-211,BM-211,,0.5465340657043668
SIM_013,98,PAIR_00098,BM-231,BF-007,BF-007,,0.271772807943265
SIM_013,99,PAIR_00099,BM-239,BM-225,BM-239,,0.31065077989289125
SIM_013,100,PAIR_00100,BM-228,BM-236,BM-236,,0.2188351921913676
SIM_013,101,PAIR_00101,BM-211,BM-226,BM-211,,0.8698289600678419
SIM_013,102,PAIR_00102,BF-007,BM-219,BF-007,,0.38388872519658374
SIM_013,103,PAIR_00103,BM-236,BM-214,BM-236,,0.7492659043913402
SIM_013,104,PAIR_00104,BF-242,BM-213,BM-213,,0.5651758931159829
SIM_013,105,PAIR_00105,BF-255,BM-222,BM-222,,0.40690134004113265
SIM_013,106,PAIR_00106,BM-212,BM-218,BM-218,,0.05570160960137181
SIM_013,107,PAIR_00107,BM-231,BM-215,BM-215,,0.4098254623839697
SIM_013,108,PAIR_00108,BM-228,BM-227,BM-227,,0.2832542619174882
SIM_013,109,PAIR_00109,BM-223,BM-216,BM-223,,0.6187652185868557
SIM_013,110,PAIR_00110,BM-237,BM-239,BM-237,,0.5680251532244893
SIM_013,111,PAIR_00111,BM-229,BM-225,BM-225,,0.36502653811052327
SIM_013,112,PAIR_00112,BM-224,BM-217,BM-217,,0.4984378712552536
SIM_013,113,PAIR_00113,BM-225,BM-221,BM-225,,0.5751073295424118
SIM_013,114,PAIR_00114,BM-214,BM-231,BM-214,,0.6918473256643518
SIM_013,115,PAIR_00115,BM-229,BM-223,BM-229,,0.34245527804465553
SIM_013,116,PAIR_00116,BF-242,BM-215,BM-215,,0.32656960876884994
SIM_013,117,PAIR_00117,BM-213,BM-226,BM-226,,0.4150088421278394
SIM_013,118,PAIR_00118,BM-216,BM-219,BM-219,,0.3111832951396571
SIM_013,119,PAIR_00119,BM-237,BM-222,BM-222,,0.217248963876395
SIM_013,120,PAIR_00120,BM-211,BM-221,BM-221,,0.7056882563938565
SIM_013,121,PAIR_00121,BM-217,BM-228,BM-228,,0.30935894027404387
SIM_013,122,PAIR_00122,BM-212,BM-224,BM-224,,0.2512902538392436
SIM_013,123,PAIR_00123,BM-239,BM-218,BM-218,,0.21286764940304412
SIM_013,124,PAIR_00124,BM-227,BF-255,BM-227,,0.53195615808631
SIM_013,125,PAIR_00125,BM-236,BF-007,BM-236,,0.7145985761171072
SIM_013,126,PAIR_00126,BM-223,BM-211,BM-211,,0.3838933329441322
SIM_013,127,PAIR_00127,BM-231,BM-212,BM-231,,0.7807608319292152
SIM_013,128,PAIR_00128,BM-219,BM-214,BM-219,,0.6569995404963171
SIM_013,129,PAIR_00129,BM-236,BF-242,BM-236,,0.9057254918377985
SIM_013,130,PAIR_00130,BM-213,BM-222,BM-222,,0.08095655714746094
SIM_013,131,PAIR_00131,BM-226,BM-221,BM-226,,0.2640714551215016
SIM_013,132,PAIR_00132,BF-007,BF-255,BF-255,,0.3903754955686164
SIM_013,133,PAIR_00133,BM-216,BM-237,BM-237,,0.5343777554152823
SIM_013,134,PAIR_00134,BM-239,BM-217,BM-239,,0.6046112198850913
SIM_013,135,PAIR_00135,BM-215,BM-225,BM-225,,0.3351477454818891
SIM_013,136,PAIR_00136,BM-229,BM-218,BM-218,,0.25649614064364357
SIM_013,137,PAIR_00137,BM-224,BM-227,BM-227,,0.14959987243631057
SIM_013,138,PAIR_00138,BM-228,BF-007,BF-007,,0.41225696256436
SIM_013,139,PAIR_00139,BM-216,BM-236,BM-236,,0.2245504545236615
SIM_013,140,PAIR_00140,BM-218,BM-217,BM-218,,0.8497244999092971
SIM_013,141,PAIR_00141,BM-231,BM-229,BM-231,,0.37846534003523
SIM_013,142,PAIR_00142,BM-237,BM-214,BM-237,,0.42987286313774875
SIM_013,143,PAIR_00143,BF-242,BM-227,BM-227,,0.12803625194772436
SIM_013,144,PAIR_00144,BM-219,BM-224,BM-219,,0.8371378204852085
SIM_013,145,PAIR_00145,BM-211,BF-255,BM-211,,0.5473857435404343
SIM_013,146,PAIR_00146,BM-225,BM-223,BM-223,,0.4753304079297246
SIM_013,147,PAIR_00147,BM-222,BM-221,BM-222,,0.7429218072548591
SIM_013,148,PAIR_00148,BM-212,BM-213,BM-213,,0.343247453131141
SIM_013,149,PAIR_00149,BM-239,BM-226,BM-226,,0.6296124959858393
SIM_013,150,PAIR_00150,BM-228,BM-215,BM-228,,0.5661884331139478
SIM_013,151,PAIR_00151,BM-226,BM-231,BM-231,,0.43095568282384794
SIM_013,152,PAIR_00152,BM-217,BM-227,BM-227,,0.15039655126629822
SIM_013,153,PAIR_00153,BM-239,BM-236,BM-236,,0.1609915146051335
SIM_013,154,PAIR_00154,BF-255,BM-229,BF-255,,0.7181520469739519
SIM_013,155,PAIR_00155,BM-237,BM-223,BM-223,,0.3493178947989133
SIM_013,156,PAIR_00156,BM-224,BM-225,BM-224,,0.22652408676368152
SIM_013,157,PAIR_00157,BM-222,BF-242,BM-222,,0.8972674817394369
SIM_013,158,PAIR_00158,BM-211,BM-215,BM-211,,0.778476014177606
SIM_013,159,PAIR_00159,BM-214,BM-228,BM-228,,0.5443249145087194
SIM_013,160,PAIR_00160,BF-007,BM-212,BF-007,,0.9051455603350077
SIM_013,161,PAIR_00161,BM-221,BM-218,BM-221,,0.3071734138642074
SIM_013,162,PAIR_00162,BM-213,BM-215,BM-215,,0.27171535970268296
SIM_013,163,PAIR_00163,BM-222,BM-216,BM-222,,0.7584210486984893
SIM_013,164,PAIR_00164,BM-226,BM-219,BM-226,,0.14973582300182697
SIM_013,165,PAIR_00165,BF-242,BM-219,BM-219,,0.1397009443711754
SIM_013,166,PAIR_00166,BM-239,BM-212,BM-212,,0.8209368081505211
SIM_013,167,PAIR_00167,BM-224,BM-231,BM-224,,0.455527110474699
SIM_013,168,PAIR_00168,BF-255,BM-221,BF-255,,0.664724591609599
SIM_013,169,PAIR_00169,BM-214,BM-211,BM-211,,0.3073102650961119
SIM_013,170,PAIR_00170,BM-225,BM-237,BM-225,,0.6279144817815363
SIM_013,171,PAIR_00171,BM-236,BM-223,BM-236,,0.6802741559998849
SIM_013,172,PAIR_00172,BM-217,BM-229,BM-217,,0.33890413853700446
SIM_013,173,PAIR_00173,BM-227,BM-216,BM-216,,0.7099726993206014
SIM_013,174,PAIR_00174,BM-213,BM-228,BM-228,,0.22231027439100884
SIM_013,175,PAIR_00175,BM-218,BF-007,BF-007,,0.6398425641938011
SIM_013,176,PAIR_00176,BM-216,BF-007,BM-216,,0.4203057864236588
SIM_013,177,PAIR_00177,BM-226,BM-217,BM-226,,0.47356500376324917
SIM_013,178,PAIR_00178,BF-255,BM-219,BF-255,,0.4931652408467495
SIM_013,179,PAIR_00179,BM-223,BM-231,BM-231,,0.7592256577132775
SIM_013,180,PAIR_00180,BM-213,BM-239,BM-239,,0.2944534790660408
SIM_013,181,PAIR_00181,BM-214,BM-227,BM-227,,0.3206884215984604
SIM_013,182,PAIR_00182,BM-212,BM-237,BM-237,,0.1422769554917922
SIM_013,183,PAIR_00183,BM-218,BM-224,BM-218,,0.8505206503266772
SIM_013,184,PAIR_00184,BM-228,BM-222,BM-222,,0.23556193822118957
SIM_013,185,PAIR_00185,BF-242,BM-225,BM-225,,0.19643367405875783
SIM_013,186,PAIR_00186,BM-215,BM-221,BM-221,,0.40557872439933085
SIM_013,187,PAIR_00187,BM-229,BM-211,BM-229,,0.2450060041102735
SIM_013,188,PAIR_00188,BM-236,BM-215,BM-236,,0.8232878750346994
SIM_013,189,PAIR_00189,BM-217,BM-236,BM-236,,0.11149254937650074
SIM_013,190,PAIR_00190,BM-213,BF-007,BF-007,,0.1670199276460357
SIM_013,191,PAIR_00191,BF-242,BM-223,BF-242,,0.181310561075186
SIM_013,192,PAIR_00192,BM-212,BM-211,BM-211,,0.05257037532846488
SIM_013,193,PAIR_00193,BM-224,BM-216,BM-224,,0.30101034586316194
SIM_013,194,PAIR_00194,BM-228,BM-229,BM-228,,0.5336830207039965
SIM_013,195,PAIR_00195,BM-237,BM-226,BM-237,,0.6909048845448961
SIM_013,196,PAIR_00196,BM-218,BF-255,BM-218,,0.5321921015517458
SIM_013,197,PAIR_00197,BM-221,BM-227,BM-227,,0.3073751326137769
SIM_013,198,PAIR_00198,BM-219,BM-225,BM-225,,0.6008579426588972
SIM_013,199,PAIR_00199,BM-239,BM-214,BM-239,,0.36443452115951475
SIM_013,200,PAIR_00200,BM-231,BM-222,BM-222,,0.14085935233764144
SIM_013,201,PAIR_00201,BM-215,BM-217,BM-217,,0.6310680135639577
SIM_013,202,PAIR_00202,BM-222,BM-224,BM-222,,0.8793759336275948
SIM_013,203,PAIR_00203,BF-255,BM-214,BM-214,,0.6508120994774664
SIM_013,204,PAIR_00204,BM-228,BM-219,BM-219,,0.3041278356745797
SIM_013,205,PAIR_00205,BM-229,BM-221,BM-221,,0.437603698557496
SIM_013,206,PAIR_00206,BM-226,BM-218,BM-218,,0.13725477278924952
SIM_013,207,PAIR_00207,BM-225,BM-216,BM-225,,0.5952114627748064
SIM_013,208,PAIR_00208,BM-211,BM-237,BM-211,,0.7493397780868819
SIM_013,209,PAIR_00209,BM-239,BM-231,BM-239,,0.5628167694682431
SIM_013,210,PAIR_00210,BM-213,BM-236,BM-236,,0.07414322575223149
SIM_013,211,PAIR_00211,BF-007,BF-242,BF-007,,0.793261986734821
SIM_013,212,PAIR_00212,BM-212,BM-223,BM-223,,0.08176947027292372
SIM_013,213,PAIR_00213,BM-227,BM-211,BM-227,,0.48447638700912915
SIM_013,214,PAIR_00214,BM-216,BM-217,BM-216,,0.6976733103767735
SIM_013,215,PAIR_00215,BM-219,BM-227,BM-219,,0.4748566345512353
SIM_013,216,PAIR_00216,BM-214,BM-218,BM-214,,0.3204820085092622
SIM_013,217,PAIR_00217,BM-237,BM-215,BM-215,,0.5403404035999196
SIM_013,218,PAIR_00218,BM-236,BM-226,BM-236,,0.8985689276258495
SIM_013,219,PAIR_00219,BM-224,BM-228,BM-224,,0.30802549607309854
SIM_013,220,PAIR_00220,BM-231,BF-242,BF-242,,0.5888115508887632
SIM_013,221,PAIR_00221,BM-225,BF-255,BM-225,,0.4057168439867916
SIM_013,222,PAIR_00222,BM-221,BF-007,BM-221,,0.44061009653969924
SIM_013,223,PAIR_00223,BM-212,BM-229,BM-229,,0.1460189214358076
SIM_013,224,PAIR_00224,BM-222,BM-239,BM-239,,0.8257166177944669
SIM_013,225,PAIR_00225,BM-223,BM-213,BM-223,,0.8544189721459678
SIM_013,226,PAIR_00226,BM-221,BM-228,BM-221,,0.5289567135647587
SIM_013,227,PAIR_00227,BM-215,BF-007,BF-007,,0.34956322046724636
SIM_013,228,PAIR_00228,BF-255,BM-231,BF-255,,0.8071163599244839
SIM_013,229,PAIR_00229,BM-219,BM-223,BM-219,,0.5769542374218426
SIM_013,230,PAIR_00230,BM-218,BM-213,BM-218,,0.8985829210390318
SIM_013,231,PAIR_00231,BM-226,BM-216,BM-226,,0.2804800925353363
SIM_013,232,PAIR_00232,BM-225,BM-214,BM-214,,0.5599379861217109
SIM_013,233,PAIR_00233,BM-227,BM-229,BM-229,,0.7433230907449867
SIM_013,234,PAIR_00234,BM-224,BM-239,BM-239,,0.3938960078122809
SIM_013,235,PAIR_00235,BM-212,BM-217,BM-217,,0.2501164607503142
SIM_013,236,PAIR_00236,BM-236,BM-237,BM-237,,0.7985201491919167
SIM_013,237,PAIR_00237,BM-211,BF-242,BM-211,,0.8787396547598036
SIM_013,238,PAIR_00238,BM-218,BM-222,BM-218,,0.43835442419306125
SIM_013,239,PAIR_00239,BM-227,BM-222,BM-222,,0.4381211207784558
SIM_013,240,PAIR_00240,BM-229,BF-242,BM-229,,0.7016404399947652
SIM_013,241,PAIR_00241,BM-211,BM-231,BM-211,,0.8350011035534172
SIM_013,242,PAIR_00242,BM-213,BM-225,BM-225,,0.15830018632255818
SIM_013,243,PAIR_00243,BM-228,BF-255,BF-255,,0.3099448578523684
SIM_013,244,PAIR_00244,BM-223,BM-226,BM-226,,0.8063385161216202
SIM_013,245,PAIR_00245,BM-212,BM-215,BM-212,,0.1631748808952223
SIM_013,246,PAIR_00246,BM-221,BM-237,BM-221,,0.5549175947981636
SIM_013,247,PAIR_00247,BM-219,BM-239,BM-239,,0.7696116648813172
SIM_013,248,PAIR_00248,BM-216,BM-214,BM-214,,0.46390252138950805
SIM_013,249,PAIR_00249,BM-236,BM-224,BM-236,,0.8891249417513256
SIM_013,250,PAIR_00250,BM-217,BF-007,BF-007,,0.23907435981385444
SIM_013,251,PAIR_00251,BM-212,BM-228,BM-228,,0.1299829775347618
SIM_013,252,PAIR_00252,BM-217,BM-225,BM-225,,0.22762076888279198
SIM_013,253,PAIR_00253,BM-236,BM-219,BM-236,,0.6093901347663366
SIM_013,254,PAIR_00254,BM-218,BF-242,BM-218,,0.872069511853059
SIM_013,255,PAIR_00255,BM-226,BM-214,BM-214,,0.2522358602332104
SIM_013,256,PAIR_00256,BF-255,BM-213,BF-255,,0.886213166818921
SIM_013,257,PAIR_00257,BM-227,BM-239,BM-227,,0.7869735199346419
SIM_013,258,PAIR_00258,BM-229,BM-222,BM-222,,0.21213505355168763
SIM_013,259,PAIR_00259,BM-224,BM-223,BM-223,,0.20968887622430654
SIM_013,260,PAIR_00260,BM-216,BM-231,BM-231,,0.6601871626425073
SIM_013,261,PAIR_00261,BM-211,BF-007,BM-211,,0.6538142109888488
SIM_013,262,PAIR_00262,BM-215,BM-222,BM-215,,0.19100644193377725
SIM_013,263,PAIR_00263,BM-237,BM-218,BM-218,,0.2623233935218685
SIM_013,264,PAIR_00264,BM-221,BM-217,BM-217,,0.7148535166790715
SIM_013,265,PAIR_00265,BM-231,BM-237,BM-231,,0.3713569069910973
SIM_013,266,PAIR_00266,BM-228,BM-226,BM-228,,0.7127866217890074
SIM_013,267,PAIR_00267,BM-236,BM-221,BM-236,,0.7606981020969623
SIM_013,268,PAIR_00268,BM-239,BM-215,BM-215,,0.4720079919409225
SIM_013,269,PAIR_00269,BM-216,BM-211,BM-211,,0.27740590065037546
SIM_013,270,PAIR_00270,BF-255,BF-242,BF-255,,0.8569806375300371
SIM_013,271,PAIR_00271,BM-223,BM-214,BM-214,,0.5841101020402096
SIM_013,272,PAIR_00272,BM-225,BF-007,BM-225,,0.5160029583577592
SIM_013,273,PAIR_00273,BM-229,BM-219,BM-219,,0.2763470748582293
SIM_013,274,PAIR_00274,BM-213,BM-224,BM-224,,0.3910532598856224
SIM_013,275,PAIR_00275,BF-007,BM-227,BM-227,,0.3603758504743594
SIM_013,276,PAIR_00276,BM-236,BM-212,BM-236,,0.959827717024812
SIM_013,277,PAIR_00277,BM-237,BM-224,BM-224,,0.6692429390672207
SIM_013,278,PAIR_00278,BF-242,BM-216,BF-242,,0.2644078645825088
SIM_013,279,PAIR_00279,BM-215,BM-227,BM-215,,0.23242066634806705
SIM_013,280,PAIR_00280,BM-212,BM-221,BM-221,,0.11742272550174405
SIM_013,281,PAIR_00281,BM-231,BM-225,BM-225,,0.25928649124739844
SIM_013,282,PAIR_00282,BM-226,BM-222,BM-222,,0.11045284726338489
SIM_013,283,PAIR_00283,BM-217,BM-213,BM-217,,0.6104336905348509
SIM_013,284,PAIR_00284,BM-239,BM-229,BM-229,,0.4394325204751498
SIM_013,285,PAIR_00285,BF-255,BM-223,BF-255,,0.5702673104810158
SIM_013,286,PAIR_00286,BM-228,BM-211,BM-211,,0.27081518045009806
SIM_013,287,PAIR_00287,BM-222,BM-214,BM-222,,0.7309407531975411
SIM_013,288,PAIR_00288,BM-219,BM-215,BM-215,,0.7491406879013857
SIM_013,289,PAIR_00289,BM-218,BM-231,BM-218,,0.8264003448400584
SIM_013,290,PAIR_00290,BM-223,BM-217,BM-223,,0.7892737414758372
SIM_013,291,PAIR_00291,BM-216,BM-228,BM-228,,0.5082804312428928
SIM_013,292,PAIR_00292,BM-224,BF-255,BF-255,,0.16662420623664836
SIM_013,293,PAIR_00293,BM-226,BM-229,BM-229,,0.3156100905346744
SIM_013,294,PAIR_00294,BM-237,BM-219,BM-219,,0.28245398664576415
SIM_013,295,PAIR_00295,BF-242,BM-212,BM-212,,0.7132151985625615
SIM_013,296,PAIR_00296,BM-225,BM-227,BM-225,,0.37526396834976317
SIM_013,297,PAIR_00297,BM-214,BM-221,BM-214,,0.5154475086916739
SIM_013,298,PAIR_00298,BM-218,BM-236,BM-236,,0.4150461190579815
SIM_013,299,PAIR_00299,BM-211,BM-213,BM-211,,0.9040228264809127
SIM_013,300,PAIR_00300,BF-007,BM-239,BM-239,,0.6754730993723337
SIM_014,1,PAIR_00001,BM-216,BM-221,BM-216,,0.47930386809454184
SIM_014,2,PAIR_00002,BM-239,BM-228,BM-228,,0.4065123944074379
SIM_014,3,PAIR_00003,BF-007,BM-229,BF-007,,0.620007354928767
SIM_014,4,PAIR_00004,BM-212,BM-227,BM-227,,0.055751477219154306
SIM_014,5,PAIR_00005,BM-223,BM-222,BM-222,,0.34079984699266824
SIM_014,6,PAIR_00006,BF-242,BM-237,BF-242,,0.2920487232935015
SIM_014,7,PAIR_00007,BM-213,BM-231,BM-231,,0.3494972203862205
SIM_014,8,PAIR_00008,BM-225,BM-236,BM-236,,0.2986383072115851
SIM_014,9,PAIR_00009,BM-226,BM-215,BM-226,,0.3446500059286485
SIM_014,10,PAIR_00010,BM-218,BM-211,BM-211,,0.48471308048957706
SIM_014,11,PAIR_00011,BM-219,BM-217,BM-219,,0.836284111455051
SIM_014,12,PAIR_00012,BM-214,BM-224,BM-214,,0.7285212378857929
SIM_014,13,PAIR_00013,BF-255,BM-215,BF-255,,0.7439676574531842
SIM_014,14,PAIR_00014,BM-222,BM-236,BM-222,,0.47619298251945674
SIM_014,15,PAIR_00015,BM-224,BF-007,BF-007,,0.2379394939340924
SIM_014,16,PAIR_00016,BM-228,BM-223,BM-228,,0.37345215256477066
SIM_014,17,PAIR_00017,BM-221,BM-231,BM-221,,0.6785159906769078
SIM_014,18,PAIR_00018,BM-212,BF-255,BF-255,,0.06288570486356526
SIM_014,19,PAIR_00019,BM-213,BM-229,BM-229,,0.24650926495140532
SIM_014,20,PAIR_00020,BF-242,BM-214,BM-214,,0.23724843950996033
SIM_014,21,PAIR_00021,BM-218,BM-227,BM-218,,0.5002369183711579
SIM_014,22,PAIR_00022,BM-219,BM-211,BM-219,,0.459396414456364
SIM_014,23,PAIR_00023,BM-216,BM-239,BM-216,,0.6014538878382059
SIM_014,24,PAIR_00024,BM-225,BM-226,BM-225,,0.7904488994507026
SIM_014,25,PAIR_00025,BM-217,BM-237,BM-237,,0.3321416766402924
SIM_014,26,PAIR_00026,BM-228,BF-242,BM-228,,0.7290994168484117
SIM_014,27,PAIR_00027,BM-226,BF-007,BF-007,,0.22035484969150645
SIM_014,28,PAIR_00028,BM-218,BM-216,BM-218,,0.7101677973349876
SIM_014,29,PAIR_00029,BM-237,BM-213,BM-237,,0.7590814226534237
SIM_014,30,PAIR_00030,BM-231,BM-236,BM-236,,0.12971614300494108
SIM_014,31,PAIR_00031,BM-211,BM-225,BM-211,,0.6391816251210418
SIM_014,32,PAIR_00032,BM-224,BM-229,BM-229,,0.3375055782864029
SIM_014,33,PAIR_00033,BM-221,BM-219,BM-219,,0.3292097878666537
SIM_014,34,PAIR_00034,BM-215,BM-214,BM-215,,0.3907685043566045
SIM_014,35,PAIR_00035,BM-239,BM-223,BM-223,,0.2899067120138933
SIM_014,36,PAIR_00036,BM-217,BF-255,BF-255,,0.16749368987613308
SIM_014,37,PAIR_00037,BM-222,BM-212,BM-222,,0.9559877205776918
SIM_014,38,PAIR_00038,BM-236,BM-227,BM-227,,0.5851839412783998
SIM_014,39,PAIR_00039,BM-217,BM-214,BM-214,,0.27271634835576414
SIM_014,40,PAIR_00040,BF-255,BM-226,BF-255,,0.8467498546318379
SIM_014,41,PAIR_00041,BM-229,BM-216,BM-216,,0.458083311976373
SIM_014,42,PAIR_00042,BM-211,BM-224,BM-211,,0.8581315487375101
SIM_014,43,PAIR_00043,BM-219,BM-231,BM-219,,0.8113370505696746
SIM_014,44,PAIR_00044,BM-218,BM-215,BM-218,,0.7677483569731899
SIM_014,45,PAIR_00045,BM-228,BM-237,BM-237,,0.5261270737795799
SIM_014,46,PAIR_00046,BM-221,BM-223,BM-221,,0.4009571315095831
SIM_014,47,PAIR_00047,BM-227,BM-213,BM-227,,0.898496525351987
SIM_014,48,PAIR_00048,BM-225,BM-212,BM-225,,0.9105025016100444
SIM_014,49,PAIR_00049,BF-007,BM-222,BM-222,,0.3052281205908015
SIM_014,50,PAIR_00050,BM-239,BF-242,BM-239,,0.6483185302283063
SIM_014,51,PAIR_00051,BM-214,BF-007,BF-007,,0.4558957557008482
SIM_014,52,PAIR_00052,BM-216,BM-212,BM-216,,0.8737173229181733
SIM_014,53,PAIR_00053,BM-223,BM-227,BM-227,,0.3986865182977619
SIM_014,54,PAIR_00054,BM-217,BM-231,BM-231,,0.45707731145428465
SIM_014,55,PAIR_00055,BF-242,BM-226,BF-242,,0.4797357297054694
SIM_014,56,PAIR_00056,BM-221,BM-239,BM-221,,0.6211326493727066
SIM_014,57,PAIR_00057,BM-228,BM-218,BM-218,,0.2830619035400725
SIM_014,58,PAIR_00058,BM-222,BM-225,BM-222,,0.6810258985706044
SIM_014,59,PAIR_00059,BM-229,BM-215,BM-229,,0.5327978943713936
SIM_014,60,PAIR_00060,BM-236,BM-211,BM-236,,0.5700307524616257
SIM_014,61,PAIR_00061,BF-255,BM-237,BF-255,,0.7119719570816829
SIM_014,62,PAIR_00062,BM-219,BM-213,BM-219,,0.8889412139677642
SIM_014,63,PAIR_00063,BF-242,BM-224,BF-242,,0.45494959516696887
SIM_014,64,PAIR_00064,BM-229,BM-237,BM-229,,0.49241736101051403
SIM_014,65,PAIR_00065,BM-226,BM-227,BM-227,,0.13736703098829836
SIM_014,66,PAIR_00066,BM-215,BM-216,BM-215,,0.42569403475889667
SIM_014,67,PAIR_00067,BM-213,BM-214,BM-213,,0.19309558203895444
SIM_014,68,PAIR_00068,BM-222,BM-217,BM-222,,0.8787115543332452
SIM_014,69,PAIR_00069,BM-225,BM-218,BM-218,,0.3750418211636877
SIM_014,70,PAIR_00070,BM-223,BF-007,BF-007,,0.54060842380539
SIM_014,71,PAIR_00071,BM-239,BM-211,BM-211,,0.20279883241704552
SIM_014,72,PAIR_00072,BM-236,BF-255,BM-236,,0.6158783457170887
SIM_014,73,PAIR_00073,BM-212,BM-219,BM-219,,0.061293611521879086
SIM_014,74,PAIR_00074,BM-231,BM-228,BM-231,,0.3472830018189138
SIM_014,75,PAIR_00075,BM-224,BM-221,BM-221,,0.28387450638342465
SIM_014,76,PAIR_00076,BM-221,BF-242,BF-242,,0.7513854013975068
SIM_014,77,PAIR_00077,BM-222,BM-219,BM-219,,0.5864840223325505
SIM_014,78,PAIR_00078,BM-224,BM-226,BM-226,,0.5248769766578227
SIM_014,79,PAIR_00079,BM-212,BM-214,BM-214,,0.11116701969697171
SIM_014,80,PAIR_00080,BF-007,BM-237,BM-237,,0.6128354244491387
SIM_014,81,PAIR_00081,BM-211,BM-217,BM-217,,0.8573691371982063
SIM_014,82,PAIR_00082,BM-228,BM-225,BM-228,,0.39683344870518444
SIM_014,83,PAIR_00083,BM-213,BM-216,BM-213,,0.21663610038712067
SIM_014,84,PAIR_00084,BM-223,BM-215,BM-223,,0.6864881778517896
SIM_014,85,PAIR_00085,BM-231,BM-227,BM-227,,0.17373565313266423
SIM_014,86,PAIR_00086,BM-239,BF-255,BF-255,,0.23527180306944467
SIM_014,87,PAIR_00087,BM-229,BM-236,BM-236,,0.19664388366947144
SIM_014,88,PAIR_00088,BM-219,BM-218,BM-218,,0.4746203209194756
SIM_014,89,PAIR_00089,BM-229,BM-214,BM-214,,0.4224551616355219
SIM_014,90,PAIR_00090,BM-213,BM-221,BM-221,,0.20290916874714177
SIM_014,91,PAIR_00091,BM-224,BM-215,BM-215,,0.36747839029831664
SIM_014,92,PAIR_00092,BM-212,BM-226,BM-226,,0.27048711097929706
SIM_014,93,PAIR_00093,BM-237,BM-227,BM-227,,0.2625068189721848
SIM_014,94,PAIR_00094,BM-217,BF-242,BM-217,,0.5465994159293619
SIM_014,95,PAIR_00095,BM-223,BM-218,BM-223,,0.3984593490577611
SIM_014,96,PAIR_00096,BF-255,BM-216,BM-216,,0.682926223091502
SIM_014,97,PAIR_00097,BM-222,BM-211,BM-211,,0.5465340657043668
SIM_014,98,PAIR_00098,BM-231,BF-007,BF-007,,0.271772807943265
SIM_014,99,PAIR_00099,BM-239,BM-225,BM-239,,0.31065077989289125
SIM_014,100,PAIR_00100,BM-228,BM-236,BM-236,,0.2188351921913676
SIM_014,101,PAIR_00101,BM-211,BM-226,BM-211,,0.8698289600678419
SIM_014,102,PAIR_00102,BF-007,BM-219,BM-219,,0.38388872519658374
SIM_014,103,PAIR_00103,BM-236,BM-214,BM-214,,0.7492659043913402
SIM_014,104,PAIR_00104,BF-242,BM-213,BM-213,,0.5651758931159829
SIM_014,105,PAIR_00105,BF-255,BM-222,BM-222,,0.40690134004113265
SIM_014,106,PAIR_00106,BM-212,BM-218,BM-218,,0.05570160960137181
SIM_014,107,PAIR_00107,BM-231,BM-215,BM-231,,0.4098254623839697
SIM_014,108,PAIR_00108,BM-228,BM-227,BM-227,,0.2832542619174882
SIM_014,109,PAIR_00109,BM-223,BM-216,BM-216,,0.6187652185868557
SIM_014,110,PAIR_00110,BM-237,BM-239,BM-237,,0.5680251532244893
SIM_014,111,PAIR_00111,BM-229,BM-225,BM-229,,0.36502653811052327
SIM_014,112,PAIR_00112,BM-224,BM-217,BM-224,,0.4984378712552536
SIM_014,113,PAIR_00113,BM-225,BM-221,BM-225,,0.5751073295424118
SIM_014,114,PAIR_00114,BM-214,BM-231,BM-214,,0.6918473256643518
SIM_014,115,PAIR_00115,BM-229,BM-223,BM-223,,0.34245527804465553
SIM_014,116,PAIR_00116,BF-242,BM-215,BF-242,,0.32656960876884994
SIM_014,117,PAIR_00117,BM-213,BM-226,BM-213,,0.4150088421278394
SIM_014,118,PAIR_00118,BM-216,BM-219,BM-219,,0.3111832951396571
SIM_014,119,PAIR_00119,BM-237,BM-222,BM-222,,0.217248963876395
SIM_014,120,PAIR_00120,BM-211,BM-221,BM-221,,0.7056882563938565
SIM_014,121,PAIR_00121,BM-217,BM-228,BM-228,,0.30935894027404387
SIM_014,122,PAIR_00122,BM-212,BM-224,BM-224,,0.2512902538392436
SIM_014,123,PAIR_00123,BM-239,BM-218,BM-218,,0.21286764940304412
SIM_014,124,PAIR_00124,BM-227,BF-255,BM-227,,0.53195615808631
SIM_014,125,PAIR_00125,BM-236,BF-007,BM-236,,0.7145985761171072
SIM_014,126,PAIR_00126,BM-223,BM-211,BM-223,,0.3838933329441322
SIM_014,127,PAIR_00127,BM-231,BM-212,BM-231,,0.7807608319292152
SIM_014,128,PAIR_00128,BM-219,BM-214,BM-219,,0.6569995404963171
SIM_014,129,PAIR_00129,BM-236,BF-242,BM-236,,0.9057254918377985
SIM_014,130,PAIR_00130,BM-213,BM-222,BM-222,,0.08095655714746094
SIM_014,131,PAIR_00131,BM-226,BM-221,BM-221,,0.2640714551215016
SIM_014,132,PAIR_00132,BF-007,BF-255,BF-255,,0.3903754955686164
SIM_014,133,PAIR_00133,BM-216,BM-237,BM-216,,0.5343777554152823
SIM_014,134,PAIR_00134,BM-239,BM-217,BM-217,,0.6046112198850913
SIM_014,135,PAIR_00135,BM-215,BM-225,BM-225,,0.3351477454818891
SIM_014,136,PAIR_00136,BM-229,BM-218,BM-218,,0.25649614064364357
SIM_014,137,PAIR_00137,BM-224,BM-227,BM-227,,0.14959987243631057
SIM_014,138,PAIR_00138,BM-228,BF-007,BF-007,,0.41225696256436
SIM_014,139,PAIR_00139,BM-216,BM-236,BM-236,,0.2245504545236615
SIM_014,140,PAIR_00140,BM-218,BM-217,BM-218,,0.8497244999092971
SIM_014,141,PAIR_00141,BM-231,BM-229,BM-229,,0.37846534003523
SIM_014,142,PAIR_00142,BM-237,BM-214,BM-237,,0.42987286313774875
SIM_014,143,PAIR_00143,BF-242,BM-227,BM-227,,0.12803625194772436
SIM_014,144,PAIR_00144,BM-219,BM-224,BM-219,,0.8371378204852085
SIM_014,145,PAIR_00145,BM-211,BF-255,BM-211,,0.5473857435404343
SIM_014,146,PAIR_00146,BM-225,BM-223,BM-225,,0.4753304079297246
SIM_014,147,PAIR_00147,BM-222,BM-221,BM-222,,0.7429218072548591
SIM_014,148,PAIR_00148,BM-212,BM-213,BM-213,,0.343247453131141
SIM_014,149,PAIR_00149,BM-239,BM-226,BM-239,,0.6296124959858393
SIM_014,150,PAIR_00150,BM-228,BM-215,BM-228,,0.5661884331139478
SIM_014,151,PAIR_00151,BM-226,BM-231,BM-231,,0.43095568282384794
SIM_014,152,PAIR_00152,BM-217,BM-227,BM-227,,0.15039655126629822
SIM_014,153,PAIR_00153,BM-239,BM-236,BM-236,,0.1609915146051335
SIM_014,154,PAIR_00154,BF-255,BM-229,BF-255,,0.7181520469739519
SIM_014,155,PAIR_00155,BM-237,BM-223,BM-223,,0.3493178947989133
SIM_014,156,PAIR_00156,BM-224,BM-225,BM-224,,0.22652408676368152
SIM_014,157,PAIR_00157,BM-222,BF-242,BM-222,,0.8972674817394369
SIM_014,158,PAIR_00158,BM-211,BM-215,BM-211,,0.778476014177606
SIM_014,159,PAIR_00159,BM-214,BM-228,BM-228,,0.5443249145087194
SIM_014,160,PAIR_00160,BF-007,BM-212,BF-007,,0.9051455603350077
SIM_014,161,PAIR_00161,BM-221,BM-218,BM-218,,0.3071734138642074
SIM_014,162,PAIR_00162,BM-213,BM-215,BM-215,,0.27171535970268296
SIM_014,163,PAIR_00163,BM-222,BM-216,BM-222,,0.7584210486984893
SIM_014,164,PAIR_00164,BM-226,BM-219,BM-219,,0.14973582300182697
SIM_014,165,PAIR_00165,BF-242,BM-219,BM-219,,0.1397009443711754
SIM_014,166,PAIR_00166,BM-239,BM-212,BM-239,,0.8209368081505211
SIM_014,167,PAIR_00167,BM-224,BM-231,BM-224,,0.455527110474699
SIM_014,168,PAIR_00168,BF-255,BM-221,BF-255,,0.664724591609599
SIM_014,169,PAIR_00169,BM-214,BM-211,BM-211,,0.3073102650961119
SIM_014,170,PAIR_00170,BM-225,BM-237,BM-225,,0.6279144817815363
SIM_014,171,PAIR_00171,BM-236,BM-223,BM-236,,0.6802741559998849
SIM_014,172,PAIR_00172,BM-217,BM-229,BM-229,,0.33890413853700446
SIM_014,173,PAIR_00173,BM-227,BM-216,BM-227,,0.7099726993206014
SIM_014,174,PAIR_00174,BM-213,BM-228,BM-228,,0.22231027439100884
SIM_014,175,PAIR_00175,BM-218,BF-007,BF-007,,0.6398425641938011
SIM_014,176,PAIR_00176,BM-216,BF-007,BF-007,,0.4203057864236588
SIM_014,177,PAIR_00177,BM-226,BM-217,BM-217,,0.47356500376324917
SIM_014,178,PAIR_00178,BF-255,BM-219,BF-255,,0.4931652408467495
SIM_014,179,PAIR_00179,BM-223,BM-231,BM-223,,0.7592256577132775
SIM_014,180,PAIR_00180,BM-213,BM-239,BM-213,,0.2944534790660408
SIM_014,181,PAIR_00181,BM-214,BM-227,BM-227,,0.3206884215984604
SIM_014,182,PAIR_00182,BM-212,BM-237,BM-237,,0.1422769554917922
SIM_014,183,PAIR_00183,BM-218,BM-224,BM-218,,0.8505206503266772
SIM_014,184,PAIR_00184,BM-228,BM-222,BM-222,,0.23556193822118957
SIM_014,185,PAIR_00185,BF-242,BM-225,BM-225,,0.19643367405875783
SIM_014,186,PAIR_00186,BM-215,BM-221,BM-215,,0.40557872439933085
SIM_014,187,PAIR_00187,BM-229,BM-211,BM-211,,0.2450060041102735
SIM_014,188,PAIR_00188,BM-236,BM-215,BM-215,,0.8232878750346994
SIM_014,189,PAIR_00189,BM-217,BM-236,BM-236,,0.11149254937650074
SIM_014,190,PAIR_00190,BM-213,BF-007,BF-007,,0.1670199276460357
SIM_014,191,PAIR_00191,BF-242,BM-223,BM-223,,0.181310561075186
SIM_014,192,PAIR_00192,BM-212,BM-211,BM-211,,0.05257037532846488
SIM_014,193,PAIR_00193,BM-224,BM-216,BM-216,,0.30101034586316194
SIM_014,194,PAIR_00194,BM-228,BM-229,BM-228,,0.5336830207039965
SIM_014,195,PAIR_00195,BM-237,BM-226,BM-237,,0.6909048845448961
SIM_014,196,PAIR_00196,BM-218,BF-255,BM-218,,0.5321921015517458
SIM_014,197,PAIR_00197,BM-221,BM-227,BM-221,,0.3073751326137769
SIM_014,198,PAIR_00198,BM-219,BM-225,BM-225,,0.6008579426588972
SIM_014,199,PAIR_00199,BM-239,BM-214,BM-214,,0.36443452115951475
SIM_014,200,PAIR_00200,BM-231,BM-222,BM-231,,0.14085935233764144
SIM_014,201,PAIR_00201,BM-215,BM-217,BM-215,,0.6310680135639577
SIM_014,202,PAIR_00202,BM-222,BM-224,BM-222,,0.8793759336275948
SIM_014,203,PAIR_00203,BF-255,BM-214,BF-255,,0.6508120994774664
SIM_014,204,PAIR_00204,BM-228,BM-219,BM-228,,0.3041278356745797
SIM_014,205,PAIR_00205,BM-229,BM-221,BM-221,,0.437603698557496
SIM_014,206,PAIR_00206,BM-226,BM-218,BM-218,,0.13725477278924952
SIM_014,207,PAIR_00207,BM-225,BM-216,BM-225,,0.5952114627748064
SIM_014,208,PAIR_00208,BM-211,BM-237,BM-211,,0.7493397780868819
SIM_014,209,PAIR_00209,BM-239,BM-231,BM-239,,0.5628167694682431
SIM_014,210,PAIR_00210,BM-213,BM-236,BM-236,,0.07414322575223149
SIM_014,211,PAIR_00211,BF-007,BF-242,BF-242,,0.793261986734821
SIM_014,212,PAIR_00212,BM-212,BM-223,BM-223,,0.08176947027292372
SIM_014,213,PAIR_00213,BM-227,BM-211,BM-227,,0.48447638700912915
SIM_014,214,PAIR_00214,BM-216,BM-217,BM-216,,0.6976733103767735
SIM_014,215,PAIR_00215,BM-219,BM-227,BM-219,,0.4748566345512353
SIM_014,216,PAIR_00216,BM-214,BM-218,BM-218,,0.3204820085092622
SIM_014,217,PAIR_00217,BM-237,BM-215,BM-237,,0.5403404035999196
SIM_014,218,PAIR_00218,BM-236,BM-226,BM-236,,0.8985689276258495
SIM_014,219,PAIR_00219,BM-224,BM-228,BM-228,,0.30802549607309854
SIM_014,220,PAIR_00220,BM-231,BF-242,BM-231,,0.5888115508887632
SIM_014,221,PAIR_00221,BM-225,BF-255,BF-255,,0.4057168439867916
SIM_014,222,PAIR_00222,BM-221,BF-007,BF-007,,0.44061009653969924
SIM_014,223,PAIR_00223,BM-212,BM-229,BM-229,,0.1460189214358076
SIM_014,224,PAIR_00224,BM-222,BM-239,BM-239,,0.8257166177944669
SIM_014,225,PAIR_00225,BM-223,BM-213,BM-223,,0.8544189721459678
SIM_014,226,PAIR_00226,BM-221,BM-228,BM-221,,0.5289567135647587
SIM_014,227,PAIR_00227,BM-215,BF-007,BF-007,,0.34956322046724636
SIM_014,228,PAIR_00228,BF-255,BM-231,BF-255,,0.8071163599244839
SIM_014,229,PAIR_00229,BM-219,BM-223,BM-223,,0.5769542374218426
SIM_014,230,PAIR_00230,BM-218,BM-213,BM-218,,0.8985829210390318
SIM_014,231,PAIR_00231,BM-226,BM-216,BM-216,,0.2804800925353363
SIM_014,232,PAIR_00232,BM-225,BM-214,BM-214,,0.5599379861217109
SIM_014,233,PAIR_00233,BM-227,BM-229,BM-227,,0.7433230907449867
SIM_014,234,PAIR_00234,BM-224,BM-239,BM-224,,0.3938960078122809
SIM_014,235,PAIR_00235,BM-212,BM-217,BM-217,,0.2501164607503142
SIM_014,236,PAIR_00236,BM-236,BM-237,BM-236,,0.7985201491919167
SIM_014,237,PAIR_00237,BM-211,BF-242,BM-211,,0.8787396547598036
SIM_014,238,PAIR_00238,BM-218,BM-222,BM-222,,0.43835442419306125
SIM_014,239,PAIR_00239,BM-227,BM-222,BM-222,,0.4381211207784558
SIM_014,240,PAIR_00240,BM-229,BF-242,BF-242,,0.7016404399947652
SIM_014,241,PAIR_00241,BM-211,BM-231,BM-211,,0.8350011035534172
SIM_014,242,PAIR_00242,BM-213,BM-225,BM-225,,0.15830018632255818
SIM_014,243,PAIR_00243,BM-228,BF-255,BF-255,,0.3099448578523684
SIM_014,244,PAIR_00244,BM-223,BM-226,BM-223,,0.8063385161216202
SIM_014,245,PAIR_00245,BM-212,BM-215,BM-215,,0.1631748808952223
SIM_014,246,PAIR_00246,BM-221,BM-237,BM-221,,0.5549175947981636
SIM_014,247,PAIR_00247,BM-219,BM-239,BM-219,,0.7696116648813172
SIM_014,248,PAIR_00248,BM-216,BM-214,BM-216,,0.46390252138950805
SIM_014,249,PAIR_00249,BM-236,BM-224,BM-224,,0.8891249417513256
SIM_014,250,PAIR_00250,BM-217,BF-007,BF-007,,0.23907435981385444
SIM_014,251,PAIR_00251,BM-212,BM-228,BM-228,,0.1299829775347618
SIM_014,252,PAIR_00252,BM-217,BM-225,BM-217,,0.22762076888279198
SIM_014,253,PAIR_00253,BM-236,BM-219,BM-219,,0.6093901347663366
SIM_014,254,PAIR_00254,BM-218,BF-242,BM-218,,0.872069511853059
SIM_014,255,PAIR_00255,BM-226,BM-214,BM-214,,0.2522358602332104
SIM_014,256,PAIR_00256,BF-255,BM-213,BF-255,,0.886213166818921
SIM_014,257,PAIR_00257,BM-227,BM-239,BM-227,,0.7869735199346419
SIM_014,258,PAIR_00258,BM-229,BM-222,BM-222,,0.21213505355168763
SIM_014,259,PAIR_00259,BM-224,BM-223,BM-223,,0.20968887622430654
SIM_014,260,PAIR_00260,BM-216,BM-231,BM-231,,0.6601871626425073
SIM_014,261,PAIR_00261,BM-211,BF-007,BF-007,,0.6538142109888488
SIM_014,262,PAIR_00262,BM-215,BM-222,BM-222,,0.19100644193377725
SIM_014,263,PAIR_00263,BM-237,BM-218,BM-218,,0.2623233935218685
SIM_014,264,PAIR_00264,BM-221,BM-217,BM-217,,0.7148535166790715
SIM_014,265,PAIR_00265,BM-231,BM-237,BM-231,,0.3713569069910973
SIM_014,266,PAIR_00266,BM-228,BM-226,BM-228,,0.7127866217890074
SIM_014,267,PAIR_00267,BM-236,BM-221,BM-236,,0.7606981020969623
SIM_014,268,PAIR_00268,BM-239,BM-215,BM-239,,0.4720079919409225
SIM_014,269,PAIR_00269,BM-216,BM-211,BM-211,,0.27740590065037546
SIM_014,270,PAIR_00270,BF-255,BF-242,BF-255,,0.8569806375300371
SIM_014,271,PAIR_00271,BM-223,BM-214,BM-223,,0.5841101020402096
SIM_014,272,PAIR_00272,BM-225,BF-007,BM-225,,0.5160029583577592
SIM_014,273,PAIR_00273,BM-229,BM-219,BM-219,,0.2763470748582293
SIM_014,274,PAIR_00274,BM-213,BM-224,BM-213,,0.3910532598856224
SIM_014,275,PAIR_00275,BF-007,BM-227,BM-227,,0.3603758504743594
SIM_014,276,PAIR_00276,BM-236,BM-212,BM-236,,0.959827717024812
SIM_014,277,PAIR_00277,BM-237,BM-224,BM-224,,0.6692429390672207
SIM_014,278,PAIR_00278,BF-242,BM-216,BM-216,,0.2644078645825088
SIM_014,279,PAIR_00279,BM-215,BM-227,BM-227,,0.23242066634806705
SIM_014,280,PAIR_00280,BM-212,BM-221,BM-221,,0.11742272550174405
SIM_014,281,PAIR_00281,BM-231,BM-225,BM-225,,0.25928649124739844
SIM_014,282,PAIR_00282,BM-226,BM-222,BM-226,,0.11045284726338489
SIM_014,283,PAIR_00283,BM-217,BM-213,BM-213,,0.6104336905348509
SIM_014,284,PAIR_00284,BM-239,BM-229,BM-239,,0.4394325204751498
SIM_014,285,PAIR_00285,BF-255,BM-223,BM-223,,0.5702673104810158
SIM_014,286,PAIR_00286,BM-228,BM-211,BM-211,,0.27081518045009806
SIM_014,287,PAIR_00287,BM-222,BM-214,BM-222,,0.7309407531975411
SIM_014,288,PAIR_00288,BM-219,BM-215,BM-215,,0.7491406879013857
SIM_014,289,PAIR_00289,BM-218,BM-231,BM-218,,0.8264003448400584
SIM_014,290,PAIR_00290,BM-223,BM-217,BM-223,,0.7892737414758372
SIM_014,291,PAIR_00291,BM-216,BM-228,BM-228,,0.5082804312428928
SIM_014,292,PAIR_00292,BM-224,BF-255,BF-255,,0.16662420623664836
SIM_014,293,PAIR_00293,BM-226,BM-229,BM-229,,0.3156100905346744
SIM_014,294,PAIR_00294,BM-237,BM-219,BM-237,,0.28245398664576415
SIM_014,295,PAIR_00295,BF-242,BM-212,BF-242,,0.7132151985625615
SIM_014,296,PAIR_00296,BM-225,BM-227,BM-227,,0.37526396834976317
SIM_014,297,PAIR_00297,BM-214,BM-221,BM-214,,0.5154475086916739
SIM_014,298,PAIR_00298,BM-218,BM-236,BM-218,,0.4150461190579815
SIM_014,299,PAIR_00299,BM-211,BM-213,BM-211,,0.9040228264809127
SIM_014,300,PAIR_00300,BF-007,BM-239,BM-239,,0.6754730993723337
SIM_015,1,PAIR_00001,BM-216,BM-221,BM-216,,0.47930386809454184
SIM_015,2,PAIR_00002,BM-239,BM-228,BM-228,,0.4065123944074379
SIM_015,3,PAIR_00003,BF-007,BM-229,BF-007,,0.620007354928767
SIM_015,4,PAIR_00004,BM-212,BM-227,BM-227,,0.055751477219154306
SIM_015,5,PAIR_00005,BM-223,BM-222,BM-223,,0.34079984699266824
SIM_015,6,PAIR_00006,BF-242,BM-237,BF-242,,0.2920487232935015
SIM_015,7,PAIR_00007,BM-213,BM-231,BM-231,,0.3494972203862205
SIM_015,8,PAIR_00008,BM-225,BM-236,BM-236,,0.2986383072115851
SIM_015,9,PAIR_00009,BM-226,BM-215,BM-215,,0.3446500059286485
SIM_015,10,PAIR_00010,BM-218,BM-211,BM-211,,0.48471308048957706
SIM_015,11,PAIR_00011,BM-219,BM-217,BM-219,,0.836284111455051
SIM_015,12,PAIR_00012,BM-214,BM-224,BM-214,,0.7285212378857929
SIM_015,13,PAIR_00013,BF-255,BM-215,BF-255,,0.7439676574531842
SIM_015,14,PAIR_00014,BM-222,BM-236,BM-236,,0.47619298251945674
SIM_015,15,PAIR_00015,BM-224,BF-007,BF-007,,0.2379394939340924
SIM_015,16,PAIR_00016,BM-228,BM-223,BM-228,,0.37345215256477066
SIM_015,17,PAIR_00017,BM-221,BM-231,BM-231,,0.6785159906769078
SIM_015,18,PAIR_00018,BM-212,BF-255,BF-255,,0.06288570486356526
SIM_015,19,PAIR_00019,BM-213,BM-229,BM-229,,0.24650926495140532
SIM_015,20,PAIR_00020,BF-242,BM-214,BF-242,,0.23724843950996033
SIM_015,21,PAIR_00021,BM-218,BM-227,BM-227,,0.5002369183711579
SIM_015,22,PAIR_00022,BM-219,BM-211,BM-211,,0.459396414456364
SIM_015,23,PAIR_00023,BM-216,BM-239,BM-239,,0.6014538878382059
SIM_015,24,PAIR_00024,BM-225,BM-226,BM-226,,0.7904488994507026
SIM_015,25,PAIR_00025,BM-217,BM-237,BM-237,,0.3321416766402924
SIM_015,26,PAIR_00026,BM-228,BF-242,BF-242,,0.7290994168484117
SIM_015,27,PAIR_00027,BM-226,BF-007,BF-007,,0.22035484969150645
SIM_015,28,PAIR_00028,BM-218,BM-216,BM-216,,0.7101677973349876
SIM_015,29,PAIR_00029,BM-237,BM-213,BM-237,,0.7590814226534237
SIM_015,30,PAIR_00030,BM-231,BM-236,BM-236,,0.12971614300494108
SIM_015,31,PAIR_00031,BM-211,BM-225,BM-225,,0.6391816251210418
SIM_015,32,PAIR_00032,BM-224,BM-229,BM-229,,0.3375055782864029
SIM_015,33,PAIR_00033,BM-221,BM-219,BM-219,,0.3292097878666537
SIM_015,34,PAIR_00034,BM-215,BM-214,BM-215,,0.3907685043566045
SIM_015,35,PAIR_00035,BM-239,BM-223,BM-223,,0.2899067120138933
SIM_015,36,PAIR_00036,BM-217,BF-255,BF-255,,0.16749368987613308
SIM_015,37,PAIR_00037,BM-222,BM-212,BM-222,,0.9559877205776918
SIM_015,38,PAIR_00038,BM-236,BM-227,BM-227,,0.5851839412783998
SIM_015,39,PAIR_00039,BM-217,BM-214,BM-214,,0.27271634835576414
SIM_015,40,PAIR_00040,BF-255,BM-226,BF-255,,0.8467498546318379
SIM_015,41,PAIR_00041,BM-229,BM-216,BM-229,,0.458083311976373
SIM_015,42,PAIR_00042,BM-211,BM-224,BM-211,,0.8581315487375101
SIM_015,43,PAIR_00043,BM-219,BM-231,BM-231,,0.8113370505696746
SIM_015,44,PAIR_00044,BM-218,BM-215,BM-218,,0.7677483569731899
SIM_015,45,PAIR_00045,BM-228,BM-237,BM-237,,0.5261270737795799
SIM_015,46,PAIR_00046,BM-221,BM-223,BM-221,,0.4009571315095831
SIM_015,47,PAIR_00047,BM-227,BM-213,BM-227,,0.898496525351987
SIM_015,48,PAIR_00048,BM-225,BM-212,BM-225,,0.9105025016100444
SIM_015,49,PAIR_00049,BF-007,BM-222,BF-007,,0.3052281205908015
SIM_015,50,PAIR_00050,BM-239,BF-242,BM-239,,0.6483185302283063
SIM_015,51,PAIR_00051,BM-214,BF-007,BM-214,,0.4558957557008482
SIM_015,52,PAIR_00052,BM-216,BM-212,BM-216,,0.8737173229181733
SIM_015,53,PAIR_00053,BM-223,BM-227,BM-223,,0.3986865182977619
SIM_015,54,PAIR_00054,BM-217,BM-231,BM-217,,0.45707731145428465
SIM_015,55,PAIR_00055,BF-242,BM-226,BF-242,,0.4797357297054694
SIM_015,56,PAIR_00056,BM-221,BM-239,BM-221,,0.6211326493727066
SIM_015,57,PAIR_00057,BM-228,BM-218,BM-218,,0.2830619035400725
SIM_015,58,PAIR_00058,BM-222,BM-225,BM-225,,0.6810258985706044
SIM_015,59,PAIR_00059,BM-229,BM-215,BM-229,,0.5327978943713936
SIM_015,60,PAIR_00060,BM-236,BM-211,BM-211,,0.5700307524616257
SIM_015,61,PAIR_00061,BF-255,BM-237,BF-255,,0.7119719570816829
SIM_015,62,PAIR_00062,BM-219,BM-213,BM-219,,0.8889412139677642
SIM_015,63,PAIR_00063,BF-242,BM-224,BF-242,,0.45494959516696887
SIM_015,64,PAIR_00064,BM-229,BM-237,BM-237,,0.49241736101051403
SIM_015,65,PAIR_00065,BM-226,BM-227,BM-227,,0.13736703098829836
SIM_015,66,PAIR_00066,BM-215,BM-216,BM-216,,0.42569403475889667
SIM_015,67,PAIR_00067,BM-213,BM-214,BM-214,,0.19309558203895444
SIM_015,68,PAIR_00068,BM-222,BM-217,BM-222,,0.8787115543332452
SIM_015,69,PAIR_00069,BM-225,BM-218,BM-218,,0.3750418211636877
SIM_015,70,PAIR_00070,BM-223,BF-007,BF-007,,0.54060842380539
SIM_015,71,PAIR_00071,BM-239,BM-211,BM-211,,0.20279883241704552
SIM_015,72,PAIR_00072,BM-236,BF-255,BM-236,,0.6158783457170887
SIM_015,73,PAIR_00073,BM-212,BM-219,BM-219,,0.061293611521879086
SIM_015,74,PAIR_00074,BM-231,BM-228,BM-228,,0.3472830018189138
SIM_015,75,PAIR_00075,BM-224,BM-221,BM-221,,0.28387450638342465
SIM_015,76,PAIR_00076,BM-221,BF-242,BM-221,,0.7513854013975068
SIM_015,77,PAIR_00077,BM-222,BM-219,BM-222,,0.5864840223325505
SIM_015,78,PAIR_00078,BM-224,BM-226,BM-226,,0.5248769766578227
SIM_015,79,PAIR_00079,BM-212,BM-214,BM-214,,0.11116701969697171
SIM_015,80,PAIR_00080,BF-007,BM-237,BF-007,,0.6128354244491387
SIM_015,81,PAIR_00081,BM-211,BM-217,BM-211,,0.8573691371982063
SIM_015,82,PAIR_00082,BM-228,BM-225,BM-225,,0.39683344870518444
SIM_015,83,PAIR_00083,BM-213,BM-216,BM-216,,0.21663610038712067
SIM_015,84,PAIR_00084,BM-223,BM-215,BM-223,,0.6864881778517896
SIM_015,85,PAIR_00085,BM-231,BM-227,BM-231,,0.17373565313266423
SIM_015,86,PAIR_00086,BM-239,BF-255,BF-255,,0.23527180306944467
SIM_015,87,PAIR_00087,BM-229,BM-236,BM-229,,0.19664388366947144
SIM_015,88,PAIR_00088,BM-219,BM-218,BM-218,,0.4746203209194756
SIM_015,89,PAIR_00089,BM-229,BM-214,BM-214,,0.4224551616355219
SIM_015,90,PAIR_00090,BM-213,BM-221,BM-221,,0.20290916874714177
SIM_015,91,PAIR_00091,BM-224,BM-215,BM-224,,0.36747839029831664
SIM_015,92,PAIR_00092,BM-212,BM-226,BM-226,,0.27048711097929706
SIM_015,93,PAIR_00093,BM-237,BM-227,BM-227,,0.2625068189721848
SIM_015,94,PAIR_00094,BM-217,BF-242,BM-217,,0.5465994159293619
SIM_015,95,PAIR_00095,BM-223,BM-218,BM-218,,0.3984593490577611
SIM_015,96,PAIR_00096,BF-255,BM-216,BM-216,,0.682926223091502
SIM_015,97,PAIR_00097,BM-222,BM-211,BM-222,,0.5465340657043668
SIM_015,98,PAIR_00098,BM-231,BF-007,BF-007,,0.271772807943265
SIM_015,99,PAIR_00099,BM-239,BM-225,BM-239,,0.31065077989289125
SIM_015,100,PAIR_00100,BM-228,BM-236,BM-236,,0.2188351921913676
SIM_015,101,PAIR_00101,BM-211,BM-226,BM-226,,0.8698289600678419
SIM_015,102,PAIR_00102,BF-007,BM-219,BM-219,,0.38388872519658374
SIM_015,103,PAIR_00103,BM-236,BM-214,BM-214,,0.7492659043913402
SIM_015,104,PAIR_00104,BF-242,BM-213,BF-242,,0.5651758931159829
SIM_015,105,PAIR_00105,BF-255,BM-222,BF-255,,0.40690134004113265
SIM_015,106,PAIR_00106,BM-212,BM-218,BM-218,,0.05570160960137181
SIM_015,107,PAIR_00107,BM-231,BM-215,BM-231,,0.4098254623839697
SIM_015,108,PAIR_00108,BM-228,BM-227,BM-227,,0.2832542619174882
SIM_015,109,PAIR_00109,BM-223,BM-216,BM-223,,0.6187652185868557
SIM_015,110,PAIR_00110,BM-237,BM-239,BM-239,,0.5680251532244893
SIM_015,111,PAIR_00111,BM-229,BM-225,BM-229,,0.36502653811052327
SIM_015,112,PAIR_00112,BM-224,BM-217,BM-224,,0.4984378712552536
SIM_015,113,PAIR_00113,BM-225,BM-221,BM-225,,0.5751073295424118
SIM_015,114,PAIR_00114,BM-214,BM-231,BM-231,,0.6918473256643518
SIM_015,115,PAIR_00115,BM-229,BM-223,BM-223,,0.34245527804465553
SIM_015,116,PAIR_00116,BF-242,BM-215,BF-242,,0.32656960876884994
SIM_015,117,PAIR_00117,BM-213,BM-226,BM-226,,0.4150088421278394
SIM_015,118,PAIR_00118,BM-216,BM-219,BM-216,,0.3111832951396571
SIM_015,119,PAIR_00119,BM-237,BM-222,BM-237,,0.217248963876395
SIM_015,120,PAIR_00120,BM-211,BM-221,BM-221,,0.7056882563938565
SIM_015,121,PAIR_00121,BM-217,BM-228,BM-228,,0.30935894027404387
SIM_015,122,PAIR_00122,BM-212,BM-224,BM-224,,0.2512902538392436
SIM_015,123,PAIR_00123,BM-239,BM-218,BM-218,,0.21286764940304412
SIM_015,124,PAIR_00124,BM-227,BF-255,BF-255,,0.53195615808631
SIM_015,125,PAIR_00125,BM-236,BF-007,BM-236,,0.7145985761171072
SIM_015,126,PAIR_00126,BM-223,BM-211,BM-211,,0.3838933329441322
SIM_015,127,PAIR_00127,BM-231,BM-212,BM-231,,0.7807608319292152
SIM_015,128,PAIR_00128,BM-219,BM-214,BM-214,,0.6569995404963171
SIM_015,129,PAIR_00129,BM-236,BF-242,BM-236,,0.9057254918377985
SIM_015,130,PAIR_00130,BM-213,BM-222,BM-213,,0.08095655714746094
SIM_015,131,PAIR_00131,BM-226,BM-221,BM-226,,0.2640714551215016
SIM_015,132,PAIR_00132,BF-007,BF-255,BF-007,,0.3903754955686164
SIM_015,133,PAIR_00133,BM-216,BM-237,BM-237,,0.5343777554152823
SIM_015,134,PAIR_00134,BM-239,BM-217,BM-239,,0.6046112198850913
SIM_015,135,PAIR_00135,BM-215,BM-225,BM-215,,0.3351477454818891
SIM_015,136,PAIR_00136,BM-229,BM-218,BM-218,,0.25649614064364357
SIM_015,137,PAIR_00137,BM-224,BM-227,BM-227,,0.14959987243631057
SIM_015,138,PAIR_00138,BM-228,BF-007,BF-007,,0.41225696256436
SIM_015,139,PAIR_00139,BM-216,BM-236,BM-236,,0.2245504545236615
SIM_015,140,PAIR_00140,BM-218,BM-217,BM-218,,0.8497244999092971
SIM_015,141,PAIR_00141,BM-231,BM-229,BM-231,,0.37846534003523
SIM_015,142,PAIR_00142,BM-237,BM-214,BM-237,,0.42987286313774875
SIM_015,143,PAIR_00143,BF-242,BM-227,BM-227,,0.12803625194772436
SIM_015,144,PAIR_00144,BM-219,BM-224,BM-219,,0.8371378204852085
SIM_015,145,PAIR_00145,BM-211,BF-255,BM-211,,0.5473857435404343
SIM_015,146,PAIR_00146,BM-225,BM-223,BM-225,,0.4753304079297246
SIM_015,147,PAIR_00147,BM-222,BM-221,BM-221,,0.7429218072548591
SIM_015,148,PAIR_00148,BM-212,BM-213,BM-212,,0.343247453131141
SIM_015,149,PAIR_00149,BM-239,BM-226,BM-239,,0.6296124959858393
SIM_015,150,PAIR_00150,BM-228,BM-215,BM-215,,0.5661884331139478
SIM_015,151,PAIR_00151,BM-226,BM-231,BM-226,,0.43095568282384794
SIM_015,152,PAIR_00152,BM-217,BM-227,BM-227,,0.15039655126629822
SIM_015,153,PAIR_00153,BM-239,BM-236,BM-239,,0.1609915146051335
SIM_015,154,PAIR_00154,BF-255,BM-229,BM-229,,0.7181520469739519
SIM_015,155,PAIR_00155,BM-237,BM-223,BM-223,,0.3493178947989133
SIM_015,156,PAIR_00156,BM-224,BM-225,BM-225,,0.22652408676368152
SIM_015,157,PAIR_00157,BM-222,BF-242,BM-222,,0.8972674817394369
SIM_015,158,PAIR_00158,BM-211,BM-215,BM-211,,0.778476014177606
SIM_015,159,PAIR_00159,BM-214,BM-228,BM-214,,0.5443249145087194
SIM_015,160,PAIR_00160,BF-007,BM-212,BF-007,,0.9051455603350077
SIM_015,161,PAIR_00161,BM-221,BM-218,BM-218,,0.3071734138642074
SIM_015,162,PAIR_00162,BM-213,BM-215,BM-215,,0.27171535970268296
SIM_015,163,PAIR_00163,BM-222,BM-216,BM-222,,0.7584210486984893
SIM_015,164,PAIR_00164,BM-226,BM-219,BM-219,,0.14973582300182697
SIM_015,165,PAIR_00165,BF-242,BM-219,BM-219,,0.1397009443711754
SIM_015,166,PAIR_00166,BM-239,BM-212,BM-239,,0.8209368081505211
SIM_015,167,PAIR_00167,BM-224,BM-231,BM-231,,0.455527110474699
SIM_015,168,PAIR_00168,BF-255,BM-221,BM-221,,0.664724591609599
SIM_015,169,PAIR_00169,BM-214,BM-211,BM-211,,0.3073102650961119
SIM_015,170,PAIR_00170,BM-225,BM-237,BM-225,,0.6279144817815363
SIM_015,171,PAIR_00171,BM-236,BM-223,BM-223,,0.6802741559998849
SIM_015,172,PAIR_00172,BM-217,BM-229,BM-217,,0.33890413853700446
SIM_015,173,PAIR_00173,BM-227,BM-216,BM-227,,0.7099726993206014
SIM_015,174,PAIR_00174,BM-213,BM-228,BM-228,,0.22231027439100884
SIM_015,175,PAIR_00175,BM-218,BF-007,BM-218,,0.6398425641938011
SIM_015,176,PAIR_00176,BM-216,BF-007,BM-216,,0.4203057864236588
SIM_015,177,PAIR_00177,BM-226,BM-217,BM-217,,0.47356500376324917
SIM_015,178,PAIR_00178,BF-255,BM-219,BM-219,,0.4931652408467495
SIM_015,179,PAIR_00179,BM-223,BM-231,BM-231,,0.7592256577132775
SIM_015,180,PAIR_00180,BM-213,BM-239,BM-213,,0.2944534790660408
SIM_015,181,PAIR_00181,BM-214,BM-227,BM-214,,0.3206884215984604
SIM_015,182,PAIR_00182,BM-212,BM-237,BM-237,,0.1422769554917922
SIM_015,183,PAIR_00183,BM-218,BM-224,BM-218,,0.8505206503266772
SIM_015,184,PAIR_00184,BM-228,BM-222,BM-222,,0.23556193822118957
SIM_015,185,PAIR_00185,BF-242,BM-225,BM-225,,0.19643367405875783
SIM_015,186,PAIR_00186,BM-215,BM-221,BM-215,,0.40557872439933085
SIM_015,187,PAIR_00187,BM-229,BM-211,BM-211,,0.2450060041102735
SIM_015,188,PAIR_00188,BM-236,BM-215,BM-236,,0.8232878750346994
SIM_015,189,PAIR_00189,BM-217,BM-236,BM-236,,0.11149254937650074
SIM_015,190,PAIR_00190,BM-213,BF-007,BF-007,,0.1670199276460357
SIM_015,191,PAIR_00191,BF-242,BM-223,BM-223,,0.181310561075186
SIM_015,192,PAIR_00192,BM-212,BM-211,BM-211,,0.05257037532846488
SIM_015,193,PAIR_00193,BM-224,BM-216,BM-216,,0.30101034586316194
SIM_015,194,PAIR_00194,BM-228,BM-229,BM-229,,0.5336830207039965
SIM_015,195,PAIR_00195,BM-237,BM-226,BM-226,,0.6909048845448961
SIM_015,196,PAIR_00196,BM-218,BF-255,BM-218,,0.5321921015517458
SIM_015,197,PAIR_00197,BM-221,BM-227,BM-221,,0.3073751326137769
SIM_015,198,PAIR_00198,BM-219,BM-225,BM-219,,0.6008579426588972
SIM_015,199,PAIR_00199,BM-239,BM-214,BM-214,,0.36443452115951475
SIM_015,200,PAIR_00200,BM-231,BM-222,BM-222,,0.14085935233764144
SIM_015,201,PAIR_00201,BM-215,BM-217,BM-217,,0.6310680135639577
SIM_015,202,PAIR_00202,BM-222,BM-224,BM-222,,0.8793759336275948
SIM_015,203,PAIR_00203,BF-255,BM-214,BF-255,,0.6508120994774664
SIM_015,204,PAIR_00204,BM-228,BM-219,BM-219,,0.3041278356745797
SIM_015,205,PAIR_00205,BM-229,BM-221,BM-221,,0.437603698557496
SIM_015,206,PAIR_00206,BM-226,BM-218,BM-218,,0.13725477278924952
SIM_015,207,PAIR_00207,BM-225,BM-216,BM-225,,0.5952114627748064
SIM_015,208,PAIR_00208,BM-211,BM-237,BM-237,,0.7493397780868819
SIM_015,209,PAIR_00209,BM-239,BM-231,BM-231,,0.5628167694682431
SIM_015,210,PAIR_00210,BM-213,BM-236,BM-236,,0.07414322575223149
SIM_015,211,PAIR_00211,BF-007,BF-242,BF-007,,0.793261986734821
SIM_015,212,PAIR_00212,BM-212,BM-223,BM-223,,0.08176947027292372
SIM_015,213,PAIR_00213,BM-227,BM-211,BM-227,,0.48447638700912915
SIM_015,214,PAIR_00214,BM-216,BM-217,BM-216,,0.6976733103767735
SIM_015,215,PAIR_00215,BM-219,BM-227,BM-219,,0.4748566345512353
SIM_015,216,PAIR_00216,BM-214,BM-218,BM-214,,0.3204820085092622
SIM_015,217,PAIR_00217,BM-237,BM-215,BM-215,,0.5403404035999196
SIM_015,218,PAIR_00218,BM-236,BM-226,BM-226,,0.8985689276258495
SIM_015,219,PAIR_00219,BM-224,BM-228,BM-224,,0.30802549607309854
SIM_015,220,PAIR_00220,BM-231,BF-242,BF-242,,0.5888115508887632
SIM_015,221,PAIR_00221,BM-225,BF-255,BF-255,,0.4057168439867916
SIM_015,222,PAIR_00222,BM-221,BF-007,BM-221,,0.44061009653969924
SIM_015,223,PAIR_00223,BM-212,BM-229,BM-229,,0.1460189214358076
SIM_015,224,PAIR_00224,BM-222,BM-239,BM-222,,0.8257166177944669
SIM_015,225,PAIR_00225,BM-223,BM-213,BM-223,,0.8544189721459678
SIM_015,226,PAIR_00226,BM-221,BM-228,BM-228,,0.5289567135647587
SIM_015,227,PAIR_00227,BM-215,BF-007,BF-007,,0.34956322046724636
SIM_015,228,PAIR_00228,BF-255,BM-231,BF-255,,0.8071163599244839
SIM_015,229,PAIR_00229,BM-219,BM-223,BM-219,,0.5769542374218426
SIM_015,230,PAIR_00230,BM-218,BM-213,BM-213,,0.8985829210390318
SIM_015,231,PAIR_00231,BM-226,BM-216,BM-226,,0.2804800925353363
SIM_015,232,PAIR_00232,BM-225,BM-214,BM-225,,0.5599379861217109
SIM_015,233,PAIR_00233,BM-227,BM-229,BM-227,,0.7433230907449867
SIM_015,234,PAIR_00234,BM-224,BM-239,BM-224,,0.3938960078122809
SIM_015,235,PAIR_00235,BM-212,BM-217,BM-217,,0.2501164607503142
SIM_015,236,PAIR_00236,BM-236,BM-237,BM-236,,0.7985201491919167
SIM_015,237,PAIR_00237,BM-211,BF-242,BM-211,,0.8787396547598036
SIM_015,238,PAIR_00238,BM-218,BM-222,BM-218,,0.43835442419306125
SIM_015,239,PAIR_00239,BM-227,BM-222,BM-222,,0.4381211207784558
SIM_015,240,PAIR_00240,BM-229,BF-242,BM-229,,0.7016404399947652
SIM_015,241,PAIR_00241,BM-211,BM-231,BM-231,,0.8350011035534172
SIM_015,242,PAIR_00242,BM-213,BM-225,BM-225,,0.15830018632255818
SIM_015,243,PAIR_00243,BM-228,BF-255,BF-255,,0.3099448578523684
SIM_015,244,PAIR_00244,BM-223,BM-226,BM-226,,0.8063385161216202
SIM_015,245,PAIR_00245,BM-212,BM-215,BM-215,,0.1631748808952223
SIM_015,246,PAIR_00246,BM-221,BM-237,BM-237,,0.5549175947981636
SIM_015,247,PAIR_00247,BM-219,BM-239,BM-219,,0.7696116648813172
SIM_015,248,PAIR_00248,BM-216,BM-214,BM-214,,0.46390252138950805
SIM_015,249,PAIR_00249,BM-236,BM-224,BM-236,,0.8891249417513256
SIM_015,250,PAIR_00250,BM-217,BF-007,BF-007,,0.23907435981385444
SIM_015,251,PAIR_00251,BM-212,BM-228,BM-228,,0.1299829775347618
SIM_015,252,PAIR_00252,BM-217,BM-225,BM-217,,0.22762076888279198
SIM_015,253,PAIR_00253,BM-236,BM-219,BM-236,,0.6093901347663366
SIM_015,254,PAIR_00254,BM-218,BF-242,BM-218,,0.872069511853059
SIM_015,255,PAIR_00255,BM-226,BM-214,BM-214,,0.2522358602332104
SIM_015,256,PAIR_00256,BF-255,BM-213,BF-255,,0.886213166818921
SIM_015,257,PAIR_00257,BM-227,BM-239,BM-227,,0.7869735199346419
SIM_015,258,PAIR_00258,BM-229,BM-222,BM-222,,0.21213505355168763
SIM_015,259,PAIR_00259,BM-224,BM-223,BM-223,,0.20968887622430654
SIM_015,260,PAIR_00260,BM-216,BM-231,BM-216,,0.6601871626425073
SIM_015,261,PAIR_00261,BM-211,BF-007,BF-007,,0.6538142109888488
SIM_015,262,PAIR_00262,BM-215,BM-222,BM-222,,0.19100644193377725
SIM_015,263,PAIR_00263,BM-237,BM-218,BM-218,,0.2623233935218685
SIM_015,264,PAIR_00264,BM-221,BM-217,BM-221,,0.7148535166790715
SIM_015,265,PAIR_00265,BM-231,BM-237,BM-237,,0.3713569069910973
SIM_015,266,PAIR_00266,BM-228,BM-226,BM-228,,0.7127866217890074
SIM_015,267,PAIR_00267,BM-236,BM-221,BM-236,,0.7606981020969623
SIM_015,268,PAIR_00268,BM-239,BM-215,BM-239,,0.4720079919409225
SIM_015,269,PAIR_00269,BM-216,BM-211,BM-216,,0.27740590065037546
SIM_015,270,PAIR_00270,BF-255,BF-242,BF-255,,0.8569806375300371
SIM_015,271,PAIR_00271,BM-223,BM-214,BM-223,,0.5841101020402096
SIM_015,272,PAIR_00272,BM-225,BF-007,BM-225,,0.5160029583577592
SIM_015,273,PAIR_00273,BM-229,BM-219,BM-219,,0.2763470748582293
SIM_015,274,PAIR_00274,BM-213,BM-224,BM-224,,0.3910532598856224
SIM_015,275,PAIR_00275,BF-007,BM-227,BM-227,,0.3603758504743594
SIM_015,276,PAIR_00276,BM-236,BM-212,BM-236,,0.959827717024812
SIM_015,277,PAIR_00277,BM-237,BM-224,BM-237,,0.6692429390672207
SIM_015,278,PAIR_00278,BF-242,BM-216,BM-216,,0.2644078645825088
SIM_015,279,PAIR_00279,BM-215,BM-227,BM-227,,0.23242066634806705
SIM_015,280,PAIR_00280,BM-212,BM-221,BM-212,,0.11742272550174405
SIM_015,281,PAIR_00281,BM-231,BM-225,BM-225,,0.25928649124739844
SIM_015,282,PAIR_00282,BM-226,BM-222,BM-222,,0.11045284726338489
SIM_015,283,PAIR_00283,BM-217,BM-213,BM-217,,0.6104336905348509
SIM_015,284,PAIR_00284,BM-239,BM-229,BM-239,,0.4394325204751498
SIM_015,285,PAIR_00285,BF-255,BM-223,BF-255,,0.5702673104810158
SIM_015,286,PAIR_00286,BM-228,BM-211,BM-228,,0.27081518045009806
SIM_015,287,PAIR_00287,BM-222,BM-214,BM-214,,0.7309407531975411
SIM_015,288,PAIR_00288,BM-219,BM-215,BM-219,,0.7491406879013857
SIM_015,289,PAIR_00289,BM-218,BM-231,BM-231,,0.8264003448400584
SIM_015,290,PAIR_00290,BM-223,BM-217,BM-217,,0.7892737414758372
SIM_015,291,PAIR_00291,BM-216,BM-228,BM-228,,0.5082804312428928
SIM_015,292,PAIR_00292,BM-224,BF-255,BF-255,,0.16662420623664836
SIM_015,293,PAIR_00293,BM-226,BM-229,BM-229,,0.3156100905346744
SIM_015,294,PAIR_00294,BM-237,BM-219,BM-219,,0.28245398664576415
SIM_015,295,PAIR_00295,BF-242,BM-212,BF-242,,0.7132151985625615
SIM_015,296,PAIR_00296,BM-225,BM-227,BM-227,,0.37526396834976317
SIM_015,297,PAIR_00297,BM-214,BM-221,BM-221,,0.5154475086916739
SIM_015,298,PAIR_00298,BM-218,BM-236,BM-236,,0.4150461190579815
SIM_015,299,PAIR_00299,BM-211,BM-213,BM-213,,0.9040228264809127
SIM_015,300,PAIR_00300,BF-007,BM-239,BF-007,,0.6754730993723337
SIM_016,1,PAIR_00001,BM-216,BM-221,BM-221,,0.47930386809454184
SIM_016,2,PAIR_00002,BM-239,BM-228,BM-228,,0.4065123944074379
SIM_016,3,PAIR_00003,BF-007,BM-229,BF-007,,0.620007354928767
SIM_016,4,PAIR_00004,BM-212,BM-227,BM-227,,0.055751477219154306
SIM_016,5,PAIR_00005,BM-223,BM-222,BM-222,,0.34079984699266824
SIM_016,6,PAIR_00006,BF-242,BM-237,BF-242,,0.2920487232935015
SIM_016,7,PAIR_00007,BM-213,BM-231,BM-231,,0.3494972203862205
SIM_016,8,PAIR_00008,BM-225,BM-236,BM-236,,0.2986383072115851
SIM_016,9,PAIR_00009,BM-226,BM-215,BM-226,,0.3446500059286485
SIM_016,10,PAIR_00010,BM-218,BM-211,BM-211,,0.48471308048957706
SIM_016,11,PAIR_00011,BM-219,BM-217,BM-217,,0.836284111455051
SIM_016,12,PAIR_00012,BM-214,BM-224,BM-214,,0.7285212378857929
SIM_016,13,PAIR_00013,BF-255,BM-215,BF-255,,0.7439676574531842
SIM_016,14,PAIR_00014,BM-222,BM-236,BM-236,,0.47619298251945674
SIM_016,15,PAIR_00015,BM-224,BF-007,BF-007,,0.2379394939340924
SIM_016,16,PAIR_00016,BM-228,BM-223,BM-223,,0.37345215256477066
SIM_016,17,PAIR_00017,BM-221,BM-231,BM-221,,0.6785159906769078
SIM_016,18,PAIR_00018,BM-212,BF-255,BF-255,,0.06288570486356526
SIM_016,19,PAIR_00019,BM-213,BM-229,BM-213,,0.24650926495140532
SIM_016,20,PAIR_00020,BF-242,BM-214,BF-242,,0.23724843950996033
SIM_016,21,PAIR_00021,BM-218,BM-227,BM-218,,0.5002369183711579
SIM_016,22,PAIR_00022,BM-219,BM-211,BM-219,,0.459396414456364
SIM_016,23,PAIR_00023,BM-216,BM-239,BM-216,,0.6014538878382059
SIM_016,24,PAIR_00024,BM-225,BM-226,BM-225,,0.7904488994507026
SIM_016,25,PAIR_00025,BM-217,BM-237,BM-217,,0.3321416766402924
SIM_016,26,PAIR_00026,BM-228,BF-242,BM-228,,0.7290994168484117
SIM_016,27,PAIR_00027,BM-226,BF-007,BF-007,,0.22035484969150645
SIM_016,28,PAIR_00028,BM-218,BM-216,BM-216,,0.7101677973349876
SIM_016,29,PAIR_00029,BM-237,BM-213,BM-237,,0.7590814226534237
SIM_016,30,PAIR_00030,BM-231,BM-236,BM-231,,0.12971614300494108
SIM_016,31,PAIR_00031,BM-211,BM-225,BM-211,,0.6391816251210418
SIM_016,32,PAIR_00032,BM-224,BM-229,BM-224,,0.3375055782864029
SIM_016,33,PAIR_00033,BM-221,BM-219,BM-219,,0.3292097878666537
SIM_016,34,PAIR_00034,BM-215,BM-214,BM-215,,0.3907685043566045
SIM_016,35,PAIR_00035,BM-239,BM-223,BM-223,,0.2899067120138933
SIM_016,36,PAIR_00036,BM-217,BF-255,BF-255,,0.16749368987613308
SIM_016,37,PAIR_00037,BM-222,BM-212,BM-222,,0.9559877205776918
SIM_016,38,PAIR_00038,BM-236,BM-227,BM-227,,0.5851839412783998
SIM_016,39,PAIR_00039,BM-217,BM-214,BM-217,,0.27271634835576414
SIM_016,40,PAIR_00040,BF-255,BM-226,BM-226,,0.8467498546318379
SIM_016,41,PAIR_00041,BM-229,BM-216,BM-216,,0.458083311976373
SIM_016,42,PAIR_00042,BM-211,BM-224,BM-211,,0.8581315487375101
SIM_016,43,PAIR_00043,BM-219,BM-231,BM-219,,0.8113370505696746
SIM_016,44,PAIR_00044,BM-218,BM-215,BM-218,,0.7677483569731899
SIM_016,45,PAIR_00045,BM-228,BM-237,BM-237,,0.5261270737795799
SIM_016,46,PAIR_00046,BM-221,BM-223,BM-221,,0.4009571315095831
SIM_016,47,PAIR_00047,BM-227,BM-213,BM-227,,0.898496525351987
SIM_016,48,PAIR_00048,BM-225,BM-212,BM-225,,0.9105025016100444
SIM_016,49,PAIR_00049,BF-007,BM-222,BF-007,,0.3052281205908015
SIM_016,50,PAIR_00050,BM-239,BF-242,BF-242,,0.6483185302283063
SIM_016,51,PAIR_00051,BM-214,BF-007,BM-214,,0.4558957557008482
SIM_016,52,PAIR_00052,BM-216,BM-212,BM-216,,0.8737173229181733
SIM_016,53,PAIR_00053,BM-223,BM-227,BM-227,,0.3986865182977619
SIM_016,54,PAIR_00054,BM-217,BM-231,BM-231,,0.45707731145428465
SIM_016,55,PAIR_00055,BF-242,BM-226,BM-226,,0.4797357297054694
SIM_016,56,PAIR_00056,BM-221,BM-239,BM-239,,0.6211326493727066
SIM_016,57,PAIR_00057,BM-228,BM-218,BM-228,,0.2830619035400725
SIM_016,58,PAIR_00058,BM-222,BM-225,BM-225,,0.6810258985706044
SIM_016,59,PAIR_00059,BM-229,BM-215,BM-215,,0.5327978943713936
SIM_016,60,PAIR_00060,BM-236,BM-211,BM-211,,0.5700307524616257
SIM_016,61,PAIR_00061,BF-255,BM-237,BM-237,,0.7119719570816829
SIM_016,62,PAIR_00062,BM-219,BM-213,BM-219,,0.8889412139677642
SIM_016,63,PAIR_00063,BF-242,BM-224,BM-224,,0.45494959516696887
SIM_016,64,PAIR_00064,BM-229,BM-237,BM-237,,0.49241736101051403
SIM_016,65,PAIR_00065,BM-226,BM-227,BM-227,,0.13736703098829836
SIM_016,66,PAIR_00066,BM-215,BM-216,BM-216,,0.42569403475889667
SIM_016,67,PAIR_00067,BM-213,BM-214,BM-214,,0.19309558203895444
SIM_016,68,PAIR_00068,BM-222,BM-217,BM-217,,0.8787115543332452
SIM_016,69,PAIR_00069,BM-225,BM-218,BM-218,,0.3750418211636877
SIM_016,70,PAIR_00070,BM-223,BF-007,BM-223,,0.54060842380539
SIM_016,71,PAIR_00071,BM-239,BM-211,BM-211,,0.20279883241704552
SIM_016,72,PAIR_00072,BM-236,BF-255,BM-236,,0.6158783457170887
SIM_016,73,PAIR_00073,BM-212,BM-219,BM-219,,0.061293611521879086
SIM_016,74,PAIR_00074,BM-231,BM-228,BM-228,,0.3472830018189138
SIM_016,75,PAIR_00075,BM-224,BM-221,BM-224,,0.28387450638342465
SIM_016,76,PAIR_00076,BM-221,BF-242,BM-221,,0.7513854013975068
SIM_016,77,PAIR_00077,BM-222,BM-219,BM-222,,0.5864840223325505
SIM_016,78,PAIR_00078,BM-224,BM-226,BM-226,,0.5248769766578227
SIM_016,79,PAIR_00079,BM-212,BM-214,BM-214,,0.11116701969697171
SIM_016,80,PAIR_00080,BF-007,BM-237,BF-007,,0.6128354244491387
SIM_016,81,PAIR_00081,BM-211,BM-217,BM-217,,0.8573691371982063
SIM_016,82,PAIR_00082,BM-228,BM-225,BM-225,,0.39683344870518444
SIM_016,83,PAIR_00083,BM-213,BM-216,BM-216,,0.21663610038712067
SIM_016,84,PAIR_00084,BM-223,BM-215,BM-223,,0.6864881778517896
SIM_016,85,PAIR_00085,BM-231,BM-227,BM-231,,0.17373565313266423
SIM_016,86,PAIR_00086,BM-239,BF-255,BF-255,,0.23527180306944467
SIM_016,87,PAIR_00087,BM-229,BM-236,BM-236,,0.19664388366947144
SIM_016,88,PAIR_00088,BM-219,BM-218,BM-219,,0.4746203209194756
SIM_016,89,PAIR_00089,BM-229,BM-214,BM-229,,0.4224551616355219
SIM_016,90,PAIR_00090,BM-213,BM-221,BM-213,,0.20290916874714177
SIM_016,91,PAIR_00091,BM-224,BM-215,BM-215,,0.36747839029831664
SIM_016,92,PAIR_00092,BM-212,BM-226,BM-226,,0.27048711097929706
SIM_016,93,PAIR_00093,BM-237,BM-227,BM-227,,0.2625068189721848
SIM_016,94,PAIR_00094,BM-217,BF-242,BM-217,,0.5465994159293619
SIM_016,95,PAIR_00095,BM-223,BM-218,BM-223,,0.3984593490577611
SIM_016,96,PAIR_00096,BF-255,BM-216,BF-255,,0.682926223091502
SIM_016,97,PAIR_00097,BM-222,BM-211,BM-211,,0.5465340657043668
SIM_016,98,PAIR_00098,BM-231,BF-007,BF-007,,0.271772807943265
SIM_016,99,PAIR_00099,BM-239,BM-225,BM-225,,0.31065077989289125
SIM_016,100,PAIR_00100,BM-228,BM-236,BM-228,,0.2188351921913676
SIM_016,101,PAIR_00101,BM-211,BM-226,BM-226,,0.8698289600678419
SIM_016,102,PAIR_00102,BF-007,BM-219,BM-219,,0.38388872519658374
SIM_016,103,PAIR_00103,BM-236,BM-214,BM-236,,0.7492659043913402
SIM_016,104,PAIR_00104,BF-242,BM-213,BF-242,,0.5651758931159829
SIM_016,105,PAIR_00105,BF-255,BM-222,BM-222,,0.40690134004113265
SIM_016,106,PAIR_00106,BM-212,BM-218,BM-218,,0.05570160960137181
SIM_016,107,PAIR_00107,BM-231,BM-215,BM-215,,0.4098254623839697
SIM_016,108,PAIR_00108,BM-228,BM-227,BM-228,,0.2832542619174882
SIM_016,109,PAIR_00109,BM-223,BM-216,BM-223,,0.6187652185868557
SIM_016,110,PAIR_00110,BM-237,BM-239,BM-239,,0.5680251532244893
SIM_016,111,PAIR_00111,BM-229,BM-225,BM-225,,0.36502653811052327
SIM_016,112,PAIR_00112,BM-224,BM-217,BM-217,,0.4984378712552536
SIM_016,113,PAIR_00113,BM-225,BM-221,BM-221,,0.5751073295424118
SIM_016,114,PAIR_00114,BM-214,BM-231,BM-214,,0.6918473256643518
SIM_016,115,PAIR_00115,BM-229,BM-223,BM-229,,0.34245527804465553
SIM_016,116,PAIR_00116,BF-242,BM-215,BF-242,,0.32656960876884994
SIM_016,117,PAIR_00117,BM-213,BM-226,BM-213,,0.4150088421278394
SIM_016,118,PAIR_00118,BM-216,BM-219,BM-219,,0.3111832951396571
SIM_016,119,PAIR_00119,BM-237,BM-222,BM-237,,0.217248963876395
SIM_016,120,PAIR_00120,BM-211,BM-221,BM-211,,0.7056882563938565
SIM_016,121,PAIR_00121,BM-217,BM-228,BM-228,,0.30935894027404387
SIM_016,122,PAIR_00122,BM-212,BM-224,BM-224,,0.2512902538392436
SIM_016,123,PAIR_00123,BM-239,BM-218,BM-239,,0.21286764940304412
SIM_016,124,PAIR_00124,BM-227,BF-255,BM-227,,0.53195615808631
SIM_016,125,PAIR_00125,BM-236,BF-007,BF-007,,0.7145985761171072
SIM_016,126,PAIR_00126,BM-223,BM-211,BM-223,,0.3838933329441322
SIM_016,127,PAIR_00127,BM-231,BM-212,BM-212,,0.7807608319292152
SIM_016,128,PAIR_00128,BM-219,BM-214,BM-219,,0.6569995404963171
SIM_016,129,PAIR_00129,BM-236,BF-242,BM-236,,0.9057254918377985
SIM_016,130,PAIR_00130,BM-213,BM-222,BM-222,,0.08095655714746094
SIM_016,131,PAIR_00131,BM-226,BM-221,BM-226,,0.2640714551215016
SIM_016,132,PAIR_00132,BF-007,BF-255,BF-007,,0.3903754955686164
SIM_016,133,PAIR_00133,BM-216,BM-237,BM-216,,0.5343777554152823
SIM_016,134,PAIR_00134,BM-239,BM-217,BM-239,,0.6046112198850913
SIM_016,135,PAIR_00135,BM-215,BM-225,BM-225,,0.3351477454818891
SIM_016,136,PAIR_00136,BM-229,BM-218,BM-229,,0.25649614064364357
SIM_016,137,PAIR_00137,BM-224,BM-227,BM-227,,0.14959987243631057
SIM_016,138,PAIR_00138,BM-228,BF-007,BF-007,,0.41225696256436
SIM_016,139,PAIR_00139,BM-216,BM-236,BM-236,,0.2245504545236615
SIM_016,140,PAIR_00140,BM-218,BM-217,BM-218,,0.8497244999092971
SIM_016,141,PAIR_00141,BM-231,BM-229,BM-231,,0.37846534003523
SIM_016,142,PAIR_00142,BM-237,BM-214,BM-237,,0.42987286313774875
SIM_016,143,PAIR_00143,BF-242,BM-227,BM-227,,0.12803625194772436
SIM_016,144,PAIR_00144,BM-219,BM-224,BM-219,,0.8371378204852085
SIM_016,145,PAIR_00145,BM-211,BF-255,BF-255,,0.5473857435404343
SIM_016,146,PAIR_00146,BM-225,BM-223,BM-225,,0.4753304079297246
SIM_016,147,PAIR_00147,BM-222,BM-221,BM-222,,0.7429218072548591
SIM_016,148,PAIR_00148,BM-212,BM-213,BM-213,,0.343247453131141
SIM_016,149,PAIR_00149,BM-239,BM-226,BM-239,,0.6296124959858393
SIM_016,150,PAIR_00150,BM-228,BM-215,BM-215,,0.5661884331139478
SIM_016,151,PAIR_00151,BM-226,BM-231,BM-226,,0.43095568282384794
SIM_016,152,PAIR_00152,BM-217,BM-227,BM-227,,0.15039655126629822
SIM_016,153,PAIR_00153,BM-239,BM-236,BM-236,,0.1609915146051335
SIM_016,154,PAIR_00154,BF-255,BM-229,BF-255,,0.7181520469739519
SIM_016,155,PAIR_00155,BM-237,BM-223,BM-223,,0.3493178947989133
SIM_016,156,PAIR_00156,BM-224,BM-225,BM-225,,0.22652408676368152
SIM_016,157,PAIR_00157,BM-222,BF-242,BM-222,,0.8972674817394369
SIM_016,158,PAIR_00158,BM-211,BM-215,BM-211,,0.778476014177606
SIM_016,159,PAIR_00159,BM-214,BM-228,BM-214,,0.5443249145087194
SIM_016,160,PAIR_00160,BF-007,BM-212,BF-007,,0.9051455603350077
SIM_016,161,PAIR_00161,BM-221,BM-218,BM-221,,0.3071734138642074
SIM_016,162,PAIR_00162,BM-213,BM-215,BM-215,,0.27171535970268296
SIM_016,163,PAIR_00163,BM-222,BM-216,BM-222,,0.7584210486984893
SIM_016,164,PAIR_00164,BM-226,BM-219,BM-219,,0.14973582300182697
SIM_016,165,PAIR_00165,BF-242,BM-219,BM-219,,0.1397009443711754
SIM_016,166,PAIR_00166,BM-239,BM-212,BM-212,,0.8209368081505211
SIM_016,167,PAIR_00167,BM-224,BM-231,BM-231,,0.455527110474699
SIM_016,168,PAIR_00168,BF-255,BM-221,BF-255,,0.664724591609599
SIM_016,169,PAIR_00169,BM-214,BM-211,BM-211,,0.3073102650961119
SIM_016,170,PAIR_00170,BM-225,BM-237,BM-225,,0.6279144817815363
SIM_016,171,PAIR_00171,BM-236,BM-223,BM-236,,0.6802741559998849
SIM_016,172,PAIR_00172,BM-217,BM-229,BM-229,,0.33890413853700446
SIM_016,173,PAIR_00173,BM-227,BM-216,BM-227,,0.7099726993206014
SIM_016,174,PAIR_00174,BM-213,BM-228,BM-228,,0.22231027439100884
SIM_016,175,PAIR_00175,BM-218,BF-007,BM-218,,0.6398425641938011
SIM_016,176,PAIR_00176,BM-216,BF-007,BM-216,,0.4203057864236588
SIM_016,177,PAIR_00177,BM-226,BM-217,BM-217,,0.47356500376324917
SIM_016,178,PAIR_00178,BF-255,BM-219,BM-219,,0.4931652408467495
SIM_016,179,PAIR_00179,BM-223,BM-231,BM-223,,0.7592256577132775
SIM_016,180,PAIR_00180,BM-213,BM-239,BM-239,,0.2944534790660408
SIM_016,181,PAIR_00181,BM-214,BM-227,BM-214,,0.3206884215984604
SIM_016,182,PAIR_00182,BM-212,BM-237,BM-237,,0.1422769554917922
SIM_016,183,PAIR_00183,BM-218,BM-224,BM-218,,0.8505206503266772
SIM_016,184,PAIR_00184,BM-228,BM-222,BM-222,,0.23556193822118957
SIM_016,185,PAIR_00185,BF-242,BM-225,BM-225,,0.19643367405875783
SIM_016,186,PAIR_00186,BM-215,BM-221,BM-221,,0.40557872439933085
SIM_016,187,PAIR_00187,BM-229,BM-211,BM-229,,0.2450060041102735
SIM_016,188,PAIR_00188,BM-236,BM-215,BM-236,,0.8232878750346994
SIM_016,189,PAIR_00189,BM-217,BM-236,BM-236,,0.11149254937650074
SIM_016,190,PAIR_00190,BM-213,BF-007,BM-213,,0.1670199276460357
SIM_016,191,PAIR_00191,BF-242,BM-223,BM-223,,0.181310561075186
SIM_016,192,PAIR_00192,BM-212,BM-211,BM-212,,0.05257037532846488
SIM_016,193,PAIR_00193,BM-224,BM-216,BM-224,,0.30101034586316194
SIM_016,194,PAIR_00194,BM-228,BM-229,BM-229,,0.5336830207039965
SIM_016,195,PAIR_00195,BM-237,BM-226,BM-237,,0.6909048845448961
SIM_016,196,PAIR_00196,BM-218,BF-255,BM-218,,0.5321921015517458
SIM_016,197,PAIR_00197,BM-221,BM-227,BM-227,,0.3073751326137769
SIM_016,198,PAIR_00198,BM-219,BM-225,BM-225,,0.6008579426588972
SIM_016,199,PAIR_00199,BM-239,BM-214,BM-239,,0.36443452115951475
SIM_016,200,PAIR_00200,BM-231,BM-222,BM-222,,0.14085935233764144
SIM_016,201,PAIR_00201,BM-215,BM-217,BM-217,,0.6310680135639577
SIM_016,202,PAIR_00202,BM-222,BM-224,BM-224,,0.8793759336275948
SIM_016,203,PAIR_00203,BF-255,BM-214,BF-255,,0.6508120994774664
SIM_016,204,PAIR_00204,BM-228,BM-219,BM-228,,0.3041278356745797
SIM_016,205,PAIR_00205,BM-229,BM-221,BM-221,,0.437603698557496
SIM_016,206,PAIR_00206,BM-226,BM-218,BM-218,,0.13725477278924952
SIM_016,207,PAIR_00207,BM-225,BM-216,BM-216,,0.5952114627748064
SIM_016,208,PAIR_00208,BM-211,BM-237,BM-211,,0.7493397780868819
SIM_016,209,PAIR_00209,BM-239,BM-231,BM-239,,0.5628167694682431
SIM_016,210,PAIR_00210,BM-213,BM-236,BM-236,,0.07414322575223149
SIM_016,211,PAIR_00211,BF-007,BF-242,BF-007,,0.793261986734821
SIM_016,212,PAIR_00212,BM-212,BM-223,BM-223,,0.08176947027292372
SIM_016,213,PAIR_00213,BM-227,BM-211,BM-211,,0.48447638700912915
SIM_016,214,PAIR_00214,BM-216,BM-217,BM-216,,0.6976733103767735
SIM_016,215,PAIR_00215,BM-219,BM-227,BM-219,,0.4748566345512353
SIM_016,216,PAIR_00216,BM-214,BM-218,BM-214,,0.3204820085092622
SIM_016,217,PAIR_00217,BM-237,BM-215,BM-237,,0.5403404035999196
SIM_016,218,PAIR_00218,BM-236,BM-226,BM-236,,0.8985689276258495
SIM_016,219,PAIR_00219,BM-224,BM-228,BM-228,,0.30802549607309854
SIM_016,220,PAIR_00220,BM-231,BF-242,BM-231,,0.5888115508887632
SIM_016,221,PAIR_00221,BM-225,BF-255,BF-255,,0.4057168439867916
SIM_016,222,PAIR_00222,BM-221,BF-007,BF-007,,0.44061009653969924
SIM_016,223,PAIR_00223,BM-212,BM-229,BM-229,,0.1460189214358076
SIM_016,224,PAIR_00224,BM-222,BM-239,BM-222,,0.8257166177944669
SIM_016,225,PAIR_00225,BM-223,BM-213,BM-223,,0.8544189721459678
SIM_016,226,PAIR_00226,BM-221,BM-228,BM-228,,0.5289567135647587
SIM_016,227,PAIR_00227,BM-215,BF-007,BF-007,,0.34956322046724636
SIM_016,228,PAIR_00228,BF-255,BM-231,BF-255,,0.8071163599244839
SIM_016,229,PAIR_00229,BM-219,BM-223,BM-223,,0.5769542374218426
SIM_016,230,PAIR_00230,BM-218,BM-213,BM-218,,0.8985829210390318
SIM_016,231,PAIR_00231,BM-226,BM-216,BM-226,,0.2804800925353363
SIM_016,232,PAIR_00232,BM-225,BM-214,BM-225,,0.5599379861217109
SIM_016,233,PAIR_00233,BM-227,BM-229,BM-227,,0.7433230907449867
SIM_016,234,PAIR_00234,BM-224,BM-239,BM-224,,0.3938960078122809
SIM_016,235,PAIR_00235,BM-212,BM-217,BM-217,,0.2501164607503142
SIM_016,236,PAIR_00236,BM-236,BM-237,BM-236,,0.7985201491919167
SIM_016,237,PAIR_00237,BM-211,BF-242,BM-211,,0.8787396547598036
SIM_016,238,PAIR_00238,BM-218,BM-222,BM-218,,0.43835442419306125
SIM_016,239,PAIR_00239,BM-227,BM-222,BM-222,,0.4381211207784558
SIM_016,240,PAIR_00240,BM-229,BF-242,BM-229,,0.7016404399947652
SIM_016,241,PAIR_00241,BM-211,BM-231,BM-211,,0.8350011035534172
SIM_016,242,PAIR_00242,BM-213,BM-225,BM-225,,0.15830018632255818
SIM_016,243,PAIR_00243,BM-228,BF-255,BF-255,,0.3099448578523684
SIM_016,244,PAIR_00244,BM-223,BM-226,BM-226,,0.8063385161216202
SIM_016,245,PAIR_00245,BM-212,BM-215,BM-215,,0.1631748808952223
SIM_016,246,PAIR_00246,BM-221,BM-237,BM-237,,0.5549175947981636
SIM_016,247,PAIR_00247,BM-219,BM-239,BM-239,,0.7696116648813172
SIM_016,248,PAIR_00248,BM-216,BM-214,BM-214,,0.46390252138950805
SIM_016,249,PAIR_00249,BM-236,BM-224,BM-236,,0.8891249417513256
SIM_016,250,PAIR_00250,BM-217,BF-007,BF-007,,0.23907435981385444
SIM_016,251,PAIR_00251,BM-212,BM-228,BM-228,,0.1299829775347618
SIM_016,252,PAIR_00252,BM-217,BM-225,BM-217,,0.22762076888279198
SIM_016,253,PAIR_00253,BM-236,BM-219,BM-236,,0.6093901347663366
SIM_016,254,PAIR_00254,BM-218,BF-242,BM-218,,0.872069511853059
SIM_016,255,PAIR_00255,BM-226,BM-214,BM-226,,0.2522358602332104
SIM_016,256,PAIR_00256,BF-255,BM-213,BF-255,,0.886213166818921
SIM_016,257,PAIR_00257,BM-227,BM-239,BM-227,,0.7869735199346419
SIM_016,258,PAIR_00258,BM-229,BM-222,BM-229,,0.21213505355168763
SIM_016,259,PAIR_00259,BM-224,BM-223,BM-223,,0.20968887622430654
SIM_016,260,PAIR_00260,BM-216,BM-231,BM-231,,0.6601871626425073
SIM_016,261,PAIR_00261,BM-211,BF-007,BF-007,,0.6538142109888488
SIM_016,262,PAIR_00262,BM-215,BM-222,BM-222,,0.19100644193377725
SIM_016,263,PAIR_00263,BM-237,BM-218,BM-237,,0.2623233935218685
SIM_016,264,PAIR_00264,BM-221,BM-217,BM-221,,0.7148535166790715
SIM_016,265,PAIR_00265,BM-231,BM-237,BM-231,,0.3713569069910973
SIM_016,266,PAIR_00266,BM-228,BM-226,BM-226,,0.7127866217890074
SIM_016,267,PAIR_00267,BM-236,BM-221,BM-236,,0.7606981020969623
SIM_016,268,PAIR_00268,BM-239,BM-215,BM-215,,0.4720079919409225
SIM_016,269,PAIR_00269,BM-216,BM-211,BM-211,,0.27740590065037546
SIM_016,270,PAIR_00270,BF-255,BF-242,BF-242,,0.8569806375300371
SIM_016,271,PAIR_00271,BM-223,BM-214,BM-223,,0.5841101020402096
SIM_016,272,PAIR_00272,BM-225,BF-007,BM-225,,0.5160029583577592
SIM_016,273,PAIR_00273,BM-229,BM-219,BM-229,,0.2763470748582293
SIM_016,274,PAIR_00274,BM-213,BM-224,BM-213,,0.3910532598856224
SIM_016,275,PAIR_00275,BF-007,BM-227,BF-007,,0.3603758504743594
SIM_016,276,PAIR_00276,BM-236,BM-212,BM-236,,0.959827717024812
SIM_016,277,PAIR_00277,BM-237,BM-224,BM-237,,0.6692429390672207
SIM_016,278,PAIR_00278,BF-242,BM-216,BF-242,,0.2644078645825088
SIM_016,279,PAIR_00279,BM-215,BM-227,BM-227,,0.23242066634806705
SIM_016,280,PAIR_00280,BM-212,BM-221,BM-221,,0.11742272550174405
SIM_016,281,PAIR_00281,BM-231,BM-225,BM-225,,0.25928649124739844
SIM_016,282,PAIR_00282,BM-226,BM-222,BM-222,,0.11045284726338489
SIM_016,283,PAIR_00283,BM-217,BM-213,BM-217,,0.6104336905348509
SIM_016,284,PAIR_00284,BM-239,BM-229,BM-229,,0.4394325204751498
SIM_016,285,PAIR_00285,BF-255,BM-223,BF-255,,0.5702673104810158
SIM_016,286,PAIR_00286,BM-228,BM-211,BM-228,,0.27081518045009806
SIM_016,287,PAIR_00287,BM-222,BM-214,BM-214,,0.7309407531975411
SIM_016,288,PAIR_00288,BM-219,BM-215,BM-219,,0.7491406879013857
SIM_016,289,PAIR_00289,BM-218,BM-231,BM-231,,0.8264003448400584
SIM_016,290,PAIR_00290,BM-223,BM-217,BM-223,,0.7892737414758372
SIM_016,291,PAIR_00291,BM-216,BM-228,BM-216,,0.5082804312428928
SIM_016,292,PAIR_00292,BM-224,BF-255,BF-255,,0.16662420623664836
SIM_016,293,PAIR_00293,BM-226,BM-229,BM-229,,0.3156100905346744
SIM_016,294,PAIR_00294,BM-237,BM-219,BM-219,,0.28245398664576415
SIM_016,295,PAIR_00295,BF-242,BM-212,BM-212,,0.7132151985625615
SIM_016,296,PAIR_00296,BM-225,BM-227,BM-227,,0.37526396834976317
SIM_016,297,PAIR_00297,BM-214,BM-221,BM-221,,0.5154475086916739
SIM_016,298,PAIR_00298,BM-218,BM-236,BM-236,,0.4150461190579815
SIM_016,299,PAIR_00299,BM-211,BM-213,BM-211,,0.9040228264809127
SIM_016,300,PAIR_00300,BF-007,BM-239,BF-007,,0.6754730993723337
SIM_017,1,PAIR_00001,BM-216,BM-221,BM-221,,0.47930386809454184
SIM_017,2,PAIR_00002,BM-239,BM-228,BM-228,,0.4065123944074379
SIM_017,3,PAIR_00003,BF-007,BM-229,BM-229,,0.620007354928767
SIM_017,4,PAIR_00004,BM-212,BM-227,BM-227,,0.055751477219154306
SIM_017,5,PAIR_00005,BM-223,BM-222,BM-223,,0.34079984699266824
SIM_017,6,PAIR_00006,BF-242,BM-237,BM-237,,0.2920487232935015
SIM_017,7,PAIR_00007,BM-213,BM-231,BM-213,,0.3494972203862205
SIM_017,8,PAIR_00008,BM-225,BM-236,BM-236,,0.2986383072115851
SIM_017,9,PAIR_00009,BM-226,BM-215,BM-226,,0.3446500059286485
SIM_017,10,PAIR_00010,BM-218,BM-211,BM-218,,0.48471308048957706
SIM_017,11,PAIR_00011,BM-219,BM-217,BM-219,,0.836284111455051
SIM_017,12,PAIR_00012,BM-214,BM-224,BM-224,,0.7285212378857929
SIM_017,13,PAIR_00013,BF-255,BM-215,BM-215,,0.7439676574531842
SIM_017,14,PAIR_00014,BM-222,BM-236,BM-236,,0.47619298251945674
SIM_017,15,PAIR_00015,BM-224,BF-007,BM-224,,0.2379394939340924
SIM_017,16,PAIR_00016,BM-228,BM-223,BM-223,,0.37345215256477066
SIM_017,17,PAIR_00017,BM-221,BM-231,BM-221,,0.6785159906769078
SIM_017,18,PAIR_00018,BM-212,BF-255,BF-255,,0.06288570486356526
SIM_017,19,PAIR_00019,BM-213,BM-229,BM-229,,0.24650926495140532
SIM_017,20,PAIR_00020,BF-242,BM-214,BM-214,,0.23724843950996033
SIM_017,21,PAIR_00021,BM-218,BM-227,BM-218,,0.5002369183711579
SIM_017,22,PAIR_00022,BM-219,BM-211,BM-219,,0.459396414456364
SIM_017,23,PAIR_00023,BM-216,BM-239,BM-239,,0.6014538878382059
SIM_017,24,PAIR_00024,BM-225,BM-226,BM-225,,0.7904488994507026
SIM_017,25,PAIR_00025,BM-217,BM-237,BM-237,,0.3321416766402924
SIM_017,26,PAIR_00026,BM-228,BF-242,BM-228,,0.7290994168484117
SIM_017,27,PAIR_00027,BM-226,BF-007,BM-226,,0.22035484969150645
SIM_017,28,PAIR_00028,BM-218,BM-216,BM-218,,0.7101677973349876
SIM_017,29,PAIR_00029,BM-237,BM-213,BM-237,,0.7590814226534237
SIM_017,30,PAIR_00030,BM-231,BM-236,BM-236,,0.12971614300494108
SIM_017,31,PAIR_00031,BM-211,BM-225,BM-225,,0.6391816251210418
SIM_017,32,PAIR_00032,BM-224,BM-229,BM-229,,0.3375055782864029
SIM_017,33,PAIR_00033,BM-221,BM-219,BM-219,,0.3292097878666537
SIM_017,34,PAIR_00034,BM-215,BM-214,BM-214,,0.3907685043566045
SIM_017,35,PAIR_00035,BM-239,BM-223,BM-239,,0.2899067120138933
SIM_017,36,PAIR_00036,BM-217,BF-255,BF-255,,0.16749368987613308
SIM_017,37,PAIR_00037,BM-222,BM-212,BM-222,,0.9559877205776918
SIM_017,38,PAIR_00038,BM-236,BM-227,BM-236,,0.5851839412783998
SIM_017,39,PAIR_00039,BM-217,BM-214,BM-217,,0.27271634835576414
SIM_017,40,PAIR_00040,BF-255,BM-226,BF-255,,0.8467498546318379
SIM_017,41,PAIR_00041,BM-229,BM-216,BM-216,,0.458083311976373
SIM_017,42,PAIR_00042,BM-211,BM-224,BM-211,,0.8581315487375101
SIM_017,43,PAIR_00043,BM-219,BM-231,BM-219,,0.8113370505696746
SIM_017,44,PAIR_00044,BM-218,BM-215,BM-218,,0.7677483569731899
SIM_017,45,PAIR_00045,BM-228,BM-237,BM-228,,0.5261270737795799
SIM_017,46,PAIR_00046,BM-221,BM-223,BM-223,,0.4009571315095831
SIM_017,47,PAIR_00047,BM-227,BM-213,BM-227,,0.898496525351987
SIM_017,48,PAIR_00048,BM-225,BM-212,BM-225,,0.9105025016100444
SIM_017,49,PAIR_00049,BF-007,BM-222,BM-222,,0.3052281205908015
SIM_017,50,PAIR_00050,BM-239,BF-242,BM-239,,0.6483185302283063
SIM_017,51,PAIR_00051,BM-214,BF-007,BF-007,,0.4558957557008482
SIM_017,52,PAIR_00052,BM-216,BM-212,BM-216,,0.8737173229181733
SIM_017,53,PAIR_00053,BM-223,BM-227,BM-227,,0.3986865182977619
SIM_017,54,PAIR_00054,BM-217,BM-231,BM-231,,0.45707731145428465
SIM_017,55,PAIR_00055,BF-242,BM-226,BM-226,,0.4797357297054694
SIM_017,56,PAIR_00056,BM-221,BM-239,BM-221,,0.6211326493727066
SIM_017,57,PAIR_00057,BM-228,BM-218,BM-228,,0.2830619035400725
SIM_017,58,PAIR_00058,BM-222,BM-225,BM-222,,0.6810258985706044
SIM_017,59,PAIR_00059,BM-229,BM-215,BM-215,,0.5327978943713936
SIM_017,60,PAIR_00060,BM-236,BM-211,BM-211,,0.5700307524616257
SIM_017,61,PAIR_00061,BF-255,BM-237,BF-255,,0.7119719570816829
SIM_017,62,PAIR_00062,BM-219,BM-213,BM-219,,0.8889412139677642
SIM_017,63,PAIR_00063,BF-242,BM-224,BM-224,,0.45494959516696887
SIM_017,64,PAIR_00064,BM-229,BM-237,BM-229,,0.49241736101051403
SIM_017,65,PAIR_00065,BM-226,BM-227,BM-227,,0.13736703098829836
SIM_017,66,PAIR_00066,BM-215,BM-216,BM-216,,0.42569403475889667
SIM_017,67,PAIR_00067,BM-213,BM-214,BM-214,,0.19309558203895444
SIM_017,68,PAIR_00068,BM-222,BM-217,BM-217,,0.8787115543332452
SIM_017,69,PAIR_00069,BM-225,BM-218,BM-218,,0.3750418211636877
SIM_017,70,PAIR_00070,BM-223,BF-007,BF-007,,0.54060842380539
SIM_017,71,PAIR_00071,BM-239,BM-211,BM-239,,0.20279883241704552
SIM_017,72,PAIR_00072,BM-236,BF-255,BM-236,,0.6158783457170887
SIM_017,73,PAIR_00073,BM-212,BM-219,BM-219,,0.061293611521879086
SIM_017,74,PAIR_00074,BM-231,BM-228,BM-228,,0.3472830018189138
SIM_017,75,PAIR_00075,BM-224,BM-221,BM-221,,0.28387450638342465
SIM_017,76,PAIR_00076,BM-221,BF-242,BF-242,,0.7513854013975068
SIM_017,77,PAIR_00077,BM-222,BM-219,BM-219,,0.5864840223325505
SIM_017,78,PAIR_00078,BM-224,BM-226,BM-224,,0.5248769766578227
SIM_017,79,PAIR_00079,BM-212,BM-214,BM-214,,0.11116701969697171
SIM_017,80,PAIR_00080,BF-007,BM-237,BM-237,,0.6128354244491387
SIM_017,81,PAIR_00081,BM-211,BM-217,BM-217,,0.8573691371982063
SIM_017,82,PAIR_00082,BM-228,BM-225,BM-225,,0.39683344870518444
SIM_017,83,PAIR_00083,BM-213,BM-216,BM-216,,0.21663610038712067
SIM_017,84,PAIR_00084,BM-223,BM-215,BM-223,,0.6864881778517896
SIM_017,85,PAIR_00085,BM-231,BM-227,BM-227,,0.17373565313266423
SIM_017,86,PAIR_00086,BM-239,BF-255,BF-255,,0.23527180306944467
SIM_017,87,PAIR_00087,BM-229,BM-236,BM-236,,0.19664388366947144
SIM_017,88,PAIR_00088,BM-219,BM-218,BM-218,,0.4746203209194756
SIM_017,89,PAIR_00089,BM-229,BM-214,BM-229,,0.4224551616355219
SIM_017,90,PAIR_00090,BM-213,BM-221,BM-221,,0.20290916874714177
SIM_017,91,PAIR_00091,BM-224,BM-215,BM-224,,0.36747839029831664
SIM_017,92,PAIR_00092,BM-212,BM-226,BM-212,,0.27048711097929706
SIM_017,93,PAIR_00093,BM-237,BM-227,BM-227,,0.2625068189721848
SIM_017,94,PAIR_00094,BM-217,BF-242,BF-242,,0.5465994159293619
SIM_017,95,PAIR_00095,BM-223,BM-218,BM-223,,0.3984593490577611
SIM_017,96,PAIR_00096,BF-255,BM-216,BM-216,,0.682926223091502
SIM_017,97,PAIR_00097,BM-222,BM-211,BM-211,,0.5465340657043668
SIM_017,98,PAIR_00098,BM-231,BF-007,BF-007,,0.271772807943265
SIM_017,99,PAIR_00099,BM-239,BM-225,BM-225,,0.31065077989289125
SIM_017,100,PAIR_00100,BM-228,BM-236,BM-236,,0.2188351921913676
SIM_017,101,PAIR_00101,BM-211,BM-226,BM-211,,0.8698289600678419
SIM_017,102,PAIR_00102,BF-007,BM-219,BM-219,,0.38388872519658374
SIM_017,103,PAIR_00103,BM-236,BM-214,BM-236,,0.7492659043913402
SIM_017,104,PAIR_00104,BF-242,BM-213,BF-242,,0.5651758931159829
SIM_017,105,PAIR_00105,BF-255,BM-222,BM-222,,0.40690134004113265
SIM_017,106,PAIR_00106,BM-212,BM-218,BM-218,,0.05570160960137181
SIM_017,107,PAIR_00107,BM-231,BM-215,BM-215,,0.4098254623839697
SIM_017,108,PAIR_00108,BM-228,BM-227,BM-228,,0.2832542619174882
SIM_017,109,PAIR_00109,BM-223,BM-216,BM-216,,0.6187652185868557
SIM_017,110,PAIR_00110,BM-237,BM-239,BM-237,,0.5680251532244893
SIM_017,111,PAIR_00111,BM-229,BM-225,BM-225,,0.36502653811052327
SIM_017,112,PAIR_00112,BM-224,BM-217,BM-224,,0.4984378712552536
SIM_017,113,PAIR_00113,BM-225,BM-221,BM-225,,0.5751073295424118
SIM_017,114,PAIR_00114,BM-214,BM-231,BM-214,,0.6918473256643518
SIM_017,115,PAIR_00115,BM-229,BM-223,BM-223,,0.34245527804465553
SIM_017,116,PAIR_00116,BF-242,BM-215,BM-215,,0.32656960876884994
SIM_017,117,PAIR_00117,BM-213,BM-226,BM-226,,0.4150088421278394
SIM_017,118,PAIR_00118,BM-216,BM-219,BM-216,,0.3111832951396571
SIM_017,119,PAIR_00119,BM-237,BM-222,BM-222,,0.217248963876395
SIM_017,120,PAIR_00120,BM-211,BM-221,BM-211,,0.7056882563938565
SIM_017,121,PAIR_00121,BM-217,BM-228,BM-228,,0.30935894027404387
SIM_017,122,PAIR_00122,BM-212,BM-224,BM-224,,0.2512902538392436
SIM_017,123,PAIR_00123,BM-239,BM-218,BM-218,,0.21286764940304412
SIM_017,124,PAIR_00124,BM-227,BF-255,BF-255,,0.53195615808631
SIM_017,125,PAIR_00125,BM-236,BF-007,BM-236,,0.7145985761171072
SIM_017,126,PAIR_00126,BM-223,BM-211,BM-223,,0.3838933329441322
SIM_017,127,PAIR_00127,BM-231,BM-212,BM-231,,0.7807608319292152
SIM_017,128,PAIR_00128,BM-219,BM-214,BM-219,,0.6569995404963171
SIM_017,129,PAIR_00129,BM-236,BF-242,BM-236,,0.9057254918377985
SIM_017,130,PAIR_00130,BM-213,BM-222,BM-222,,0.08095655714746094
SIM_017,131,PAIR_00131,BM-226,BM-221,BM-221,,0.2640714551215016
SIM_017,132,PAIR_00132,BF-007,BF-255,BF-255,,0.3903754955686164
SIM_017,133,PAIR_00133,BM-216,BM-237,BM-237,,0.5343777554152823
SIM_017,134,PAIR_00134,BM-239,BM-217,BM-239,,0.6046112198850913
SIM_017,135,PAIR_00135,BM-215,BM-225,BM-215,,0.3351477454818891
SIM_017,136,PAIR_00136,BM-229,BM-218,BM-218,,0.25649614064364357
SIM_017,137,PAIR_00137,BM-224,BM-227,BM-227,,0.14959987243631057
SIM_017,138,PAIR_00138,BM-228,BF-007,BM-228,,0.41225696256436
SIM_017,139,PAIR_00139,BM-216,BM-236,BM-236,,0.2245504545236615
SIM_017,140,PAIR_00140,BM-218,BM-217,BM-218,,0.8497244999092971
SIM_017,141,PAIR_00141,BM-231,BM-229,BM-229,,0.37846534003523
SIM_017,142,PAIR_00142,BM-237,BM-214,BM-237,,0.42987286313774875
SIM_017,143,PAIR_00143,BF-242,BM-227,BM-227,,0.12803625194772436
SIM_017,144,PAIR_00144,BM-219,BM-224,BM-219,,0.8371378204852085
SIM_017,145,PAIR_00145,BM-211,BF-255,BM-211,,0.5473857435404343
SIM_017,146,PAIR_00146,BM-225,BM-223,BM-225,,0.4753304079297246
SIM_017,147,PAIR_00147,BM-222,BM-221,BM-222,,0.7429218072548591
SIM_017,148,PAIR_00148,BM-212,BM-213,BM-212,,0.343247453131141
SIM_017,149,PAIR_00149,BM-239,BM-226,BM-226,,0.6296124959858393
SIM_017,150,PAIR_00150,BM-228,BM-215,BM-215,,0.5661884331139478
SIM_017,151,PAIR_00151,BM-226,BM-231,BM-226,,0.43095568282384794
SIM_017,152,PAIR_00152,BM-217,BM-227,BM-227,,0.15039655126629822
SIM_017,153,PAIR_00153,BM-239,BM-236,BM-239,,0.1609915146051335
SIM_017,154,PAIR_00154,BF-255,BM-229,BM-229,,0.7181520469739519
SIM_017,155,PAIR_00155,BM-237,BM-223,BM-223,,0.3493178947989133
SIM_017,156,PAIR_00156,BM-224,BM-225,BM-225,,0.22652408676368152
SIM_017,157,PAIR_00157,BM-222,BF-242,BM-222,,0.8972674817394369
SIM_017,158,PAIR_00158,BM-211,BM-215,BM-211,,0.778476014177606
SIM_017,159,PAIR_00159,BM-214,BM-228,BM-214,,0.5443249145087194
SIM_017,160,PAIR_00160,BF-007,BM-212,BF-007,,0.9051455603350077
SIM_017,161,PAIR_00161,BM-221,BM-218,BM-218,,0.3071734138642074
SIM_017,162,PAIR_00162,BM-213,BM-215,BM-213,,0.27171535970268296
SIM_017,163,PAIR_00163,BM-222,BM-216,BM-216,,0.7584210486984893
SIM_017,164,PAIR_00164,BM-226,BM-219,BM-219,,0.14973582300182697
SIM_017,165,PAIR_00165,BF-242,BM-219,BM-219,,0.1397009443711754
SIM_017,166,PAIR_00166,BM-239,BM-212,BM-212,,0.8209368081505211
SIM_017,167,PAIR_00167,BM-224,BM-231,BM-224,,0.455527110474699
SIM_017,168,PAIR_00168,BF-255,BM-221,BF-255,,0.664724591609599
SIM_017,169,PAIR_00169,BM-214,BM-211,BM-211,,0.3073102650961119
SIM_017,170,PAIR_00170,BM-225,BM-237,BM-225,,0.6279144817815363
SIM_017,171,PAIR_00171,BM-236,BM-223,BM-236,,0.6802741559998849
SIM_017,172,PAIR_00172,BM-217,BM-229,BM-229,,0.33890413853700446
SIM_017,173,PAIR_00173,BM-227,BM-216,BM-216,,0.7099726993206014
SIM_017,174,PAIR_00174,BM-213,BM-228,BM-228,,0.22231027439100884
SIM_017,175,PAIR_00175,BM-218,BF-007,BM-218,,0.6398425641938011
SIM_017,176,PAIR_00176,BM-216,BF-007,BF-007,,0.4203057864236588
SIM_017,177,PAIR_00177,BM-226,BM-217,BM-226,,0.47356500376324917
SIM_017,178,PAIR_00178,BF-255,BM-219,BF-255,,0.4931652408467495
SIM_017,179,PAIR_00179,BM-223,BM-231,BM-223,,0.7592256577132775
SIM_017,180,PAIR_00180,BM-213,BM-239,BM-239,,0.2944534790660408
SIM_017,181,PAIR_00181,BM-214,BM-227,BM-227,,0.3206884215984604
SIM_017,182,PAIR_00182,BM-212,BM-237,BM-237,,0.1422769554917922
SIM_017,183,PAIR_00183,BM-218,BM-224,BM-218,,0.8505206503266772
SIM_017,184,PAIR_00184,BM-228,BM-222,BM-222,,0.23556193822118957
SIM_017,185,PAIR_00185,BF-242,BM-225,BM-225,,0.19643367405875783
SIM_017,186,PAIR_00186,BM-215,BM-221,BM-215,,0.40557872439933085
SIM_017,187,PAIR_00187,BM-229,BM-211,BM-211,,0.2450060041102735
SIM_017,188,PAIR_00188,BM-236,BM-215,BM-236,,0.8232878750346994
SIM_017,189,PAIR_00189,BM-217,BM-236,BM-236,,0.11149254937650074
SIM_017,190,PAIR_00190,BM-213,BF-007,BF-007,,0.1670199276460357
SIM_017,191,PAIR_00191,BF-242,BM-223,BM-223,,0.181310561075186
SIM_017,192,PAIR_00192,BM-212,BM-211,BM-211,,0.05257037532846488
SIM_017,193,PAIR_00193,BM-224,BM-216,BM-216,,0.30101034586316194
SIM_017,194,PAIR_00194,BM-228,BM-229,BM-228,,0.5336830207039965
SIM_017,195,PAIR_00195,BM-237,BM-226,BM-226,,0.6909048845448961
SIM_017,196,PAIR_00196,BM-218,BF-255,BM-218,,0.5321921015517458
SIM_017,197,PAIR_00197,BM-221,BM-227,BM-227,,0.3073751326137769
SIM_017,198,PAIR_00198,BM-219,BM-225,BM-219,,0.6008579426588972
SIM_017,199,PAIR_00199,BM-239,BM-214,BM-214,,0.36443452115951475
SIM_017,200,PAIR_00200,BM-231,BM-222,BM-222,,0.14085935233764144
SIM_017,201,PAIR_00201,BM-215,BM-217,BM-217,,0.6310680135639577
SIM_017,202,PAIR_00202,BM-222,BM-224,BM-222,,0.8793759336275948
SIM_017,203,PAIR_00203,BF-255,BM-214,BM-214,,0.6508120994774664
SIM_017,204,PAIR_00204,BM-228,BM-219,BM-228,,0.3041278356745797
SIM_017,205,PAIR_00205,BM-229,BM-221,BM-221,,0.437603698557496
SIM_017,206,PAIR_00206,BM-226,BM-218,BM-226,,0.13725477278924952
SIM_017,207,PAIR_00207,BM-225,BM-216,BM-225,,0.5952114627748064
SIM_017,208,PAIR_00208,BM-211,BM-237,BM-237,,0.7493397780868819
SIM_017,209,PAIR_00209,BM-239,BM-231,BM-231,,0.5628167694682431
SIM_017,210,PAIR_00210,BM-213,BM-236,BM-236,,0.07414322575223149
SIM_017,211,PAIR_00211,BF-007,BF-242,BF-007,,0.793261986734821
SIM_017,212,PAIR_00212,BM-212,BM-223,BM-212,,0.08176947027292372
SIM_017,213,PAIR_00213,BM-227,BM-211,BM-227,,0.48447638700912915
SIM_017,214,PAIR_00214,BM-216,BM-217,BM-217,,0.6976733103767735
SIM_017,215,PAIR_00215,BM-219,BM-227,BM-227,,0.4748566345512353
SIM_017,216,PAIR_00216,BM-214,BM-218,BM-218,,0.3204820085092622
SIM_017,217,PAIR_00217,BM-237,BM-215,BM-237,,0.5403404035999196
SIM_017,218,PAIR_00218,BM-236,BM-226,BM-236,,0.8985689276258495
SIM_017,219,PAIR_00219,BM-224,BM-228,BM-224,,0.30802549607309854
SIM_017,220,PAIR_00220,BM-231,BF-242,BM-231,,0.5888115508887632
SIM_017,221,PAIR_00221,BM-225,BF-255,BF-255,,0.4057168439867916
SIM_017,222,PAIR_00222,BM-221,BF-007,BM-221,,0.44061009653969924
SIM_017,223,PAIR_00223,BM-212,BM-229,BM-229,,0.1460189214358076
SIM_017,224,PAIR_00224,BM-222,BM-239,BM-222,,0.8257166177944669
SIM_017,225,PAIR_00225,BM-223,BM-213,BM-223,,0.8544189721459678
SIM_017,226,PAIR_00226,BM-221,BM-228,BM-221,,0.5289567135647587
SIM_017,227,PAIR_00227,BM-215,BF-007,BM-215,,0.34956322046724636
SIM_017,228,PAIR_00228,BF-255,BM-231,BF-255,,0.8071163599244839
SIM_017,229,PAIR_00229,BM-219,BM-223,BM-219,,0.5769542374218426
SIM_017,230,PAIR_00230,BM-218,BM-213,BM-213,,0.8985829210390318
SIM_017,231,PAIR_00231,BM-226,BM-216,BM-216,,0.2804800925353363
SIM_017,232,PAIR_00232,BM-225,BM-214,BM-214,,0.5599379861217109
SIM_017,233,PAIR_00233,BM-227,BM-229,BM-227,,0.7433230907449867
SIM_017,234,PAIR_00234,BM-224,BM-239,BM-224,,0.3938960078122809
SIM_017,235,PAIR_00235,BM-212,BM-217,BM-217,,0.2501164607503142
SIM_017,236,PAIR_00236,BM-236,BM-237,BM-237,,0.7985201491919167
SIM_017,237,PAIR_00237,BM-211,BF-242,BM-211,,0.8787396547598036
SIM_017,238,PAIR_00238,BM-218,BM-222,BM-222,,0.43835442419306125
SIM_017,239,PAIR_00239,BM-227,BM-222,BM-222,,0.4381211207784558
SIM_017,240,PAIR_00240,BM-229,BF-242,BM-229,,0.7016404399947652
SIM_017,241,PAIR_00241,BM-211,BM-231,BM-211,,0.8350011035534172
SIM_017,242,PAIR_00242,BM-213,BM-225,BM-213,,0.15830018632255818
SIM_017,243,PAIR_00243,BM-228,BF-255,BF-255,,0.3099448578523684
SIM_017,244,PAIR_00244,BM-223,BM-226,BM-223,,0.8063385161216202
SIM_017,245,PAIR_00245,BM-212,BM-215,BM-215,,0.1631748808952223
SIM_017,246,PAIR_00246,BM-221,BM-237,BM-221,,0.5549175947981636
SIM_017,247,PAIR_00247,BM-219,BM-239,BM-219,,0.7696116648813172
SIM_017,248,PAIR_00248,BM-216,BM-214,BM-214,,0.46390252138950805
SIM_017,249,PAIR_00249,BM-236,BM-224,BM-224,,0.8891249417513256
SIM_017,250,PAIR_00250,BM-217,BF-007,BM-217,,0.23907435981385444
SIM_017,251,PAIR_00251,BM-212,BM-228,BM-228,,0.1299829775347618
SIM_017,252,PAIR_00252,BM-217,BM-225,BM-225,,0.22762076888279198
SIM_017,253,PAIR_00253,BM-236,BM-219,BM-236,,0.6093901347663366
SIM_017,254,PAIR_00254,BM-218,BF-242,BM-218,,0.872069511853059
SIM_017,255,PAIR_00255,BM-226,BM-214,BM-214,,0.2522358602332104
SIM_017,256,PAIR_00256,BF-255,BM-213,BF-255,,0.886213166818921
SIM_017,257,PAIR_00257,BM-227,BM-239,BM-227,,0.7869735199346419
SIM_017,258,PAIR_00258,BM-229,BM-222,BM-222,,0.21213505355168763
SIM_017,259,PAIR_00259,BM-224,BM-223,BM-223,,0.20968887622430654
SIM_017,260,PAIR_00260,BM-216,BM-231,BM-231,,0.6601871626425073
SIM_017,261,PAIR_00261,BM-211,BF-007,BM-211,,0.6538142109888488
SIM_017,262,PAIR_00262,BM-215,BM-222,BM-222,,0.19100644193377725
SIM_017,263,PAIR_00263,BM-237,BM-218,BM-218,,0.2623233935218685
SIM_017,264,PAIR_00264,BM-221,BM-217,BM-221,,0.7148535166790715
SIM_017,265,PAIR_00265,BM-231,BM-237,BM-237,,0.3713569069910973
SIM_017,266,PAIR_00266,BM-228,BM-226,BM-228,,0.7127866217890074
SIM_017,267,PAIR_00267,BM-236,BM-221,BM-236,,0.7606981020969623
SIM_017,268,PAIR_00268,BM-239,BM-215,BM-239,,0.4720079919409225
SIM_017,269,PAIR_00269,BM-216,BM-211,BM-211,,0.27740590065037546
SIM_017,270,PAIR_00270,BF-255,BF-242,BF-255,,0.8569806375300371
SIM_017,271,PAIR_00271,BM-223,BM-214,BM-223,,0.5841101020402096
SIM_017,272,PAIR_00272,BM-225,BF-007,BF-007,,0.5160029583577592
SIM_017,273,PAIR_00273,BM-229,BM-219,BM-219,,0.2763470748582293
SIM_017,274,PAIR_00274,BM-213,BM-224,BM-224,,0.3910532598856224
SIM_017,275,PAIR_00275,BF-007,BM-227,BM-227,,0.3603758504743594
SIM_017,276,PAIR_00276,BM-236,BM-212,BM-236,,0.959827717024812
SIM_017,277,PAIR_00277,BM-237,BM-224,BM-237,,0.6692429390672207
SIM_017,278,PAIR_00278,BF-242,BM-216,BM-216,,0.2644078645825088
SIM_017,279,PAIR_00279,BM-215,BM-227,BM-227,,0.23242066634806705
SIM_017,280,PAIR_00280,BM-212,BM-221,BM-212,,0.11742272550174405
SIM_017,281,PAIR_00281,BM-231,BM-225,BM-231,,0.25928649124739844
SIM_017,282,PAIR_00282,BM-226,BM-222,BM-222,,0.11045284726338489
SIM_017,283,PAIR_00283,BM-217,BM-213,BM-217,,0.6104336905348509
SIM_017,284,PAIR_00284,BM-239,BM-229,BM-229,,0.4394325204751498
SIM_017,285,PAIR_00285,BF-255,BM-223,BF-255,,0.5702673104810158
SIM_017,286,PAIR_00286,BM-228,BM-211,BM-211,,0.27081518045009806
SIM_017,287,PAIR_00287,BM-222,BM-214,BM-222,,0.7309407531975411
SIM_017,288,PAIR_00288,BM-219,BM-215,BM-215,,0.7491406879013857
SIM_017,289,PAIR_00289,BM-218,BM-231,BM-231,,0.8264003448400584
SIM_017,290,PAIR_00290,BM-223,BM-217,BM-223,,0.7892737414758372
SIM_017,291,PAIR_00291,BM-216,BM-228,BM-216,,0.5082804312428928
SIM_017,292,PAIR_00292,BM-224,BF-255,BF-255,,0.16662420623664836
SIM_017,293,PAIR_00293,BM-226,BM-229,BM-229,,0.3156100905346744
SIM_017,294,PAIR_00294,BM-237,BM-219,BM-219,,0.28245398664576415
SIM_017,295,PAIR_00295,BF-242,BM-212,BF-242,,0.7132151985625615
SIM_017,296,PAIR_00296,BM-225,BM-227,BM-225,,0.37526396834976317
SIM_017,297,PAIR_00297,BM-214,BM-221,BM-214,,0.5154475086916739
SIM_017,298,PAIR_00298,BM-218,BM-236,BM-236,,0.4150461190579815
SIM_017,299,PAIR_00299,BM-211,BM-213,BM-211,,0.9040228264809127
SIM_017,300,PAIR_00300,BF-007,BM-239,BF-007,,0.6754730993723337
SIM_018,1,PAIR_00001,BM-216,BM-221,BM-216,,0.47930386809454184
SIM_018,2,PAIR_00002,BM-239,BM-228,BM-239,,0.4065123944074379
SIM_018,3,PAIR_00003,BF-007,BM-229,BF-007,,0.620007354928767
SIM_018,4,PAIR_00004,BM-212,BM-227,BM-227,,0.055751477219154306
SIM_018,5,PAIR_00005,BM-223,BM-222,BM-223,,0.34079984699266824
SIM_018,6,PAIR_00006,BF-242,BM-237,BF-242,,0.2920487232935015
SIM_018,7,PAIR_00007,BM-213,BM-231,BM-213,,0.3494972203862205
SIM_018,8,PAIR_00008,BM-225,BM-236,BM-225,,0.2986383072115851
SIM_018,9,PAIR_00009,BM-226,BM-215,BM-226,,0.3446500059286485
SIM_018,10,PAIR_00010,BM-218,BM-211,BM-211,,0.48471308048957706
SIM_018,11,PAIR_00011,BM-219,BM-217,BM-219,,0.836284111455051
SIM_018,12,PAIR_00012,BM-214,BM-224,BM-224,,0.7285212378857929
SIM_018,13,PAIR_00013,BF-255,BM-215,BF-255,,0.7439676574531842
SIM_018,14,PAIR_00014,BM-222,BM-236,BM-236,,0.47619298251945674
SIM_018,15,PAIR_00015,BM-224,BF-007,BF-007,,0.2379394939340924
SIM_018,16,PAIR_00016,BM-228,BM-223,BM-223,,0.37345215256477066
SIM_018,17,PAIR_00017,BM-221,BM-231,BM-221,,0.6785159906769078
SIM_018,18,PAIR_00018,BM-212,BF-255,BF-255,,0.06288570486356526
SIM_018,19,PAIR_00019,BM-213,BM-229,BM-229,,0.24650926495140532
SIM_018,20,PAIR_00020,BF-242,BM-214,BF-242,,0.23724843950996033
SIM_018,21,PAIR_00021,BM-218,BM-227,BM-218,,0.5002369183711579
SIM_018,22,PAIR_00022,BM-219,BM-211,BM-211,,0.459396414456364
SIM_018,23,PAIR_00023,BM-216,BM-239,BM-239,,0.6014538878382059
SIM_018,24,PAIR_00024,BM-225,BM-226,BM-225,,0.7904488994507026
SIM_018,25,PAIR_00025,BM-217,BM-237,BM-237,,0.3321416766402924
SIM_018,26,PAIR_00026,BM-228,BF-242,BM-228,,0.7290994168484117
SIM_018,27,PAIR_00027,BM-226,BF-007,BF-007,,0.22035484969150645
SIM_018,28,PAIR_00028,BM-218,BM-216,BM-218,,0.7101677973349876
SIM_018,29,PAIR_00029,BM-237,BM-213,BM-237,,0.7590814226534237
SIM_018,30,PAIR_00030,BM-231,BM-236,BM-236,,0.12971614300494108
SIM_018,31,PAIR_00031,BM-211,BM-225,BM-225,,0.6391816251210418
SIM_018,32,PAIR_00032,BM-224,BM-229,BM-229,,0.3375055782864029
SIM_018,33,PAIR_00033,BM-221,BM-219,BM-221,,0.3292097878666537
SIM_018,34,PAIR_00034,BM-215,BM-214,BM-214,,0.3907685043566045
SIM_018,35,PAIR_00035,BM-239,BM-223,BM-223,,0.2899067120138933
SIM_018,36,PAIR_00036,BM-217,BF-255,BF-255,,0.16749368987613308
SIM_018,37,PAIR_00037,BM-222,BM-212,BM-222,,0.9559877205776918
SIM_018,38,PAIR_00038,BM-236,BM-227,BM-227,,0.5851839412783998
SIM_018,39,PAIR_00039,BM-217,BM-214,BM-214,,0.27271634835576414
SIM_018,40,PAIR_00040,BF-255,BM-226,BF-255,,0.8467498546318379
SIM_018,41,PAIR_00041,BM-229,BM-216,BM-229,,0.458083311976373
SIM_018,42,PAIR_00042,BM-211,BM-224,BM-224,,0.8581315487375101
SIM_018,43,PAIR_00043,BM-219,BM-231,BM-219,,0.8113370505696746
SIM_018,44,PAIR_00044,BM-218,BM-215,BM-215,,0.7677483569731899
SIM_018,45,PAIR_00045,BM-228,BM-237,BM-228,,0.5261270737795799
SIM_018,46,PAIR_00046,BM-221,BM-223,BM-223,,0.4009571315095831
SIM_018,47,PAIR_00047,BM-227,BM-213,BM-227,,0.898496525351987
SIM_018,48,PAIR_00048,BM-225,BM-212,BM-225,,0.9105025016100444
SIM_018,49,PAIR_00049,BF-007,BM-222,BM-222,,0.3052281205908015
SIM_018,50,PAIR_00050,BM-239,BF-242,BM-239,,0.6483185302283063
SIM_018,51,PAIR_00051,BM-214,BF-007,BM-214,,0.4558957557008482
SIM_018,52,PAIR_00052,BM-216,BM-212,BM-216,,0.8737173229181733
SIM_018,53,PAIR_00053,BM-223,BM-227,BM-227,,0.3986865182977619
SIM_018,54,PAIR_00054,BM-217,BM-231,BM-217,,0.45707731145428465
SIM_018,55,PAIR_00055,BF-242,BM-226,BF-242,,0.4797357297054694
SIM_018,56,PAIR_00056,BM-221,BM-239,BM-221,,0.6211326493727066
SIM_018,57,PAIR_00057,BM-228,BM-218,BM-218,,0.2830619035400725
SIM_018,58,PAIR_00058,BM-222,BM-225,BM-222,,0.6810258985706044
SIM_018,59,PAIR_00059,BM-229,BM-215,BM-215,,0.5327978943713936
SIM_018,60,PAIR_00060,BM-236,BM-211,BM-211,,0.5700307524616257
SIM_018,61,PAIR_00061,BF-255,BM-237,BF-255,,0.7119719570816829
SIM_018,62,PAIR_00062,BM-219,BM-213,BM-219,,0.8889412139677642
SIM_018,63,PAIR_00063,BF-242,BM-224,BF-242,,0.45494959516696887
SIM_018,64,PAIR_00064,BM-229,BM-237,BM-229,,0.49241736101051403
SIM_018,65,PAIR_00065,BM-226,BM-227,BM-227,,0.13736703098829836
SIM_018,66,PAIR_00066,BM-215,BM-216,BM-216,,0.42569403475889667
SIM_018,67,PAIR_00067,BM-213,BM-214,BM-214,,0.19309558203895444
SIM_018,68,PAIR_00068,BM-222,BM-217,BM-217,,0.8787115543332452
SIM_018,69,PAIR_00069,BM-225,BM-218,BM-218,,0.3750418211636877
SIM_018,70,PAIR_00070,BM-223,BF-007,BM-223,,0.54060842380539
SIM_018,71,PAIR_00071,BM-239,BM-211,BM-211,,0.20279883241704552
SIM_018,72,PAIR_00072,BM-236,BF-255,BM-236,,0.6158783457170887
SIM_018,73,PAIR_00073,BM-212,BM-219,BM-219,,0.061293611521879086
SIM_018,74,PAIR_00074,BM-231,BM-228,BM-228,,0.3472830018189138
SIM_018,75,PAIR_00075,BM-224,BM-221,BM-221,,0.28387450638342465
SIM_018,76,PAIR_00076,BM-221,BF-242,BM-221,,0.7513854013975068
SIM_018,77,PAIR_00077,BM-222,BM-219,BM-222,,0.5864840223325505
SIM_018,78,PAIR_00078,BM-224,BM-226,BM-224,,0.5248769766578227
SIM_018,79,PAIR_00079,BM-212,BM-214,BM-214,,0.11116701969697171
SIM_018,80,PAIR_00080,BF-007,BM-237,BM-237,,0.6128354244491387
SIM_018,81,PAIR_00081,BM-211,BM-217,BM-211,,0.8573691371982063
SIM_018,82,PAIR_00082,BM-228,BM-225,BM-225,,0.39683344870518444
SIM_018,83,PAIR_00083,BM-213,BM-216,BM-216,,0.21663610038712067
SIM_018,84,PAIR_00084,BM-223,BM-215,BM-223,,0.6864881778517896
SIM_018,85,PAIR_00085,BM-231,BM-227,BM-227,,0.17373565313266423
SIM_018,86,PAIR_00086,BM-239,BF-255,BF-255,,0.23527180306944467
SIM_018,87,PAIR_00087,BM-229,BM-236,BM-236,,0.19664388366947144
SIM_018,88,PAIR_00088,BM-219,BM-218,BM-219,,0.4746203209194756
SIM_018,89,PAIR_00089,BM-229,BM-214,BM-214,,0.4224551616355219
SIM_018,90,PAIR_00090,BM-213,BM-221,BM-221,,0.20290916874714177
SIM_018,91,PAIR_00091,BM-224,BM-215,BM-224,,0.36747839029831664
SIM_018,92,PAIR_00092,BM-212,BM-226,BM-226,,0.27048711097929706
SIM_018,93,PAIR_00093,BM-237,BM-227,BM-227,,0.2625068189721848
SIM_018,94,PAIR_00094,BM-217,BF-242,BM-217,,0.5465994159293619
SIM_018,95,PAIR_00095,BM-223,BM-218,BM-218,,0.3984593490577611
SIM_018,96,PAIR_00096,BF-255,BM-216,BF-255,,0.682926223091502
SIM_018,97,PAIR_00097,BM-222,BM-211,BM-222,,0.5465340657043668
SIM_018,98,PAIR_00098,BM-231,BF-007,BM-231,,0.271772807943265
SIM_018,99,PAIR_00099,BM-239,BM-225,BM-225,,0.31065077989289125
SIM_018,100,PAIR_00100,BM-228,BM-236,BM-236,,0.2188351921913676
SIM_018,101,PAIR_00101,BM-211,BM-226,BM-211,,0.8698289600678419
SIM_018,102,PAIR_00102,BF-007,BM-219,BF-007,,0.38388872519658374
SIM_018,103,PAIR_00103,BM-236,BM-214,BM-236,,0.7492659043913402
SIM_018,104,PAIR_00104,BF-242,BM-213,BF-242,,0.5651758931159829
SIM_018,105,PAIR_00105,BF-255,BM-222,BM-222,,0.40690134004113265
SIM_018,106,PAIR_00106,BM-212,BM-218,BM-218,,0.05570160960137181
SIM_018,107,PAIR_00107,BM-231,BM-215,BM-231,,0.4098254623839697
SIM_018,108,PAIR_00108,BM-228,BM-227,BM-227,,0.2832542619174882
SIM_018,109,PAIR_00109,BM-223,BM-216,BM-223,,0.6187652185868557
SIM_018,110,PAIR_00110,BM-237,BM-239,BM-237,,0.5680251532244893
SIM_018,111,PAIR_00111,BM-229,BM-225,BM-225,,0.36502653811052327
SIM_018,112,PAIR_00112,BM-224,BM-217,BM-224,,0.4984378712552536
SIM_018,113,PAIR_00113,BM-225,BM-221,BM-225,,0.5751073295424118
SIM_018,114,PAIR_00114,BM-214,BM-231,BM-231,,0.6918473256643518
SIM_018,115,PAIR_00115,BM-229,BM-223,BM-223,,0.34245527804465553
SIM_018,116,PAIR_00116,BF-242,BM-215,BM-215,,0.32656960876884994
SIM_018,117,PAIR_00117,BM-213,BM-226,BM-226,,0.4150088421278394
SIM_018,118,PAIR_00118,BM-216,BM-219,BM-219,,0.3111832951396571
SIM_018,119,PAIR_00119,BM-237,BM-222,BM-222,,0.217248963876395
SIM_018,120,PAIR_00120,BM-211,BM-221,BM-221,,0.7056882563938565
SIM_018,121,PAIR_00121,BM-217,BM-228,BM-228,,0.30935894027404387
SIM_018,122,PAIR_00122,BM-212,BM-224,BM-224,,0.2512902538392436
SIM_018,123,PAIR_00123,BM-239,BM-218,BM-239,,0.21286764940304412
SIM_018,124,PAIR_00124,BM-227,BF-255,BF-255,,0.53195615808631
SIM_018,125,PAIR_00125,BM-236,BF-007,BM-236,,0.7145985761171072
SIM_018,126,PAIR_00126,BM-223,BM-211,BM-211,,0.3838933329441322
SIM_018,127,PAIR_00127,BM-231,BM-212,BM-231,,0.7807608319292152
SIM_018,128,PAIR_00128,BM-219,BM-214,BM-219,,0.6569995404963171
SIM_018,129,PAIR_00129,BM-236,BF-242,BM-236,,0.9057254918377985
SIM_018,130,PAIR_00130,BM-213,BM-222,BM-222,,0.08095655714746094
SIM_018,131,PAIR_00131,BM-226,BM-221,BM-226,,0.2640714551215016
SIM_018,132,PAIR_00132,BF-007,BF-255,BF-007,,0.3903754955686164
SIM_018,133,PAIR_00133,BM-216,BM-237,BM-216,,0.5343777554152823
SIM_018,134,PAIR_00134,BM-239,BM-217,BM-239,,0.6046112198850913
SIM_018,135,PAIR_00135,BM-215,BM-225,BM-225,,0.3351477454818891
SIM_018,136,PAIR_00136,BM-229,BM-218,BM-229,,0.25649614064364357
SIM_018,137,PAIR_00137,BM-224,BM-227,BM-227,,0.14959987243631057
SIM_018,138,PAIR_00138,BM-228,BF-007,BM-228,,0.41225696256436
SIM_018,139,PAIR_00139,BM-216,BM-236,BM-236,,0.2245504545236615
SIM_018,140,PAIR_00140,BM-218,BM-217,BM-218,,0.8497244999092971
SIM_018,141,PAIR_00141,BM-231,BM-229,BM-229,,0.37846534003523
SIM_018,142,PAIR_00142,BM-237,BM-214,BM-214,,0.42987286313774875
SIM_018,143,PAIR_00143,BF-242,BM-227,BM-227,,0.12803625194772436
SIM_018,144,PAIR_00144,BM-219,BM-224,BM-219,,0.8371378204852085
SIM_018,145,PAIR_00145,BM-211,BF-255,BF-255,,0.5473857435404343
SIM_018,146,PAIR_00146,BM-225,BM-223,BM-223,,0.4753304079297246
SIM_018,147,PAIR_00147,BM-222,BM-221,BM-222,,0.7429218072548591
SIM_018,148,PAIR_00148,BM-212,BM-213,BM-213,,0.343247453131141
SIM_018,149,PAIR_00149,BM-239,BM-226,BM-226,,0.6296124959858393
SIM_018,150,PAIR_00150,BM-228,BM-215,BM-228,,0.5661884331139478
SIM_018,151,PAIR_00151,BM-226,BM-231,BM-231,,0.43095568282384794
SIM_018,152,PAIR_00152,BM-217,BM-227,BM-227,,0.15039655126629822
SIM_018,153,PAIR_00153,BM-239,BM-236,BM-236,,0.1609915146051335
SIM_018,154,PAIR_00154,BF-255,BM-229,BF-255,,0.7181520469739519
SIM_018,155,PAIR_00155,BM-237,BM-223,BM-223,,0.3493178947989133
SIM_018,156,PAIR_00156,BM-224,BM-225,BM-225,,0.22652408676368152
SIM_018,157,PAIR_00157,BM-222,BF-242,BM-222,,0.8972674817394369
SIM_018,158,PAIR_00158,BM-211,BM-215,BM-211,,0.778476014177606
SIM_018,159,PAIR_00159,BM-214,BM-228,BM-214,,0.5443249145087194
SIM_018,160,PAIR_00160,BF-007,BM-212,BF-007,,0.9051455603350077
SIM_018,161,PAIR_00161,BM-221,BM-218,BM-218,,0.3071734138642074
SIM_018,162,PAIR_00162,BM-213,BM-215,BM-215,,0.27171535970268296
SIM_018,163,PAIR_00163,BM-222,BM-216,BM-222,,0.7584210486984893
SIM_018,164,PAIR_00164,BM-226,BM-219,BM-226,,0.14973582300182697
SIM_018,165,PAIR_00165,BF-242,BM-219,BM-219,,0.1397009443711754
SIM_018,166,PAIR_00166,BM-239,BM-212,BM-239,,0.8209368081505211
SIM_018,167,PAIR_00167,BM-224,BM-231,BM-224,,0.455527110474699
SIM_018,168,PAIR_00168,BF-255,BM-221,BM-221,,0.664724591609599
SIM_018,169,PAIR_00169,BM-214,BM-211,BM-214,,0.3073102650961119
SIM_018,170,PAIR_00170,BM-225,BM-237,BM-237,,0.6279144817815363
SIM_018,171,PAIR_00171,BM-236,BM-223,BM-223,,0.6802741559998849
SIM_018,172,PAIR_00172,BM-217,BM-229,BM-229,,0.33890413853700446
SIM_018,173,PAIR_00173,BM-227,BM-216,BM-227,,0.7099726993206014
SIM_018,174,PAIR_00174,BM-213,BM-228,BM-213,,0.22231027439100884
SIM_018,175,PAIR_00175,BM-218,BF-007,BF-007,,0.6398425641938011
SIM_018,176,PAIR_00176,BM-216,BF-007,BM-216,,0.4203057864236588
SIM_018,177,PAIR_00177,BM-226,BM-217,BM-217,,0.47356500376324917
SIM_018,178,PAIR_00178,BF-255,BM-219,BF-255,,0.4931652408467495
SIM_018,179,PAIR_00179,BM-223,BM-231,BM-223,,0.7592256577132775
SIM_018,180,PAIR_00180,BM-213,BM-239,BM-239,,0.2944534790660408
SIM_018,181,PAIR_00181,BM-214,BM-227,BM-214,,0.3206884215984604
SIM_018,182,PAIR_00182,BM-212,BM-237,BM-237,,0.1422769554917922
SIM_018,183,PAIR_00183,BM-218,BM-224,BM-224,,0.8505206503266772
SIM_018,184,PAIR_00184,BM-228,BM-222,BM-222,,0.23556193822118957
SIM_018,185,PAIR_00185,BF-242,BM-225,BM-225,,0.19643367405875783
SIM_018,186,PAIR_00186,BM-215,BM-221,BM-221,,0.40557872439933085
SIM_018,187,PAIR_00187,BM-229,BM-211,BM-211,,0.2450060041102735
SIM_018,188,PAIR_00188,BM-236,BM-215,BM-215,,0.8232878750346994
SIM_018,189,PAIR_00189,BM-217,BM-236,BM-236,,0.11149254937650074
SIM_018,190,PAIR_00190,BM-213,BF-007,BF-007,,0.1670199276460357
SIM_018,191,PAIR_00191,BF-242,BM-223,BM-223,,0.181310561075186
SIM_018,192,PAIR_00192,BM-212,BM-211,BM-211,,0.05257037532846488
SIM_018,193,PAIR_00193,BM-224,BM-216,BM-216,,0.30101034586316194
SIM_018,194,PAIR_00194,BM-228,BM-229,BM-229,,0.5336830207039965
SIM_018,195,PAIR_00195,BM-237,BM-226,BM-237,,0.6909048845448961
SIM_018,196,PAIR_00196,BM-218,BF-255,BM-218,,0.5321921015517458
SIM_018,197,PAIR_00197,BM-221,BM-227,BM-221,,0.3073751326137769
SIM_018,198,PAIR_00198,BM-219,BM-225,BM-219,,0.6008579426588972
SIM_018,199,PAIR_00199,BM-239,BM-214,BM-214,,0.36443452115951475
SIM_018,200,PAIR_00200,BM-231,BM-222,BM-222,,0.14085935233764144
SIM_018,201,PAIR_00201,BM-215,BM-217,BM-215,,0.6310680135639577
SIM_018,202,PAIR_00202,BM-222,BM-224,BM-222,,0.8793759336275948
SIM_018,203,PAIR_00203,BF-255,BM-214,BF-255,,0.6508120994774664
SIM_018,204,PAIR_00204,BM-228,BM-219,BM-219,,0.3041278356745797
SIM_018,205,PAIR_00205,BM-229,BM-221,BM-229,,0.437603698557496
SIM_018,206,PAIR_00206,BM-226,BM-218,BM-218,,0.13725477278924952
SIM_018,207,PAIR_00207,BM-225,BM-216,BM-216,,0.5952114627748064
SIM_018,208,PAIR_00208,BM-211,BM-237,BM-211,,0.7493397780868819
SIM_018,209,PAIR_00209,BM-239,BM-231,BM-239,,0.5628167694682431
SIM_018,210,PAIR_00210,BM-213,BM-236,BM-236,,0.07414322575223149
SIM_018,211,PAIR_00211,BF-007,BF-242,BF-007,,0.793261986734821
SIM_018,212,PAIR_00212,BM-212,BM-223,BM-223,,0.08176947027292372
SIM_018,213,PAIR_00213,BM-227,BM-211,BM-227,,0.48447638700912915
SIM_018,214,PAIR_00214,BM-216,BM-217,BM-216,,0.6976733103767735
SIM_018,215,PAIR_00215,BM-219,BM-227,BM-219,,0.4748566345512353
SIM_018,216,PAIR_00216,BM-214,BM-218,BM-218,,0.3204820085092622
SIM_018,217,PAIR_00217,BM-237,BM-215,BM-237,,0.5403404035999196
SIM_018,218,PAIR_00218,BM-236,BM-226,BM-226,,0.8985689276258495
SIM_018,219,PAIR_00219,BM-224,BM-228,BM-228,,0.30802549607309854
SIM_018,220,PAIR_00220,BM-231,BF-242,BM-231,,0.5888115508887632
SIM_018,221,PAIR_00221,BM-225,BF-255,BM-225,,0.4057168439867916
SIM_018,222,PAIR_00222,BM-221,BF-007,BF-007,,0.44061009653969924
SIM_018,223,PAIR_00223,BM-212,BM-229,BM-229,,0.1460189214358076
SIM_018,224,PAIR_00224,BM-222,BM-239,BM-222,,0.8257166177944669
SIM_018,225,PAIR_00225,BM-223,BM-213,BM-223,,0.8544189721459678
SIM_018,226,PAIR_00226,BM-221,BM-228,BM-221,,0.5289567135647587
SIM_018,227,PAIR_00227,BM-215,BF-007,BF-007,,0.34956322046724636
SIM_018,228,PAIR_00228,BF-255,BM-231,BF-255,,0.8071163599244839
SIM_018,229,PAIR_00229,BM-219,BM-223,BM-219,,0.5769542374218426
SIM_018,230,PAIR_00230,BM-218,BM-213,BM-218,,0.8985829210390318
SIM_018,231,PAIR_00231,BM-226,BM-216,BM-216,,0.2804800925353363
SIM_018,232,PAIR_00232,BM-225,BM-214,BM-225,,0.5599379861217109
SIM_018,233,PAIR_00233,BM-227,BM-229,BM-227,,0.7433230907449867
SIM_018,234,PAIR_00234,BM-224,BM-239,BM-224,,0.3938960078122809
SIM_018,235,PAIR_00235,BM-212,BM-217,BM-217,,0.2501164607503142
SIM_018,236,PAIR_00236,BM-236,BM-237,BM-236,,0.7985201491919167
SIM_018,237,PAIR_00237,BM-211,BF-242,BM-211,,0.8787396547598036
SIM_018,238,PAIR_00238,BM-218,BM-222,BM-218,,0.43835442419306125
SIM_018,239,PAIR_00239,BM-227,BM-222,BM-222,,0.4381211207784558
SIM_018,240,PAIR_00240,BM-229,BF-242,BF-242,,0.7016404399947652
SIM_018,241,PAIR_00241,BM-211,BM-231,BM-211,,0.8350011035534172
SIM_018,242,PAIR_00242,BM-213,BM-225,BM-225,,0.15830018632255818
SIM_018,243,PAIR_00243,BM-228,BF-255,BF-255,,0.3099448578523684
SIM_018,244,PAIR_00244,BM-223,BM-226,BM-223,,0.8063385161216202
SIM_018,245,PAIR_00245,BM-212,BM-215,BM-215,,0.1631748808952223
SIM_018,246,PAIR_00246,BM-221,BM-237,BM-221,,0.5549175947981636
SIM_018,247,PAIR_00247,BM-219,BM-239,BM-239,,0.7696116648813172
SIM_018,248,PAIR_00248,BM-216,BM-214,BM-214,,0.46390252138950805
SIM_018,249,PAIR_00249,BM-236,BM-224,BM-224,,0.8891249417513256
SIM_018,250,PAIR_00250,BM-217,BF-007,BF-007,,0.23907435981385444
SIM_018,251,PAIR_00251,BM-212,BM-228,BM-228,,0.1299829775347618
SIM_018,252,PAIR_00252,BM-217,BM-225,BM-225,,0.22762076888279198
SIM_018,253,PAIR_00253,BM-236,BM-219,BM-219,,0.6093901347663366
SIM_018,254,PAIR_00254,BM-218,BF-242,BM-218,,0.872069511853059
SIM_018,255,PAIR_00255,BM-226,BM-214,BM-214,,0.2522358602332104
SIM_018,256,PAIR_00256,BF-255,BM-213,BF-255,,0.886213166818921
SIM_018,257,PAIR_00257,BM-227,BM-239,BM-227,,0.7869735199346419
SIM_018,258,PAIR_00258,BM-229,BM-222,BM-222,,0.21213505355168763
SIM_018,259,PAIR_00259,BM-224,BM-223,BM-223,,0.20968887622430654
SIM_018,260,PAIR_00260,BM-216,BM-231,BM-216,,0.6601871626425073
SIM_018,261,PAIR_00261,BM-211,BF-007,BM-211,,0.6538142109888488
SIM_018,262,PAIR_00262,BM-215,BM-222,BM-222,,0.19100644193377725
SIM_018,263,PAIR_00263,BM-237,BM-218,BM-218,,0.2623233935218685
SIM_018,264,PAIR_00264,BM-221,BM-217,BM-221,,0.7148535166790715
SIM_018,265,PAIR_00265,BM-231,BM-237,BM-237,,0.3713569069910973
SIM_018,266,PAIR_00266,BM-228,BM-226,BM-226,,0.7127866217890074
SIM_018,267,PAIR_00267,BM-236,BM-221,BM-236,,0.7606981020969623
SIM_018,268,PAIR_00268,BM-239,BM-215,BM-239,,0.4720079919409225
SIM_018,269,PAIR_00269,BM-216,BM-211,BM-211,,0.27740590065037546
SIM_018,270,PAIR_00270,BF-255,BF-242,BF-255,,0.8569806375300371
SIM_018,271,PAIR_00271,BM-223,BM-214,BM-214,,0.5841101020402096
SIM_018,272,PAIR_00272,BM-225,BF-007,BF-007,,0.5160029583577592
SIM_018,273,PAIR_00273,BM-229,BM-219,BM-219,,0.2763470748582293
SIM_018,274,PAIR_00274,BM-213,BM-224,BM-213,,0.3910532598856224
SIM_018,275,PAIR_00275,BF-007,BM-227,BM-227,,0.3603758504743594
SIM_018,276,PAIR_00276,BM-236,BM-212,BM-236,,0.959827717024812
SIM_018,277,PAIR_00277,BM-237,BM-224,BM-224,,0.6692429390672207
SIM_018,278,PAIR_00278,BF-242,BM-216,BF-242,,0.2644078645825088
SIM_018,279,PAIR_00279,BM-215,BM-227,BM-215,,0.23242066634806705
SIM_018,280,PAIR_00280,BM-212,BM-221,BM-212,,0.11742272550174405
SIM_018,281,PAIR_00281,BM-231,BM-225,BM-225,,0.25928649124739844
SIM_018,282,PAIR_00282,BM-226,BM-222,BM-222,,0.11045284726338489
SIM_018,283,PAIR_00283,BM-217,BM-213,BM-217,,0.6104336905348509
SIM_018,284,PAIR_00284,BM-239,BM-229,BM-239,,0.4394325204751498
SIM_018,285,PAIR_00285,BF-255,BM-223,BF-255,,0.5702673104810158
SIM_018,286,PAIR_00286,BM-228,BM-211,BM-211,,0.27081518045009806
SIM_018,287,PAIR_00287,BM-222,BM-214,BM-222,,0.7309407531975411
SIM_018,288,PAIR_00288,BM-219,BM-215,BM-215,,0.7491406879013857
SIM_018,289,PAIR_00289,BM-218,BM-231,BM-218,,0.8264003448400584
SIM_018,290,PAIR_00290,BM-223,BM-217,BM-223,,0.7892737414758372
SIM_018,291,PAIR_00291,BM-216,BM-228,BM-228,,0.5082804312428928
SIM_018,292,PAIR_00292,BM-224,BF-255,BF-255,,0.16662420623664836
SIM_018,293,PAIR_00293,BM-226,BM-229,BM-229,,0.3156100905346744
SIM_018,294,PAIR_00294,BM-237,BM-219,BM-237,,0.28245398664576415
SIM_018,295,PAIR_00295,BF-242,BM-212,BM-212,,0.7132151985625615
SIM_018,296,PAIR_00296,BM-225,BM-227,BM-227,,0.37526396834976317
SIM_018,297,PAIR_00297,BM-214,BM-221,BM-221,,0.5154475086916739
SIM_018,298,PAIR_00298,BM-218,BM-236,BM-218,,0.4150461190579815
SIM_018,299,PAIR_00299,BM-211,BM-213,BM-211,,0.9040228264809127
SIM_018,300,PAIR_00300,BF-007,BM-239,BF-007,,0.6754730993723337
SIM_019,1,PAIR_00001,BM-216,BM-221,BM-216,,0.47930386809454184
SIM_019,2,PAIR_00002,BM-239,BM-228,BM-228,,0.4065123944074379
SIM_019,3,PAIR_00003,BF-007,BM-229,BF-007,,0.620007354928767
SIM_019,4,PAIR_00004,BM-212,BM-227,BM-227,,0.055751477219154306
SIM_019,5,PAIR_00005,BM-223,BM-222,BM-222,,0.34079984699266824
SIM_019,6,PAIR_00006,BF-242,BM-237,BM-237,,0.2920487232935015
SIM_019,7,PAIR_00007,BM-213,BM-231,BM-231,,0.3494972203862205
SIM_019,8,PAIR_00008,BM-225,BM-236,BM-236,,0.2986383072115851
SIM_019,9,PAIR_00009,BM-226,BM-215,BM-215,,0.3446500059286485
SIM_019,10,PAIR_00010,BM-218,BM-211,BM-211,,0.48471308048957706
SIM_019,11,PAIR_00011,BM-219,BM-217,BM-219,,0.836284111455051
SIM_019,12,PAIR_00012,BM-214,BM-224,BM-224,,0.7285212378857929
SIM_019,13,PAIR_00013,BF-255,BM-215,BF-255,,0.7439676574531842
SIM_019,14,PAIR_00014,BM-222,BM-236,BM-222,,0.47619298251945674
SIM_019,15,PAIR_00015,BM-224,BF-007,BF-007,,0.2379394939340924
SIM_019,16,PAIR_00016,BM-228,BM-223,BM-223,,0.37345215256477066
SIM_019,17,PAIR_00017,BM-221,BM-231,BM-221,,0.6785159906769078
SIM_019,18,PAIR_00018,BM-212,BF-255,BF-255,,0.06288570486356526
SIM_019,19,PAIR_00019,BM-213,BM-229,BM-229,,0.24650926495140532
SIM_019,20,PAIR_00020,BF-242,BM-214,BF-242,,0.23724843950996033
SIM_019,21,PAIR_00021,BM-218,BM-227,BM-218,,0.5002369183711579
SIM_019,22,PAIR_00022,BM-219,BM-211,BM-211,,0.459396414456364
SIM_019,23,PAIR_00023,BM-216,BM-239,BM-239,,0.6014538878382059
SIM_019,24,PAIR_00024,BM-225,BM-226,BM-225,,0.7904488994507026
SIM_019,25,PAIR_00025,BM-217,BM-237,BM-237,,0.3321416766402924
SIM_019,26,PAIR_00026,BM-228,BF-242,BM-228,,0.7290994168484117
SIM_019,27,PAIR_00027,BM-226,BF-007,BM-226,,0.22035484969150645
SIM_019,28,PAIR_00028,BM-218,BM-216,BM-218,,0.7101677973349876
SIM_019,29,PAIR_00029,BM-237,BM-213,BM-237,,0.7590814226534237
SIM_019,30,PAIR_00030,BM-231,BM-236,BM-236,,0.12971614300494108
SIM_019,31,PAIR_00031,BM-211,BM-225,BM-211,,0.6391816251210418
SIM_019,32,PAIR_00032,BM-224,BM-229,BM-224,,0.3375055782864029
SIM_019,33,PAIR_00033,BM-221,BM-219,BM-221,,0.3292097878666537
SIM_019,34,PAIR_00034,BM-215,BM-214,BM-214,,0.3907685043566045
SIM_019,35,PAIR_00035,BM-239,BM-223,BM-223,,0.2899067120138933
SIM_019,36,PAIR_00036,BM-217,BF-255,BF-255,,0.16749368987613308
SIM_019,37,PAIR_00037,BM-222,BM-212,BM-222,,0.9559877205776918
SIM_019,38,PAIR_00038,BM-236,BM-227,BM-227,,0.5851839412783998
SIM_019,39,PAIR_00039,BM-217,BM-214,BM-214,,0.27271634835576414
SIM_019,40,PAIR_00040,BF-255,BM-226,BF-255,,0.8467498546318379
SIM_019,41,PAIR_00041,BM-229,BM-216,BM-216,,0.458083311976373
SIM_019,42,PAIR_00042,BM-211,BM-224,BM-224,,0.8581315487375101
SIM_019,43,PAIR_00043,BM-219,BM-231,BM-219,,0.8113370505696746
SIM_019,44,PAIR_00044,BM-218,BM-215,BM-215,,0.7677483569731899
SIM_019,45,PAIR_00045,BM-228,BM-237,BM-228,,0.5261270737795799
SIM_019,46,PAIR_00046,BM-221,BM-223,BM-221,,0.4009571315095831
SIM_019,47,PAIR_00047,BM-227,BM-213,BM-227,,0.898496525351987
SIM_019,48,PAIR_00048,BM-225,BM-212,BM-225,,0.9105025016100444
SIM_019,49,PAIR_00049,BF-007,BM-222,BM-222,,0.3052281205908015
SIM_019,50,PAIR_00050,BM-239,BF-242,BM-239,,0.6483185302283063
SIM_019,51,PAIR_00051,BM-214,BF-007,BF-007,,0.4558957557008482
SIM_019,52,PAIR_00052,BM-216,BM-212,BM-212,,0.8737173229181733
SIM_019,53,PAIR_00053,BM-223,BM-227,BM-223,,0.3986865182977619
SIM_019,54,PAIR_00054,BM-217,BM-231,BM-217,,0.45707731145428465
SIM_019,55,PAIR_00055,BF-242,BM-226,BF-242,,0.4797357297054694
SIM_019,56,PAIR_00056,BM-221,BM-239,BM-221,,0.6211326493727066
SIM_019,57,PAIR_00057,BM-228,BM-218,BM-228,,0.2830619035400725
SIM_019,58,PAIR_00058,BM-222,BM-225,BM-222,,0.6810258985706044
SIM_019,59,PAIR_00059,BM-229,BM-215,BM-229,,0.5327978943713936
SIM_019,60,PAIR_00060,BM-236,BM-211,BM-236,,0.5700307524616257
SIM_019,61,PAIR_00061,BF-255,BM-237,BM-237,,0.7119719570816829
SIM_019,62,PAIR_00062,BM-219,BM-213,BM-219,,0.8889412139677642
SIM_019,63,PAIR_00063,BF-242,BM-224,BF-242,,0.45494959516696887
SIM_019,64,PAIR_00064,BM-229,BM-237,BM-237,,0.49241736101051403
SIM_019,65,PAIR_00065,BM-226,BM-227,BM-227,,0.13736703098829836
SIM_019,66,PAIR_00066,BM-215,BM-216,BM-215,,0.42569403475889667
SIM_019,67,PAIR_00067,BM-213,BM-214,BM-214,,0.19309558203895444
SIM_019,68,PAIR_00068,BM-222,BM-217,BM-222,,0.8787115543332452
SIM_019,69,PAIR_00069,BM-225,BM-218,BM-225,,0.3750418211636877
SIM_019,70,PAIR_00070,BM-223,BF-007,BM-223,,0.54060842380539
SIM_019,71,PAIR_00071,BM-239,BM-211,BM-239,,0.20279883241704552
SIM_019,72,PAIR_00072,BM-236,BF-255,BM-236,,0.6158783457170887
SIM_019,73,PAIR_00073,BM-212,BM-219,BM-212,,0.061293611521879086
SIM_019,74,PAIR_00074,BM-231,BM-228,BM-228,,0.3472830018189138
SIM_019,75,PAIR_00075,BM-224,BM-221,BM-224,,0.28387450638342465
SIM_019,76,PAIR_00076,BM-221,BF-242,BM-221,,0.7513854013975068
SIM_019,77,PAIR_00077,BM-222,BM-219,BM-222,,0.5864840223325505
SIM_019,78,PAIR_00078,BM-224,BM-226,BM-226,,0.5248769766578227
SIM_019,79,PAIR_00079,BM-212,BM-214,BM-214,,0.11116701969697171
SIM_019,80,PAIR_00080,BF-007,BM-237,BF-007,,0.6128354244491387
SIM_019,81,PAIR_00081,BM-211,BM-217,BM-211,,0.8573691371982063
SIM_019,82,PAIR_00082,BM-228,BM-225,BM-228,,0.39683344870518444
SIM_019,83,PAIR_00083,BM-213,BM-216,BM-213,,0.21663610038712067
SIM_019,84,PAIR_00084,BM-223,BM-215,BM-215,,0.6864881778517896
SIM_019,85,PAIR_00085,BM-231,BM-227,BM-227,,0.17373565313266423
SIM_019,86,PAIR_00086,BM-239,BF-255,BM-239,,0.23527180306944467
SIM_019,87,PAIR_00087,BM-229,BM-236,BM-236,,0.19664388366947144
SIM_019,88,PAIR_00088,BM-219,BM-218,BM-218,,0.4746203209194756
SIM_019,89,PAIR_00089,BM-229,BM-214,BM-214,,0.4224551616355219
SIM_019,90,PAIR_00090,BM-213,BM-221,BM-221,,0.20290916874714177
SIM_019,91,PAIR_00091,BM-224,BM-215,BM-215,,0.36747839029831664
SIM_019,92,PAIR_00092,BM-212,BM-226,BM-226,,0.27048711097929706
SIM_019,93,PAIR_00093,BM-237,BM-227,BM-227,,0.2625068189721848
SIM_019,94,PAIR_00094,BM-217,BF-242,BF-242,,0.5465994159293619
SIM_019,95,PAIR_00095,BM-223,BM-218,BM-218,,0.3984593490577611
SIM_019,96,PAIR_00096,BF-255,BM-216,BF-255,,0.682926223091502
SIM_019,97,PAIR_00097,BM-222,BM-211,BM-222,,0.5465340657043668
SIM_019,98,PAIR_00098,BM-231,BF-007,BF-007,,0.271772807943265
SIM_019,99,PAIR_00099,BM-239,BM-225,BM-225,,0.31065077989289125
SIM_019,100,PAIR_00100,BM-228,BM-236,BM-236,,0.2188351921913676
SIM_019,101,PAIR_00101,BM-211,BM-226,BM-211,,0.8698289600678419
SIM_019,102,PAIR_00102,BF-007,BM-219,BM-219,,0.38388872519658374
SIM_019,103,PAIR_00103,BM-236,BM-214,BM-236,,0.7492659043913402
SIM_019,104,PAIR_00104,BF-242,BM-213,BM-213,,0.5651758931159829
SIM_019,105,PAIR_00105,BF-255,BM-222,BM-222,,0.40690134004113265
SIM_019,106,PAIR_00106,BM-212,BM-218,BM-218,,0.05570160960137181
SIM_019,107,PAIR_00107,BM-231,BM-215,BM-215,,0.4098254623839697
SIM_019,108,PAIR_00108,BM-228,BM-227,BM-227,,0.2832542619174882
SIM_019,109,PAIR_00109,BM-223,BM-216,BM-216,,0.6187652185868557
SIM_019,110,PAIR_00110,BM-237,BM-239,BM-239,,0.5680251532244893
SIM_019,111,PAIR_00111,BM-229,BM-225,BM-225,,0.36502653811052327
SIM_019,112,PAIR_00112,BM-224,BM-217,BM-224,,0.4984378712552536
SIM_019,113,PAIR_00113,BM-225,BM-221,BM-221,,0.5751073295424118
SIM_019,114,PAIR_00114,BM-214,BM-231,BM-231,,0.6918473256643518
SIM_019,115,PAIR_00115,BM-229,BM-223,BM-223,,0.34245527804465553
SIM_019,116,PAIR_00116,BF-242,BM-215,BM-215,,0.32656960876884994
SIM_019,117,PAIR_00117,BM-213,BM-226,BM-226,,0.4150088421278394
SIM_019,118,PAIR_00118,BM-216,BM-219,BM-216,,0.3111832951396571
SIM_019,119,PAIR_00119,BM-237,BM-222,BM-237,,0.217248963876395
SIM_019,120,PAIR_00120,BM-211,BM-221,BM-211,,0.7056882563938565
SIM_019,121,PAIR_00121,BM-217,BM-228,BM-217,,0.30935894027404387
SIM_019,122,PAIR_00122,BM-212,BM-224,BM-224,,0.2512902538392436
SIM_019,123,PAIR_00123,BM-239,BM-218,BM-218,,0.21286764940304412
SIM_019,124,PAIR_00124,BM-227,BF-255,BF-255,,0.53195615808631
SIM_019,125,PAIR_00125,BM-236,BF-007,BF-007,,0.7145985761171072
SIM_019,126,PAIR_00126,BM-223,BM-211,BM-211,,0.3838933329441322
SIM_019,127,PAIR_00127,BM-231,BM-212,BM-231,,0.7807608319292152
SIM_019,128,PAIR_00128,BM-219,BM-214,BM-219,,0.6569995404963171
SIM_019,129,PAIR_00129,BM-236,BF-242,BM-236,,0.9057254918377985
SIM_019,130,PAIR_00130,BM-213,BM-222,BM-222,,0.08095655714746094
SIM_019,131,PAIR_00131,BM-226,BM-221,BM-221,,0.2640714551215016
SIM_019,132,PAIR_00132,BF-007,BF-255,BF-007,,0.3903754955686164
SIM_019,133,PAIR_00133,BM-216,BM-237,BM-216,,0.5343777554152823
SIM_019,134,PAIR_00134,BM-239,BM-217,BM-239,,0.6046112198850913
SIM_019,135,PAIR_00135,BM-215,BM-225,BM-225,,0.3351477454818891
SIM_019,136,PAIR_00136,BM-229,BM-218,BM-218,,0.25649614064364357
SIM_019,137,PAIR_00137,BM-224,BM-227,BM-227,,0.14959987243631057
SIM_019,138,PAIR_00138,BM-228,BF-007,BF-007,,0.41225696256436
SIM_019,139,PAIR_00139,BM-216,BM-236,BM-236,,0.2245504545236615
SIM_019,140,PAIR_00140,BM-218,BM-217,BM-218,,0.8497244999092971
SIM_019,141,PAIR_00141,BM-231,BM-229,BM-229,,0.37846534003523
SIM_019,142,PAIR_00142,BM-237,BM-214,BM-214,,0.42987286313774875
SIM_019,143,PAIR_00143,BF-242,BM-227,BM-227,,0.12803625194772436
SIM_019,144,PAIR_00144,BM-219,BM-224,BM-219,,0.8371378204852085
SIM_019,145,PAIR_00145,BM-211,BF-255,BF-255,,0.5473857435404343
SIM_019,146,PAIR_00146,BM-225,BM-223,BM-225,,0.4753304079297246
SIM_019,147,PAIR_00147,BM-222,BM-221,BM-222,,0.7429218072548591
SIM_019,148,PAIR_00148,BM-212,BM-213,BM-213,,0.343247453131141
SIM_019,149,PAIR_00149,BM-239,BM-226,BM-226,,0.6296124959858393
SIM_019,150,PAIR_00150,BM-228,BM-215,BM-215,,0.5661884331139478
SIM_019,151,PAIR_00151,BM-226,BM-231,BM-226,,0.43095568282384794
SIM_019,152,PAIR_00152,BM-217,BM-227,BM-217,,0.15039655126629822
SIM_019,153,PAIR_00153,BM-239,BM-236,BM-239,,0.1609915146051335
SIM_019,154,PAIR_00154,BF-255,BM-229,BM-229,,0.7181520469739519
SIM_019,155,PAIR_00155,BM-237,BM-223,BM-223,,0.3493178947989133
SIM_019,156,PAIR_00156,BM-224,BM-225,BM-224,,0.22652408676368152
SIM_019,157,PAIR_00157,BM-222,BF-242,BM-222,,0.8972674817394369
SIM_019,158,PAIR_00158,BM-211,BM-215,BM-215,,0.778476014177606
SIM_019,159,PAIR_00159,BM-214,BM-228,BM-214,,0.5443249145087194
SIM_019,160,PAIR_00160,BF-007,BM-212,BF-007,,0.9051455603350077
SIM_019,161,PAIR_00161,BM-221,BM-218,BM-218,,0.3071734138642074
SIM_019,162,PAIR_00162,BM-213,BM-215,BM-213,,0.27171535970268296
SIM_019,163,PAIR_00163,BM-222,BM-216,BM-222,,0.7584210486984893
SIM_019,164,PAIR_00164,BM-226,BM-219,BM-219,,0.14973582300182697
SIM_019,165,PAIR_00165,BF-242,BM-219,BM-219,,0.1397009443711754
SIM_019,166,PAIR_00166,BM-239,BM-212,BM-239,,0.8209368081505211
SIM_019,167,PAIR_00167,BM-224,BM-231,BM-231,,0.455527110474699
SIM_019,168,PAIR_00168,BF-255,BM-221,BF-255,,0.664724591609599
SIM_019,169,PAIR_00169,BM-214,BM-211,BM-211,,0.3073102650961119
SIM_019,170,PAIR_00170,BM-225,BM-237,BM-237,,0.6279144817815363
SIM_019,171,PAIR_00171,BM-236,BM-223,BM-236,,0.6802741559998849
SIM_019,172,PAIR_00172,BM-217,BM-229,BM-229,,0.33890413853700446
SIM_019,173,PAIR_00173,BM-227,BM-216,BM-227,,0.7099726993206014
SIM_019,174,PAIR_00174,BM-213,BM-228,BM-213,,0.22231027439100884
SIM_019,175,PAIR_00175,BM-218,BF-007,BM-218,,0.6398425641938011
SIM_019,176,PAIR_00176,BM-216,BF-007,BM-216,,0.4203057864236588
SIM_019,177,PAIR_00177,BM-226,BM-217,BM-217,,0.47356500376324917
SIM_019,178,PAIR_00178,BF-255,BM-219,BM-219,,0.4931652408467495
SIM_019,179,PAIR_00179,BM-223,BM-231,BM-231,,0.7592256577132775
SIM_019,180,PAIR_00180,BM-213,BM-239,BM-213,,0.2944534790660408
SIM_019,181,PAIR_00181,BM-214,BM-227,BM-214,,0.3206884215984604
SIM_019,182,PAIR_00182,BM-212,BM-237,BM-212,,0.1422769554917922
SIM_019,183,PAIR_00183,BM-218,BM-224,BM-224,,0.8505206503266772
SIM_019,184,PAIR_00184,BM-228,BM-222,BM-228,,0.23556193822118957
SIM_019,185,PAIR_00185,BF-242,BM-225,BM-225,,0.19643367405875783
SIM_019,186,PAIR_00186,BM-215,BM-221,BM-221,,0.40557872439933085
SIM_019,187,PAIR_00187,BM-229,BM-211,BM-211,,0.2450060041102735
SIM_019,188,PAIR_00188,BM-236,BM-215,BM-215,,0.8232878750346994
SIM_019,189,PAIR_00189,BM-217,BM-236,BM-236,,0.11149254937650074
SIM_019,190,PAIR_00190,BM-213,BF-007,BF-007,,0.1670199276460357
SIM_019,191,PAIR_00191,BF-242,BM-223,BM-223,,0.181310561075186
SIM_019,192,PAIR_00192,BM-212,BM-211,BM-211,,0.05257037532846488
SIM_019,193,PAIR_00193,BM-224,BM-216,BM-216,,0.30101034586316194
SIM_019,194,PAIR_00194,BM-228,BM-229,BM-229,,0.5336830207039965
SIM_019,195,PAIR_00195,BM-237,BM-226,BM-237,,0.6909048845448961
SIM_019,196,PAIR_00196,BM-218,BF-255,BF-255,,0.5321921015517458
SIM_019,197,PAIR_00197,BM-221,BM-227,BM-227,,0.3073751326137769
SIM_019,198,PAIR_00198,BM-219,BM-225,BM-219,,0.6008579426588972
SIM_019,199,PAIR_00199,BM-239,BM-214,BM-239,,0.36443452115951475
SIM_019,200,PAIR_00200,BM-231,BM-222,BM-222,,0.14085935233764144
SIM_019,201,PAIR_00201,BM-215,BM-217,BM-215,,0.6310680135639577
SIM_019,202,PAIR_00202,BM-222,BM-224,BM-222,,0.8793759336275948
SIM_019,203,PAIR_00203,BF-255,BM-214,BF-255,,0.6508120994774664
SIM_019,204,PAIR_00204,BM-228,BM-219,BM-219,,0.3041278356745797
SIM_019,205,PAIR_00205,BM-229,BM-221,BM-221,,0.437603698557496
SIM_019,206,PAIR_00206,BM-226,BM-218,BM-218,,0.13725477278924952
SIM_019,207,PAIR_00207,BM-225,BM-216,BM-216,,0.5952114627748064
SIM_019,208,PAIR_00208,BM-211,BM-237,BM-211,,0.7493397780868819
SIM_019,209,PAIR_00209,BM-239,BM-231,BM-231,,0.5628167694682431
SIM_019,210,PAIR_00210,BM-213,BM-236,BM-236,,0.07414322575223149
SIM_019,211,PAIR_00211,BF-007,BF-242,BF-242,,0.793261986734821
SIM_019,212,PAIR_00212,BM-212,BM-223,BM-223,,0.08176947027292372
SIM_019,213,PAIR_00213,BM-227,BM-211,BM-211,,0.48447638700912915
SIM_019,214,PAIR_00214,BM-216,BM-217,BM-217,,0.6976733103767735
SIM_019,215,PAIR_00215,BM-219,BM-227,BM-219,,0.4748566345512353
SIM_019,216,PAIR_00216,BM-214,BM-218,BM-218,,0.3204820085092622
SIM_019,217,PAIR_00217,BM-237,BM-215,BM-215,,0.5403404035999196
SIM_019,218,PAIR_00218,BM-236,BM-226,BM-236,,0.8985689276258495
SIM_019,219,PAIR_00219,BM-224,BM-228,BM-224,,0.30802549607309854
SIM_019,220,PAIR_00220,BM-231,BF-242,BF-242,,0.5888115508887632
SIM_019,221,PAIR_00221,BM-225,BF-255,BF-255,,0.4057168439867916
SIM_019,222,PAIR_00222,BM-221,BF-007,BM-221,,0.44061009653969924
SIM_019,223,PAIR_00223,BM-212,BM-229,BM-212,,0.1460189214358076
SIM_019,224,PAIR_00224,BM-222,BM-239,BM-222,,0.8257166177944669
SIM_019,225,PAIR_00225,BM-223,BM-213,BM-223,,0.8544189721459678
SIM_019,226,PAIR_00226,BM-221,BM-228,BM-228,,0.5289567135647587
SIM_019,227,PAIR_00227,BM-215,BF-007,BM-215,,0.34956322046724636
SIM_019,228,PAIR_00228,BF-255,BM-231,BF-255,,0.8071163599244839
SIM_019,229,PAIR_00229,BM-219,BM-223,BM-223,,0.5769542374218426
SIM_019,230,PAIR_00230,BM-218,BM-213,BM-213,,0.8985829210390318
SIM_019,231,PAIR_00231,BM-226,BM-216,BM-216,,0.2804800925353363
SIM_019,232,PAIR_00232,BM-225,BM-214,BM-214,,0.5599379861217109
SIM_019,233,PAIR_00233,BM-227,BM-229,BM-227,,0.7433230907449867
SIM_019,234,PAIR_00234,BM-224,BM-239,BM-239,,0.3938960078122809
SIM_019,235,PAIR_00235,BM-212,BM-217,BM-212,,0.2501164607503142
SIM_019,236,PAIR_00236,BM-236,BM-237,BM-236,,0.7985201491919167
SIM_019,237,PAIR_00237,BM-211,BF-242,BM-211,,0.8787396547598036
SIM_019,238,PAIR_00238,BM-218,BM-222,BM-222,,0.43835442419306125
SIM_019,239,PAIR_00239,BM-227,BM-222,BM-227,,0.4381211207784558
SIM_019,240,PAIR_00240,BM-229,BF-242,BF-242,,0.7016404399947652
SIM_019,241,PAIR_00241,BM-211,BM-231,BM-231,,0.8350011035534172
SIM_019,242,PAIR_00242,BM-213,BM-225,BM-225,,0.15830018632255818
SIM_019,243,PAIR_00243,BM-228,BF-255,BM-228,,0.3099448578523684
SIM_019,244,PAIR_00244,BM-223,BM-226,BM-223,,0.8063385161216202
SIM_019,245,PAIR_00245,BM-212,BM-215,BM-212,,0.1631748808952223
SIM_019,246,PAIR_00246,BM-221,BM-237,BM-221,,0.5549175947981636
SIM_019,247,PAIR_00247,BM-219,BM-239,BM-219,,0.7696116648813172
SIM_019,248,PAIR_00248,BM-216,BM-214,BM-214,,0.46390252138950805
SIM_019,249,PAIR_00249,BM-236,BM-224,BM-236,,0.8891249417513256
SIM_019,250,PAIR_00250,BM-217,BF-007,BF-007,,0.23907435981385444
SIM_019,251,PAIR_00251,BM-212,BM-228,BM-228,,0.1299829775347618
SIM_019,252,PAIR_00252,BM-217,BM-225,BM-217,,0.22762076888279198
SIM_019,253,PAIR_00253,BM-236,BM-219,BM-236,,0.6093901347663366
SIM_019,254,PAIR_00254,BM-218,BF-242,BM-218,,0.872069511853059
SIM_019,255,PAIR_00255,BM-226,BM-214,BM-214,,0.2522358602332104
SIM_019,256,PAIR_00256,BF-255,BM-213,BF-255,,0.886213166818921
SIM_019,257,PAIR_00257,BM-227,BM-239,BM-227,,0.7869735199346419
SIM_019,258,PAIR_00258,BM-229,BM-222,BM-222,,0.21213505355168763
SIM_019,259,PAIR_00259,BM-224,BM-223,BM-223,,0.20968887622430654
SIM_019,260,PAIR_00260,BM-216,BM-231,BM-216,,0.6601871626425073
SIM_019,261,PAIR_00261,BM-211,BF-007,BF-007,,0.6538142109888488
SIM_019,262,PAIR_00262,BM-215,BM-222,BM-222,,0.19100644193377725
SIM_019,263,PAIR_00263,BM-237,BM-218,BM-218,,0.2623233935218685
SIM_019,264,PAIR_00264,BM-221,BM-217,BM-221,,0.7148535166790715
SIM_019,265,PAIR_00265,BM-231,BM-237,BM-237,,0.3713569069910973
SIM_019,266,PAIR_00266,BM-228,BM-226,BM-228,,0.7127866217890074
SIM_019,267,PAIR_00267,BM-236,BM-221,BM-236,,0.7606981020969623
SIM_019,268,PAIR_00268,BM-239,BM-215,BM-215,,0.4720079919409225
SIM_019,269,PAIR_00269,BM-216,BM-211,BM-211,,0.27740590065037546
SIM_019,270,PAIR_00270,BF-255,BF-242,BF-255,,0.8569806375300371
SIM_019,271,PAIR_00271,BM-223,BM-214,BM-223,,0.5841101020402096
SIM_019,272,PAIR_00272,BM-225,BF-007,BM-225,,0.5160029583577592
SIM_019,273,PAIR_00273,BM-229,BM-219,BM-219,,0.2763470748582293
SIM_019,274,PAIR_00274,BM-213,BM-224,BM-213,,0.3910532598856224
SIM_019,275,PAIR_00275,BF-007,BM-227,BM-227,,0.3603758504743594
SIM_019,276,PAIR_00276,BM-236,BM-212,BM-236,,0.959827717024812
SIM_019,277,PAIR_00277,BM-237,BM-224,BM-224,,0.6692429390672207
SIM_019,278,PAIR_00278,BF-242,BM-216,BF-242,,0.2644078645825088
SIM_019,279,PAIR_00279,BM-215,BM-227,BM-227,,0.23242066634806705
SIM_019,280,PAIR_00280,BM-212,BM-221,BM-221,,0.11742272550174405
SIM_019,281,PAIR_00281,BM-231,BM-225,BM-225,,0.25928649124739844
SIM_019,282,PAIR_00282,BM-226,BM-222,BM-222,,0.11045284726338489
SIM_019,283,PAIR_00283,BM-217,BM-213,BM-213,,0.6104336905348509
SIM_019,284,PAIR_00284,BM-239,BM-229,BM-239,,0.4394325204751498
SIM_019,285,PAIR_00285,BF-255,BM-223,BF-255,,0.5702673104810158
SIM_019,286,PAIR_00286,BM-228,BM-211,BM-228,,0.27081518045009806
SIM_019,287,PAIR_00287,BM-222,BM-214,BM-214,,0.7309407531975411
SIM_019,288,PAIR_00288,BM-219,BM-215,BM-219,,0.7491406879013857
SIM_019,289,PAIR_00289,BM-218,BM-231,BM-218,,0.8264003448400584
SIM_019,290,PAIR_00290,BM-223,BM-217,BM-223,,0.7892737414758372
SIM_019,291,PAIR_00291,BM-216,BM-228,BM-228,,0.5082804312428928
SIM_019,292,PAIR_00292,BM-224,BF-255,BM-224,,0.16662420623664836
SIM_019,293,PAIR_00293,BM-226,BM-229,BM-226,,0.3156100905346744
SIM_019,294,PAIR_00294,BM-237,BM-219,BM-219,,0.28245398664576415
SIM_019,295,PAIR_00295,BF-242,BM-212,BF-242,,0.7132151985625615
SIM_019,296,PAIR_00296,BM-225,BM-227,BM-227,,0.37526396834976317
SIM_019,297,PAIR_00297,BM-214,BM-221,BM-221,,0.5154475086916739
SIM_019,298,PAIR_00298,BM-218,BM-236,BM-218,,0.4150461190579815
SIM_019,299,PAIR_00299,BM-211,BM-213,BM-211,,0.9040228264809127
SIM_019,300,PAIR_00300,BF-007,BM-239,BM-239,,0.6754730993723337
SIM_020,1,PAIR_00001,BM-216,BM-221,BM-216,,0.47930386809454184
SIM_020,2,PAIR_00002,BM-239,BM-228,BM-228,,0.4065123944074379
SIM_020,3,PAIR_00003,BF-007,BM-229,BM-229,,0.620007354928767
SIM_020,4,PAIR_00004,BM-212,BM-227,BM-227,,0.055751477219154306
SIM_020,5,PAIR_00005,BM-223,BM-222,BM-223,,0.34079984699266824
SIM_020,6,PAIR_00006,BF-242,BM-237,BM-237,,0.2920487232935015
SIM_020,7,PAIR_00007,BM-213,BM-231,BM-231,,0.3494972203862205
SIM_020,8,PAIR_00008,BM-225,BM-236,BM-225,,0.2986383072115851
SIM_020,9,PAIR_00009,BM-226,BM-215,BM-226,,0.3446500059286485
SIM_020,10,PAIR_00010,BM-218,BM-211,BM-218,,0.48471308048957706
SIM_020,11,PAIR_00011,BM-219,BM-217,BM-219,,0.836284111455051
SIM_020,12,PAIR_00012,BM-214,BM-224,BM-224,,0.7285212378857929
SIM_020,13,PAIR_00013,BF-255,BM-215,BF-255,,0.7439676574531842
SIM_020,14,PAIR_00014,BM-222,BM-236,BM-236,,0.47619298251945674
SIM_020,15,PAIR_00015,BM-224,BF-007,BF-007,,0.2379394939340924
SIM_020,16,PAIR_00016,BM-228,BM-223,BM-223,,0.37345215256477066
SIM_020,17,PAIR_00017,BM-221,BM-231,BM-221,,0.6785159906769078
SIM_020,18,PAIR_00018,BM-212,BF-255,BF-255,,0.06288570486356526
SIM_020,19,PAIR_00019,BM-213,BM-229,BM-229,,0.24650926495140532
SIM_020,20,PAIR_00020,BF-242,BM-214,BM-214,,0.23724843950996033
SIM_020,21,PAIR_00021,BM-218,BM-227,BM-218,,0.5002369183711579
SIM_020,22,PAIR_00022,BM-219,BM-211,BM-219,,0.459396414456364
SIM_020,23,PAIR_00023,BM-216,BM-239,BM-239,,0.6014538878382059
SIM_020,24,PAIR_00024,BM-225,BM-226,BM-226,,0.7904488994507026
SIM_020,25,PAIR_00025,BM-217,BM-237,BM-237,,0.3321416766402924
SIM_020,26,PAIR_00026,BM-228,BF-242,BM-228,,0.7290994168484117
SIM_020,27,PAIR_00027,BM-226,BF-007,BM-226,,0.22035484969150645
SIM_020,28,PAIR_00028,BM-218,BM-216,BM-218,,0.7101677973349876
SIM_020,29,PAIR_00029,BM-237,BM-213,BM-213,,0.7590814226534237
SIM_020,30,PAIR_00030,BM-231,BM-236,BM-236,,0.12971614300494108
SIM_020,31,PAIR_00031,BM-211,BM-225,BM-211,,0.6391816251210418
SIM_020,32,PAIR_00032,BM-224,BM-229,BM-229,,0.3375055782864029
SIM_020,33,PAIR_00033,BM-221,BM-219,BM-219,,0.3292097878666537
SIM_020,34,PAIR_00034,BM-215,BM-214,BM-214,,0.3907685043566045
SIM_020,35,PAIR_00035,BM-239,BM-223,BM-239,,0.2899067120138933
SIM_020,36,PAIR_00036,BM-217,BF-255,BF-255,,0.16749368987613308
SIM_020,37,PAIR_00037,BM-222,BM-212,BM-222,,0.9559877205776918
SIM_020,38,PAIR_00038,BM-236,BM-227,BM-227,,0.5851839412783998
SIM_020,39,PAIR_00039,BM-217,BM-214,BM-214,,0.27271634835576414
SIM_020,40,PAIR_00040,BF-255,BM-226,BF-255,,0.8467498546318379
SIM_020,41,PAIR_00041,BM-229,BM-216,BM-229,,0.458083311976373
SIM_020,42,PAIR_00042,BM-211,BM-224,BM-211,,0.8581315487375101
SIM_020,43,PAIR_00043,BM-219,BM-231,BM-231,,0.8113370505696746
SIM_020,44,PAIR_00044,BM-218,BM-215,BM-215,,0.7677483569731899
SIM_020,45,PAIR_00045,BM-228,BM-237,BM-228,,0.5261270737795799
SIM_020,46,PAIR_00046,BM-221,BM-223,BM-221,,0.4009571315095831
SIM_020,47,PAIR_00047,BM-227,BM-213,BM-227,,0.898496525351987
SIM_020,48,PAIR_00048,BM-225,BM-212,BM-225,,0.9105025016100444
SIM_020,49,PAIR_00049,BF-007,BM-222,BM-222,,0.3052281205908015
SIM_020,50,PAIR_00050,BM-239,BF-242,BM-239,,0.6483185302283063
SIM_020,51,PAIR_00051,BM-214,BF-007,BF-007,,0.4558957557008482
SIM_020,52,PAIR_00052,BM-216,BM-212,BM-216,,0.8737173229181733
SIM_020,53,PAIR_00053,BM-223,BM-227,BM-227,,0.3986865182977619
SIM_020,54,PAIR_00054,BM-217,BM-231,BM-217,,0.45707731145428465
SIM_020,55,PAIR_00055,BF-242,BM-226,BM-226,,0.4797357297054694
SIM_020,56,PAIR_00056,BM-221,BM-239,BM-221,,0.6211326493727066
SIM_020,57,PAIR_00057,BM-228,BM-218,BM-228,,0.2830619035400725
SIM_020,58,PAIR_00058,BM-222,BM-225,BM-225,,0.6810258985706044
SIM_020,59,PAIR_00059,BM-229,BM-215,BM-215,,0.5327978943713936
SIM_020,60,PAIR_00060,BM-236,BM-211,BM-236,,0.5700307524616257
SIM_020,61,PAIR_00061,BF-255,BM-237,BF-255,,0.7119719570816829
SIM_020,62,PAIR_00062,BM-219,BM-213,BM-213,,0.8889412139677642
SIM_020,63,PAIR_00063,BF-242,BM-224,BF-242,,0.45494959516696887
SIM_020,64,PAIR_00064,BM-229,BM-237,BM-229,,0.49241736101051403
SIM_020,65,PAIR_00065,BM-226,BM-227,BM-226,,0.13736703098829836
SIM_020,66,PAIR_00066,BM-215,BM-216,BM-216,,0.42569403475889667
SIM_020,67,PAIR_00067,BM-213,BM-214,BM-214,,0.19309558203895444
SIM_020,68,PAIR_00068,BM-222,BM-217,BM-222,,0.8787115543332452
SIM_020,69,PAIR_00069,BM-225,BM-218,BM-225,,0.3750418211636877
SIM_020,70,PAIR_00070,BM-223,BF-007,BM-223,,0.54060842380539
SIM_020,71,PAIR_00071,BM-239,BM-211,BM-211,,0.20279883241704552
SIM_020,72,PAIR_00072,BM-236,BF-255,BF-255,,0.6158783457170887
SIM_020,73,PAIR_00073,BM-212,BM-219,BM-219,,0.061293611521879086
SIM_020,74,PAIR_00074,BM-231,BM-228,BM-228,,0.3472830018189138
SIM_020,75,PAIR_00075,BM-224,BM-221,BM-221,,0.28387450638342465
SIM_020,76,PAIR_00076,BM-221,BF-242,BM-221,,0.7513854013975068
SIM_020,77,PAIR_00077,BM-222,BM-219,BM-219,,0.5864840223325505
SIM_020,78,PAIR_00078,BM-224,BM-226,BM-226,,0.5248769766578227
SIM_020,79,PAIR_00079,BM-212,BM-214,BM-214,,0.11116701969697171
SIM_020,80,PAIR_00080,BF-007,BM-237,BM-237,,0.6128354244491387
SIM_020,81,PAIR_00081,BM-211,BM-217,BM-217,,0.8573691371982063
SIM_020,82,PAIR_00082,BM-228,BM-225,BM-228,,0.39683344870518444
SIM_020,83,PAIR_00083,BM-213,BM-216,BM-216,,0.21663610038712067
SIM_020,84,PAIR_00084,BM-223,BM-215,BM-223,,0.6864881778517896
SIM_020,85,PAIR_00085,BM-231,BM-227,BM-231,,0.17373565313266423
SIM_020,86,PAIR_00086,BM-239,BF-255,BF-255,,0.23527180306944467
SIM_020,87,PAIR_00087,BM-229,BM-236,BM-236,,0.19664388366947144
SIM_020,88,PAIR_00088,BM-219,BM-218,BM-219,,0.4746203209194756
SIM_020,89,PAIR_00089,BM-229,BM-214,BM-214,,0.4224551616355219
SIM_020,90,PAIR_00090,BM-213,BM-221,BM-221,,0.20290916874714177
SIM_020,91,PAIR_00091,BM-224,BM-215,BM-215,,0.36747839029831664
SIM_020,92,PAIR_00092,BM-212,BM-226,BM-226,,0.27048711097929706
SIM_020,93,PAIR_00093,BM-237,BM-227,BM-227,,0.2625068189721848
SIM_020,94,PAIR_00094,BM-217,BF-242,BF-242,,0.5465994159293619
SIM_020,95,PAIR_00095,BM-223,BM-218,BM-223,,0.3984593490577611
SIM_020,96,PAIR_00096,BF-255,BM-216,BF-255,,0.682926223091502
SIM_020,97,PAIR_00097,BM-222,BM-211,BM-222,,0.5465340657043668
SIM_020,98,PAIR_00098,BM-231,BF-007,BF-007,,0.271772807943265
SIM_020,99,PAIR_00099,BM-239,BM-225,BM-239,,0.31065077989289125
SIM_020,100,PAIR_00100,BM-228,BM-236,BM-228,,0.2188351921913676
SIM_020,101,PAIR_00101,BM-211,BM-226,BM-226,,0.8698289600678419
SIM_020,102,PAIR_00102,BF-007,BM-219,BM-219,,0.38388872519658374
SIM_020,103,PAIR_00103,BM-236,BM-214,BM-236,,0.7492659043913402
SIM_020,104,PAIR_00104,BF-242,BM-213,BF-242,,0.5651758931159829
SIM_020,105,PAIR_00105,BF-255,BM-222,BM-222,,0.40690134004113265
SIM_020,106,PAIR_00106,BM-212,BM-218,BM-218,,0.05570160960137181
SIM_020,107,PAIR_00107,BM-231,BM-215,BM-215,,0.4098254623839697
SIM_020,108,PAIR_00108,BM-228,BM-227,BM-227,,0.2832542619174882
SIM_020,109,PAIR_00109,BM-223,BM-216,BM-216,,0.6187652185868557
SIM_020,110,PAIR_00110,BM-237,BM-239,BM-237,,0.5680251532244893
SIM_020,111,PAIR_00111,BM-229,BM-225,BM-225,,0.36502653811052327
SIM_020,112,PAIR_00112,BM-224,BM-217,BM-224,,0.4984378712552536
SIM_020,113,PAIR_00113,BM-225,BM-221,BM-225,,0.5751073295424118
SIM_020,114,PAIR_00114,BM-214,BM-231,BM-231,,0.6918473256643518
SIM_020,115,PAIR_00115,BM-229,BM-223,BM-229,,0.34245527804465553
SIM_020,116,PAIR_00116,BF-242,BM-215,BM-215,,0.32656960876884994
SIM_020,117,PAIR_00117,BM-213,BM-226,BM-226,,0.4150088421278394
SIM_020,118,PAIR_00118,BM-216,BM-219,BM-219,,0.3111832951396571
SIM_020,119,PAIR_00119,BM-237,BM-222,BM-222,,0.217248963876395
SIM_020,120,PAIR_00120,BM-211,BM-221,BM-211,,0.7056882563938565
SIM_020,121,PAIR_00121,BM-217,BM-228,BM-217,,0.30935894027404387
SIM_020,122,PAIR_00122,BM-212,BM-224,BM-212,,0.2512902538392436
SIM_020,123,PAIR_00123,BM-239,BM-218,BM-218,,0.21286764940304412
SIM_020,124,PAIR_00124,BM-227,BF-255,BF-255,,0.53195615808631
SIM_020,125,PAIR_00125,BM-236,BF-007,BM-236,,0.7145985761171072
SIM_020,126,PAIR_00126,BM-223,BM-211,BM-211,,0.3838933329441322
SIM_020,127,PAIR_00127,BM-231,BM-212,BM-231,,0.7807608319292152
SIM_020,128,PAIR_00128,BM-219,BM-214,BM-219,,0.6569995404963171
SIM_020,129,PAIR_00129,BM-236,BF-242,BM-236,,0.9057254918377985
SIM_020,130,PAIR_00130,BM-213,BM-222,BM-222,,0.08095655714746094
SIM_020,131,PAIR_00131,BM-226,BM-221,BM-221,,0.2640714551215016
SIM_020,132,PAIR_00132,BF-007,BF-255,BF-007,,0.3903754955686164
SIM_020,133,PAIR_00133,BM-216,BM-237,BM-237,,0.5343777554152823
SIM_020,134,PAIR_00134,BM-239,BM-217,BM-217,,0.6046112198850913
SIM_020,135,PAIR_00135,BM-215,BM-225,BM-215,,0.3351477454818891
SIM_020,136,PAIR_00136,BM-229,BM-218,BM-218,,0.25649614064364357
SIM_020,137,PAIR_00137,BM-224,BM-227,BM-227,,0.14959987243631057
SIM_020,138,PAIR_00138,BM-228,BF-007,BM-228,,0.41225696256436
SIM_020,139,PAIR_00139,BM-216,BM-236,BM-236,,0.2245504545236615
SIM_020,140,PAIR_00140,BM-218,BM-217,BM-218,,0.8497244999092971
SIM_020,141,PAIR_00141,BM-231,BM-229,BM-229,,0.37846534003523
SIM_020,142,PAIR_00142,BM-237,BM-214,BM-237,,0.42987286313774875
SIM_020,143,PAIR_00143,BF-242,BM-227,BM-227,,0.12803625194772436
SIM_020,144,PAIR_00144,BM-219,BM-224,BM-219,,0.8371378204852085
SIM_020,145,PAIR_00145,BM-211,BF-255,BM-211,,0.5473857435404343
SIM_020,146,PAIR_00146,BM-225,BM-223,BM-225,,0.4753304079297246
SIM_020,147,PAIR_00147,BM-222,BM-221,BM-222,,0.7429218072548591
SIM_020,148,PAIR_00148,BM-212,BM-213,BM-213,,0.343247453131141
SIM_020,149,PAIR_00149,BM-239,BM-226,BM-239,,0.6296124959858393
SIM_020,150,PAIR_00150,BM-228,BM-215,BM-228,,0.5661884331139478
SIM_020,151,PAIR_00151,BM-226,BM-231,BM-231,,0.43095568282384794
SIM_020,152,PAIR_00152,BM-217,BM-227,BM-227,,0.15039655126629822
SIM_020,153,PAIR_00153,BM-239,BM-236,BM-236,,0.1609915146051335
SIM_020,154,PAIR_00154,BF-255,BM-229,BF-255,,0.7181520469739519
SIM_020,155,PAIR_00155,BM-237,BM-223,BM-237,,0.3493178947989133
SIM_020,156,PAIR_00156,BM-224,BM-225,BM-225,,0.22652408676368152
SIM_020,157,PAIR_00157,BM-222,BF-242,BM-222,,0.8972674817394369
SIM_020,158,PAIR_00158,BM-211,BM-215,BM-215,,0.778476014177606
SIM_020,159,PAIR_00159,BM-214,BM-228,BM-214,,0.5443249145087194
SIM_020,160,PAIR_00160,BF-007,BM-212,BF-007,,0.9051455603350077
SIM_020,161,PAIR_00161,BM-221,BM-218,BM-221,,0.3071734138642074
SIM_020,162,PAIR_00162,BM-213,BM-215,BM-215,,0.27171535970268296
SIM_020,163,PAIR_00163,BM-222,BM-216,BM-222,,0.7584210486984893
SIM_020,164,PAIR_00164,BM-226,BM-219,BM-219,,0.14973582300182697
SIM_020,165,PAIR_00165,BF-242,BM-219,BM-219,,0.1397009443711754
SIM_020,166,PAIR_00166,BM-239,BM-212,BM-239,,0.8209368081505211
SIM_020,167,PAIR_00167,BM-224,BM-231,BM-231,,0.455527110474699
SIM_020,168,PAIR_00168,BF-255,BM-221,BM-221,,0.664724591609599
SIM_020,169,PAIR_00169,BM-214,BM-211,BM-214,,0.3073102650961119
SIM_020,170,PAIR_00170,BM-225,BM-237,BM-237,,0.6279144817815363
SIM_020,171,PAIR_00171,BM-236,BM-223,BM-223,,0.6802741559998849
SIM_020,172,PAIR_00172,BM-217,BM-229,BM-229,,0.33890413853700446
SIM_020,173,PAIR_00173,BM-227,BM-216,BM-227,,0.7099726993206014
SIM_020,174,PAIR_00174,BM-213,BM-228,BM-228,,0.22231027439100884
SIM_020,175,PAIR_00175,BM-218,BF-007,BM-218,,0.6398425641938011
SIM_020,176,PAIR_00176,BM-216,BF-007,BF-007,,0.4203057864236588
SIM_020,177,PAIR_00177,BM-226,BM-217,BM-226,,0.47356500376324917
SIM_020,178,PAIR_00178,BF-255,BM-219,BM-219,,0.4931652408467495
SIM_020,179,PAIR_00179,BM-223,BM-231,BM-231,,0.7592256577132775
SIM_020,180,PAIR_00180,BM-213,BM-239,BM-239,,0.2944534790660408
SIM_020,181,PAIR_00181,BM-214,BM-227,BM-214,,0.3206884215984604
SIM_020,182,PAIR_00182,BM-212,BM-237,BM-237,,0.1422769554917922
SIM_020,183,PAIR_00183,BM-218,BM-224,BM-218,,0.8505206503266772
SIM_020,184,PAIR_00184,BM-228,BM-222,BM-222,,0.23556193822118957
SIM_020,185,PAIR_00185,BF-242,BM-225,BM-225,,0.19643367405875783
SIM_020,186,PAIR_00186,BM-215,BM-221,BM-221,,0.40557872439933085
SIM_020,187,PAIR_00187,BM-229,BM-211,BM-229,,0.2450060041102735
SIM_020,188,PAIR_00188,BM-236,BM-215,BM-215,,0.8232878750346994
SIM_020,189,PAIR_00189,BM-217,BM-236,BM-236,,0.11149254937650074
SIM_020,190,PAIR_00190,BM-213,BF-007,BF-007,,0.1670199276460357
SIM_020,191,PAIR_00191,BF-242,BM-223,BF-242,,0.181310561075186
SIM_020,192,PAIR_00192,BM-212,BM-211,BM-211,,0.05257037532846488
SIM_020,193,PAIR_00193,BM-224,BM-216,BM-224,,0.30101034586316194
SIM_020,194,PAIR_00194,BM-228,BM-229,BM-228,,0.5336830207039965
SIM_020,195,PAIR_00195,BM-237,BM-226,BM-237,,0.6909048845448961
SIM_020,196,PAIR_00196,BM-218,BF-255,BM-218,,0.5321921015517458
SIM_020,197,PAIR_00197,BM-221,BM-227,BM-227,,0.3073751326137769
SIM_020,198,PAIR_00198,BM-219,BM-225,BM-225,,0.6008579426588972
SIM_020,199,PAIR_00199,BM-239,BM-214,BM-214,,0.36443452115951475
SIM_020,200,PAIR_00200,BM-231,BM-222,BM-222,,0.14085935233764144
SIM_020,201,PAIR_00201,BM-215,BM-217,BM-215,,0.6310680135639577
SIM_020,202,PAIR_00202,BM-222,BM-224,BM-222,,0.8793759336275948
SIM_020,203,PAIR_00203,BF-255,BM-214,BF-255,,0.6508120994774664
SIM_020,204,PAIR_00204,BM-228,BM-219,BM-219,,0.3041278356745797
SIM_020,205,PAIR_00205,BM-229,BM-221,BM-229,,0.437603698557496
SIM_020,206,PAIR_00206,BM-226,BM-218,BM-218,,0.13725477278924952
SIM_020,207,PAIR_00207,BM-225,BM-216,BM-216,,0.5952114627748064
SIM_020,208,PAIR_00208,BM-211,BM-237,BM-211,,0.7493397780868819
SIM_020,209,PAIR_00209,BM-239,BM-231,BM-231,,0.5628167694682431
SIM_020,210,PAIR_00210,BM-213,BM-236,BM-236,,0.07414322575223149
SIM_020,211,PAIR_00211,BF-007,BF-242,BF-007,,0.793261986734821
SIM_020,212,PAIR_00212,BM-212,BM-223,BM-223,,0.08176947027292372
SIM_020,213,PAIR_00213,BM-227,BM-211,BM-211,,0.48447638700912915
SIM_020,214,PAIR_00214,BM-216,BM-217,BM-217,,0.6976733103767735
SIM_020,215,PAIR_00215,BM-219,BM-227,BM-219,,0.4748566345512353
SIM_020,216,PAIR_00216,BM-214,BM-218,BM-218,,0.3204820085092622
SIM_020,217,PAIR_00217,BM-237,BM-215,BM-237,,0.5403404035999196
SIM_020,218,PAIR_00218,BM-236,BM-226,BM-236,,0.8985689276258495
SIM_020,219,PAIR_00219,BM-224,BM-228,BM-228,,0.30802549607309854
SIM_020,220,PAIR_00220,BM-231,BF-242,BF-242,,0.5888115508887632
SIM_020,221,PAIR_00221,BM-225,BF-255,BF-255,,0.4057168439867916
SIM_020,222,PAIR_00222,BM-221,BF-007,BM-221,,0.44061009653969924
SIM_020,223,PAIR_00223,BM-212,BM-229,BM-229,,0.1460189214358076
SIM_020,224,PAIR_00224,BM-222,BM-239,BM-222,,0.8257166177944669
SIM_020,225,PAIR_00225,BM-223,BM-213,BM-213,,0.8544189721459678
SIM_020,226,PAIR_00226,BM-221,BM-228,BM-221,,0.5289567135647587
SIM_020,227,PAIR_00227,BM-215,BF-007,BF-007,,0.34956322046724636
SIM_020,228,PAIR_00228,BF-255,BM-231,BM-231,,0.8071163599244839
SIM_020,229,PAIR_00229,BM-219,BM-223,BM-223,,0.5769542374218426
SIM_020,230,PAIR_00230,BM-218,BM-213,BM-218,,0.8985829210390318
SIM_020,231,PAIR_00231,BM-226,BM-216,BM-216,,0.2804800925353363
SIM_020,232,PAIR_00232,BM-225,BM-214,BM-225,,0.5599379861217109
SIM_020,233,PAIR_00233,BM-227,BM-229,BM-227,,0.7433230907449867
SIM_020,234,PAIR_00234,BM-224,BM-239,BM-239,,0.3938960078122809
SIM_020,235,PAIR_00235,BM-212,BM-217,BM-217,,0.2501164607503142
SIM_020,236,PAIR_00236,BM-236,BM-237,BM-236,,0.7985201491919167
SIM_020,237,PAIR_00237,BM-211,BF-242,BM-211,,0.8787396547598036
SIM_020,238,PAIR_00238,BM-218,BM-222,BM-218,,0.43835442419306125
SIM_020,239,PAIR_00239,BM-227,BM-222,BM-227,,0.4381211207784558
SIM_020,240,PAIR_00240,BM-229,BF-242,BM-229,,0.7016404399947652
SIM_020,241,PAIR_00241,BM-211,BM-231,BM-211,,0.8350011035534172
SIM_020,242,PAIR_00242,BM-213,BM-225,BM-225,,0.15830018632255818
SIM_020,243,PAIR_00243,BM-228,BF-255,BM-228,,0.3099448578523684
SIM_020,244,PAIR_00244,BM-223,BM-226,BM-223,,0.8063385161216202
SIM_020,245,PAIR_00245,BM-212,BM-215,BM-215,,0.1631748808952223
SIM_020,246,PAIR_00246,BM-221,BM-237,BM-237,,0.5549175947981636
SIM_020,247,PAIR_00247,BM-219,BM-239,BM-219,,0.7696116648813172
SIM_020,248,PAIR_00248,BM-216,BM-214,BM-216,,0.46390252138950805
SIM_020,249,PAIR_00249,BM-236,BM-224,BM-236,,0.8891249417513256
SIM_020,250,PAIR_00250,BM-217,BF-007,BF-007,,0.23907435981385444
SIM_020,251,PAIR_00251,BM-212,BM-228,BM-228,,0.1299829775347618
SIM_020,252,PAIR_00252,BM-217,BM-225,BM-225,,0.22762076888279198
SIM_020,253,PAIR_00253,BM-236,BM-219,BM-236,,0.6093901347663366
SIM_020,254,PAIR_00254,BM-218,BF-242,BM-218,,0.872069511853059
SIM_020,255,PAIR_00255,BM-226,BM-214,BM-226,,0.2522358602332104
SIM_020,256,PAIR_00256,BF-255,BM-213,BF-255,,0.886213166818921
SIM_020,257,PAIR_00257,BM-227,BM-239,BM-227,,0.7869735199346419
SIM_020,258,PAIR_00258,BM-229,BM-222,BM-229,,0.21213505355168763
SIM_020,259,PAIR_00259,BM-224,BM-223,BM-223,,0.20968887622430654
SIM_020,260,PAIR_00260,BM-216,BM-231,BM-231,,0.6601871626425073
SIM_020,261,PAIR_00261,BM-211,BF-007,BF-007,,0.6538142109888488
SIM_020,262,PAIR_00262,BM-215,BM-222,BM-222,,0.19100644193377725
SIM_020,263,PAIR_00263,BM-237,BM-218,BM-218,,0.2623233935218685
SIM_020,264,PAIR_00264,BM-221,BM-217,BM-221,,0.7148535166790715
SIM_020,265,PAIR_00265,BM-231,BM-237,BM-237,,0.3713569069910973
SIM_020,266,PAIR_00266,BM-228,BM-226,BM-226,,0.7127866217890074
SIM_020,267,PAIR_00267,BM-236,BM-221,BM-221,,0.7606981020969623
SIM_020,268,PAIR_00268,BM-239,BM-215,BM-239,,0.4720079919409225
SIM_020,269,PAIR_00269,BM-216,BM-211,BM-211,,0.27740590065037546
SIM_020,270,PAIR_00270,BF-255,BF-242,BF-255,,0.8569806375300371
SIM_020,271,PAIR_00271,BM-223,BM-214,BM-223,,0.5841101020402096
SIM_020,272,PAIR_00272,BM-225,BF-007,BM-225,,0.5160029583577592
SIM_020,273,PAIR_00273,BM-229,BM-219,BM-219,,0.2763470748582293
SIM_020,274,PAIR_00274,BM-213,BM-224,BM-224,,0.3910532598856224
SIM_020,275,PAIR_00275,BF-007,BM-227,BF-007,,0.3603758504743594
SIM_020,276,PAIR_00276,BM-236,BM-212,BM-236,,0.959827717024812
SIM_020,277,PAIR_00277,BM-237,BM-224,BM-237,,0.6692429390672207
SIM_020,278,PAIR_00278,BF-242,BM-216,BF-242,,0.2644078645825088
SIM_020,279,PAIR_00279,BM-215,BM-227,BM-227,,0.23242066634806705
SIM_020,280,PAIR_00280,BM-212,BM-221,BM-221,,0.11742272550174405
SIM_020,281,PAIR_00281,BM-231,BM-225,BM-225,,0.25928649124739844
SIM_020,282,PAIR_00282,BM-226,BM-222,BM-222,,0.11045284726338489
SIM_020,283,PAIR_00283,BM-217,BM-213,BM-213,,0.6104336905348509
SIM_020,284,PAIR_00284,BM-239,BM-229,BM-229,,0.4394325204751498
SIM_020,285,PAIR_00285,BF-255,BM-223,BM-223,,0.5702673104810158
SIM_020,286,PAIR_00286,BM-228,BM-211,BM-228,,0.27081518045009806
SIM_020,287,PAIR_00287,BM-222,BM-214,BM-222,,0.7309407531975411
SIM_020,288,PAIR_00288,BM-219,BM-215,BM-215,,0.7491406879013857
SIM_020,289,PAIR_00289,BM-218,BM-231,BM-231,,0.8264003448400584
SIM_020,290,PAIR_00290,BM-223,BM-217,BM-217,,0.7892737414758372
SIM_020,291,PAIR_00291,BM-216,BM-228,BM-216,,0.5082804312428928
SIM_020,292,PAIR_00292,BM-224,BF-255,BF-255,,0.16662420623664836
SIM_020,293,PAIR_00293,BM-226,BM-229,BM-229,,0.3156100905346744
SIM_020,294,PAIR_00294,BM-237,BM-219,BM-237,,0.28245398664576415
SIM_020,295,PAIR_00295,BF-242,BM-212,BF-242,,0.7132151985625615
SIM_020,296,PAIR_00296,BM-225,BM-227,BM-225,,0.37526396834976317
SIM_020,297,PAIR_00297,BM-214,BM-221,BM-214,,0.5154475086916739
SIM_020,298,PAIR_00298,BM-218,BM-236,BM-218,,0.4150461190579815
SIM_020,299,PAIR_00299,BM-211,BM-213,BM-211,,0.9040228264809127
SIM_020,300,PAIR_00300,BF-007,BM-239,BF-007,,0.6754730993723337
